Month,Year,Game,Avg. Players,Gain,% Gain,Peak Players,App ID,_Month_original_steam,Rank,Hours_watched,Hours_streamed,Peak_viewers,Peak_channels,Streamers,Avg_viewers,Avg_channels,Avg_viewer_ratio
1,2019,7 Days to Die,13387.06,-383.31,-2.78%,26707,251570,Jan-19,89,989160,76728,14526,189,6786,1331,103,12.89
1,2019,ARK: Survival Evolved,36177.7,-6814.44,-15.85%,58388,346110,Jan-19,74,1310110,128801,9817,320,11064,1763,173,10.17
1,2019,Arma 3,15240.37,1686.08,12.44%,29454,107410,Jan-19,129,580513,62766,12586,268,6659,781,84,9.25
1,2019,Beat Saber,1827.12,294.72,19.23%,4004,620980,Jan-19,169,414777,44562,9966,126,11768,558,59,9.31
1,2019,Borderlands 2,8385.63,766.61,10.06%,16585,49520,Jan-19,144,515752,40049,7739,122,6971,694,53,12.88
1,2019,Celeste,751.57,295.87,64.93%,1938,504230,Jan-19,115,706278,22740,170522,84,5016,950,30,31.06
1,2019,Counter-Strike: Global Offensive,401366.87,5857.61,1.48%,684511,730,Jan-19,5,30778297,1051447,187678,2895,159310,41424,1415,29.27
1,2019,Cuphead,665.16,-15.35,-2.26%,1361,268910,Jan-19,116,679669,10156,184477,40,3504,914,13,66.92
1,2019,DayZ,6394.66,-1491.82,-18.92%,13369,221100,Jan-19,63,1557870,61505,29263,182,6649,2096,82,25.33
1,2019,Dead by Daylight,22079.07,2356.53,11.95%,41441,381210,Jan-19,17,11094559,492980,61337,1087,51812,14932,663,22.51
1,2019,Don't Starve Together,8511.97,-791.8,-8.51%,17807,322330,Jan-19,135,562352,27917,5319,74,4300,756,37,20.14
1,2019,Dota 2,475747,36379.17,8.28%,874888,570,Jan-19,4,46512393,546394,444825,1462,42722,62600,735,85.13
1,2019,Dying Light,4284.65,-389.11,-8.33%,9481,239140,Jan-19,174,396555,19980,12501,59,4713,533,26,19.85
1,2019,Euro Truck Simulator 2,19168.42,-949.16,-4.72%,40295,227300,Jan-19,112,750647,71109,31468,266,10364,1010,95,10.56
1,2019,Europa Universalis IV,12853.63,320.7,2.56%,23109,236850,Jan-19,196,328095,12189,3063,49,1152,441,16,26.92
1,2019,FINAL FANTASY XIV Online,8077.58,1893.26,30.61%,14841,39210,Jan-19,66,1458603,141456,9388,628,11256,1963,190,10.31
1,2019,Farming Simulator 19,10490.88,-4295.41,-29.05%,22991,787860,Jan-19,134,571145,51809,5629,185,5372,768,69,11.02
1,2019,Football Manager 2019,41459.08,4882.61,13.35%,74626,872790,Jan-19,107,766326,18576,14346,65,1528,1031,25,41.25
1,2019,For Honor,5605.19,-183.96,-3.18%,15529,304390,Jan-19,125,618528,48178,33637,292,8698,832,64,12.84
1,2019,Garry's Mod,29084.3,3377.27,13.14%,53218,4000,Jan-19,79,1169839,27322,96345,117,7565,1574,36,42.82
1,2019,Grand Theft Auto V,59851.2,4209.87,7.57%,118210,271590,Jan-19,14,12142875,401455,70951,1190,57405,16343,540,30.25
1,2019,Grand Theft Auto: San Andreas,959.25,98.75,11.48%,1806,12120,Jan-19,136,551325,17067,10490,54,3426,742,22,32.3
1,2019,Hearts of Iron IV,15097.19,1462.15,10.72%,27330,394360,Jan-19,178,390225,11852,6239,48,1719,525,15,32.92
1,2019,Hollow Knight,2818.71,620.97,28.25%,4599,367520,Jan-19,108,763735,33989,158040,88,5107,1027,45,22.47
1,2019,Kenshi,5114.31,1446.94,39.45%,8358,233860,Jan-19,104,789361,14935,19132,60,1226,1062,20,52.85
1,2019,Knight Online,2271.19,81.06,3.70%,3519,389430,Jan-19,59,1711458,20064,23954,143,1463,2303,27,85.3
1,2019,MapleStory,837.63,-93.76,-10.07%,1296,216150,Jan-19,113,723101,40140,6221,104,3276,973,54,18.01
1,2019,Monster Hunter: World,42307.88,4337.19,11.42%,97088,582010,Jan-19,56,1756299,165608,13437,487,23506,2363,222,10.61
1,2019,Mortal Kombat X,1666.54,626.13,60.18%,5284,307780,Jan-19,165,429288,22646,14009,75,7815,577,30,18.96
1,2019,Paladins,15018.07,137.6,0.92%,28070,444090,Jan-19,117,670557,83089,4663,216,15280,902,111,8.07
1,2019,Path of Exile,36766.27,-14555.61,-28.36%,77233,238960,Jan-19,20,9575782,217870,35204,624,15886,12887,293,43.95
1,2019,Portal 2,2466.62,-41.3,-1.65%,5808,620,Jan-19,185,366376,13007,18961,51,3995,493,17,28.17
1,2019,Raft,2102.82,585.84,38.62%,6335,648800,Jan-19,167,418958,13911,30357,78,3533,563,18,30.12
1,2019,Realm Royale,3011.53,823.65,37.65%,8271,813820,Jan-19,106,774315,143176,5405,1115,29316,1042,192,5.41
1,2019,Resident Evil 2,40205.7,-,-,74024,883710,Jan-19,13,16394917,449333,314244,6488,70644,22065,604,36.49
1,2019,Resident Evil 2,40205.7,-,-,74024,883710,Jan-19,130,578746,16569,38429,285,5441,778,22,34.93
1,2019,Resident Evil 4,583.36,281.95,93.54%,1197,254700,Jan-19,192,341379,21692,14457,86,3995,459,29,15.74
1,2019,RimWorld,11907.63,1810.21,17.93%,18208,294100,Jan-19,124,627795,31089,5895,90,3156,844,41,20.19
1,2019,Rocket League,34320.88,-994.65,-2.82%,64262,252950,Jan-19,35,3717864,296047,65788,727,62082,5003,398,12.56
1,2019,Rust,46201.3,3579.02,8.40%,85208,252490,Jan-19,51,2102879,134284,21863,464,14847,2830,180,15.66
1,2019,SMITE,6802.51,118.69,1.78%,12183,386360,Jan-19,48,2161454,124939,13866,331,14319,2909,168,17.3
1,2019,Shadowverse,4510.48,433.07,10.62%,8432,453480,Jan-19,159,455814,17911,2371,56,1275,613,24,25.45
1,2019,Sid Meier's Civilization VI,26721.18,-35.43,-0.13%,47654,289070,Jan-19,140,527179,11380,10096,43,1951,709,15,46.33
1,2019,Slay the Spire,10406.59,2128.45,25.71%,14586,646570,Jan-19,54,1852396,33676,26142,105,5936,2493,45,55.01
1,2019,Stardew Valley,15249.15,4089.03,36.64%,24470,413150,Jan-19,170,413479,50706,6606,127,8805,556,68,8.15
1,2019,Street Fighter V,1603.29,-441.53,-21.59%,2752,310950,Jan-19,77,1208150,38944,10015,92,4401,1626,52,31.02
1,2019,Subnautica,5198.78,1420.49,37.60%,9338,264710,Jan-19,49,2107932,100619,58176,286,16769,2837,135,20.95
1,2019,Terraria,24649.15,6872.72,38.66%,39437,105600,Jan-19,149,504028,45890,34092,125,8087,678,61,10.98
1,2019,The Elder Scrolls Online,12408.4,387.87,3.23%,21996,306130,Jan-19,52,2100781,70539,151951,200,7139,2827,94,29.78
1,2019,The Elder Scrolls V: Skyrim,11019.33,697.41,6.76%,19014,72850,Jan-19,64,1506418,79659,25453,184,11437,2027,107,18.91
1,2019,The Forest,8451.37,255.2,3.11%,18954,242760,Jan-19,80,1168510,75857,53419,267,14313,1572,102,15.4
1,2019,The Isle,2333.88,1209.5,107.57%,5084,376210,Jan-19,122,635800,10137,42317,53,1095,855,13,62.72
1,2019,The Long Dark,2521.32,-178.95,-6.63%,5254,305620,Jan-19,166,426683,17181,33607,58,2569,574,23,24.83
1,2019,The Witcher 3: Wild Hunt,13063.19,1033.47,8.59%,25651,292030,Jan-19,102,805149,52413,29429,149,7831,1083,70,15.36
1,2019,They Are Billions,2566.17,-41.1,-1.58%,4599,644930,Jan-19,147,506761,10650,7022,30,1270,682,14,47.58
1,2019,Tom Clancy's Rainbow Six Siege,79175.76,8310.43,11.73%,137434,359550,Jan-19,16,12104301,923985,106550,2212,141494,16291,1243,13.1
1,2019,Tom Clancy's The Division,5946.89,1244.18,26.46%,13893,365590,Jan-19,105,777353,94116,6797,259,11627,1046,126,8.26
1,2019,VRChat,7185.21,1209.19,20.23%,10908,438100,Jan-19,84,1021907,64505,7688,281,7186,1375,86,15.84
1,2019,Warframe,52754.51,-973.04,-1.81%,82266,230410,Jan-19,61,1576325,154972,51269,330,18142,2121,208,10.17
1,2019,World of Warships,4198.51,439.9,11.70%,7074,552990,Jan-19,58,1748991,59599,7041,162,4891,2353,80,29.35
1,2019,Yu-Gi-Oh! Duel Links,7169.58,1375.6,23.74%,12119,601510,Jan-19,198,325254,11080,4018,39,1616,437,14,29.36
2,2019,7 Days to Die,9413.36,-3973.71,-29.68%,17889,251570,Feb-19,136,445404,48732,5475,154,4604,663,72,9.14
2,2019,A Dance of Fire and Ice,167.21,150.82,920.33%,959,977950,Feb-19,124,509018,5428,19067,48,2071,758,8,93.78
2,2019,ARK: Survival Evolved,32446.72,-3730.98,-10.31%,52697,346110,Feb-19,73,1051476,92867,8805,276,7826,1567,138,11.32
2,2019,ASTRONEER,6993.78,6220.68,804.65%,17891,361420,Feb-19,70,1121449,38527,30583,195,6005,1671,57,29.11
2,2019,Arma 3,15489.4,249.04,1.63%,32582,107410,Feb-19,114,565259,58976,23245,315,6086,842,87,9.58
2,2019,Beat Saber,1474.76,-352.36,-19.28%,2840,620980,Feb-19,160,323844,34966,5635,113,9408,482,52,9.26
2,2019,Borderlands 2,8713.76,328.13,3.91%,16798,49520,Feb-19,72,1054820,43508,22440,266,6300,1572,64,24.24
2,2019,Celeste,438.29,-313.27,-41.68%,784,504230,Feb-19,197,223978,11618,15785,46,2294,333,17,19.28
2,2019,Counter-Strike: Global Offensive,371358.96,-30007.91,-7.48%,654069,730,Feb-19,6,47256109,744851,524985,2575,120461,70426,1110,63.44
2,2019,DayZ,4862.05,-1532.61,-23.97%,9872,221100,Feb-19,108,618901,37481,3676,136,3701,922,55,16.51
2,2019,Dead Cells,1315.51,-581.44,-30.65%,2293,588650,Feb-19,143,408257,10479,5976,35,2636,608,15,38.96
2,2019,Dead by Daylight,19176.79,-2902.28,-13.14%,37289,381210,Feb-19,18,7292874,359881,50797,999,38382,10868,536,20.26
2,2019,Don't Starve Together,7044.58,-1467.39,-17.24%,14483,322330,Feb-19,151,387465,21024,4208,63,3203,577,31,18.43
2,2019,Dota 2,564909.67,89162.67,18.74%,964921,570,Feb-19,5,50259236,528057,272771,1601,43882,74901,786,95.18
2,2019,Dying Light,5089.89,805.25,18.79%,14044,239140,Feb-19,190,244056,17320,3927,60,4297,363,25,14.09
2,2019,Euro Truck Simulator 2,17181.98,-1986.44,-10.36%,40925,227300,Feb-19,118,542484,62439,5844,270,8385,808,93,8.69
2,2019,Europa Universalis IV,12001.68,-851.95,-6.63%,21939,236850,Feb-19,181,266194,10470,3065,47,1000,396,15,25.42
2,2019,FINAL FANTASY XIV Online,9179.27,1101.69,13.64%,15759,39210,Feb-19,44,2048584,136395,84888,566,11927,3053,203,15.02
2,2019,FTL: Faster Than Light,1151.68,-122.39,-9.61%,2036,212680,Feb-19,175,272747,3701,9813,18,781,406,5,73.7
2,2019,Factorio,8182.2,-189.2,-2.26%,15100,427520,Feb-19,185,257740,18358,2911,85,2106,384,27,14.04
2,2019,Far Cry New Dawn,6019.23,-,-,12369,939960,Feb-19,41,2214031,50860,54881,558,10085,3299,75,43.53
2,2019,Farming Simulator 19,8375.47,-2115.41,-20.16%,18845,787860,Feb-19,152,381603,37528,6500,135,3961,568,55,10.17
2,2019,Football Manager 2019,39015.3,-2443.78,-5.89%,73137,872790,Feb-19,156,334738,14653,10574,62,1211,498,21,22.84
2,2019,For Honor,6325.43,720.25,12.85%,12198,304390,Feb-19,105,636374,81963,7750,290,19687,948,122,7.76
2,2019,Foundation,1405.01,1404.99,6076565.17%,3969,690830,Feb-19,165,312266,7596,29078,40,1256,465,11,41.11
2,2019,Frostpunk,2080.16,114.5,5.83%,5568,323190,Feb-19,178,270688,5652,17334,24,1193,403,8,47.89
2,2019,Garry's Mod,26411.74,-2672.56,-9.19%,49239,4000,Feb-19,171,290574,19213,61884,91,5320,433,28,15.12
2,2019,Grand Theft Auto V,58124.22,-1726.98,-2.89%,119439,271590,Feb-19,11,12816268,356112,76912,1189,46978,19100,530,35.99
2,2019,Grand Theft Auto: San Andreas,867.49,-91.76,-9.57%,1795,12120,Feb-19,127,499486,13539,24068,51,2888,744,20,36.89
2,2019,Hearts of Iron IV,15979.09,881.91,5.84%,43178,394360,Feb-19,100,663912,12213,7449,109,1696,989,18,54.36
2,2019,Hollow Knight,3126.77,308.06,10.93%,5667,367520,Feb-19,103,641536,33076,14935,121,5006,956,49,19.4
2,2019,Hunt: Showdown,1258.13,-301.78,-19.35%,2657,594650,Feb-19,180,268748,16720,23619,65,2242,400,24,16.07
2,2019,Infestation: The New Z,766.91,-78.29,-9.26%,1380,555570,Feb-19,183,262976,8517,3663,30,635,391,12,30.88
2,2019,Kerbal Space Program,3396.06,-331.82,-8.90%,5841,220200,Feb-19,200,215910,8195,4596,30,1198,321,12,26.35
2,2019,Knight Online,1871.76,-399.44,-17.59%,3039,389430,Feb-19,52,1633846,18568,16433,72,1457,2434,27,87.99
2,2019,MapleStory,566.35,-271.29,-32.39%,867,216150,Feb-19,135,449525,33755,3647,95,2506,669,50,13.32
2,2019,Metro Exodus,3170.34,3163.97,49654.11%,11942,412020,Feb-19,20,6329391,143408,154978,1593,20142,9432,213,44.14
2,2019,Monster Hunter: World,30445.04,-11862.84,-28.04%,62427,582010,Feb-19,65,1270447,107656,9659,291,17416,1893,160,11.8
2,2019,Paladins,12828.57,-2189.5,-14.58%,25946,444090,Feb-19,137,444422,54942,19741,189,10641,662,81,8.09
2,2019,Path of Exile,14212.75,-22553.51,-61.34%,33488,238960,Feb-19,31,3289610,74386,21449,237,6259,4902,110,44.22
2,2019,Pummel Party,248.59,-11.97,-4.60%,744,880940,Feb-19,150,389237,3652,38466,36,1428,580,5,106.58
2,2019,Realm Royale,4358.76,1347.24,44.74%,10406,813820,Feb-19,80,978627,143464,21071,1064,28231,1458,213,6.82
2,2019,Resident Evil 2,11281.02,-28924.68,-71.94%,34786,883710,Feb-19,16,7943721,396081,58175,1977,62263,11838,590,20.06
2,2019,RimWorld,11672,-235.63,-1.98%,18211,294100,Feb-19,122,510213,25231,5573,80,2760,760,37,20.22
2,2019,Rocket League,31841.03,-2479.86,-7.23%,62023,252950,Feb-19,30,3768118,233398,62205,734,53636,5615,347,16.14
2,2019,Russian Fishing 4,2521.12,-477.07,-15.91%,3949,766570,Feb-19,188,250985,16724,1693,58,809,374,24,15.01
2,2019,Rust,42431.42,-3769.88,-8.16%,77622,252490,Feb-19,56,1463399,93753,12044,287,10818,2180,139,15.61
2,2019,SMITE,7131.06,328.55,4.83%,14378,386360,Feb-19,50,1684535,103751,10306,299,12248,2510,154,16.24
2,2019,Shadowverse,3813.12,-697.36,-15.46%,9924,453480,Feb-19,166,310290,13929,10160,61,1058,462,20,22.28
2,2019,Sid Meier's Civilization VI,41695.61,14974.43,56.04%,93889,289070,Feb-19,46,1892655,27015,68833,170,3884,2820,40,70.06
2,2019,Slay the Spire,8337.6,-2068.99,-19.88%,12407,646570,Feb-19,63,1302736,22544,22255,65,4094,1941,33,57.79
2,2019,Stardew Valley,12724.38,-2524.77,-16.56%,19330,413150,Feb-19,111,605679,40916,33892,151,7200,902,60,14.8
2,2019,Street Fighter V,1268.97,-334.32,-20.85%,2074,310950,Feb-19,68,1148650,29668,40587,78,3317,1711,44,38.72
2,2019,Subnautica,6898.38,1699.6,32.69%,19035,264710,Feb-19,79,982062,60609,25338,275,10552,1463,90,16.2
2,2019,Subnautica: Below Zero,1478.08,-,-,7468,848450,Feb-19,167,310157,12456,30425,168,4397,462,18,24.9
2,2019,Terraria,20350.48,-4298.68,-17.44%,34169,105600,Feb-19,168,308084,33346,2235,105,5808,459,49,9.24
2,2019,The Elder Scrolls Online,13429.59,1021.19,8.23%,24158,306130,Feb-19,53,1624235,63501,24707,190,6219,2420,94,25.58
2,2019,The Elder Scrolls V: Skyrim,9795.39,-1223.94,-11.11%,18311,72850,Feb-19,96,743741,63082,11325,165,9470,1108,94,11.79
2,2019,The Forest,6335.81,-2115.56,-25.03%,17363,242760,Feb-19,158,328630,47540,7264,204,9280,489,70,6.91
2,2019,The Isle,3471.5,1137.63,48.74%,5785,376210,Feb-19,64,1287685,24101,49466,81,1958,1919,35,53.43
2,2019,The Witcher 3: Wild Hunt,14526.67,1463.48,11.20%,33762,292030,Feb-19,130,484263,44450,12978,148,7030,721,66,10.89
2,2019,They Are Billions,2095.89,-470.27,-18.33%,3628,644930,Feb-19,184,260095,7397,9365,29,945,387,11,35.16
2,2019,Tom Clancy's Rainbow Six Siege,72997.66,-6178.1,-7.80%,136018,359550,Feb-19,12,11285996,629487,223099,2244,110696,16819,938,17.93
2,2019,Tom Clancy's The Division,7709.24,1762.35,29.63%,20988,365590,Feb-19,129,486722,77389,5256,240,11079,725,115,6.29
2,2019,VRChat,6407.04,-778.17,-10.83%,9627,438100,Feb-19,91,799524,51035,7763,184,5532,1191,76,15.67
2,2019,Warframe,46224.26,-6530.25,-12.38%,74472,230410,Feb-19,71,1090074,105765,47085,273,12503,1624,157,10.31
2,2019,World of Warships,4216.15,17.64,0.42%,8439,552990,Feb-19,57,1463396,47249,7362,139,4099,2180,70,30.97
2,2019,Yakuza 0,1250.32,-199.7,-13.77%,2087,638970,Feb-19,182,263180,11991,5184,40,1513,392,17,21.95
2,2019,Yu-Gi-Oh! Duel Links,6689.9,-479.68,-6.69%,10063,601510,Feb-19,163,317492,10481,4555,35,1539,473,15,30.29
3,2019,7 Days to Die,8287.09,-1126.27,-11.96%,15385,251570,Mar-19,156,400180,48803,4767,131,4816,538,65,8.2
3,2019,A Dance of Fire and Ice,599.73,432.52,258.67%,3115,977950,Mar-19,158,395310,8576,22735,62,3595,532,11,46.09
3,2019,ARK: Survival Evolved,33546.95,1100.23,3.39%,56169,346110,Mar-19,75,1042250,114138,5162,330,9411,1402,153,9.13
3,2019,ASTRONEER,3449.83,-3543.95,-50.67%,8482,361420,Mar-19,122,550548,21059,6420,75,3473,740,28,26.14
3,2019,Arma 3,14236.16,-1253.24,-8.09%,28270,107410,Mar-19,86,891582,63597,37017,309,6288,1199,85,14.02
3,2019,Beat Saber,1470.04,-4.72,-0.32%,2846,620980,Mar-19,174,341423,40226,6844,128,10464,459,54,8.49
3,2019,Borderlands 2,9850.03,1136.26,13.04%,44256,49520,Mar-19,101,708859,50301,93933,361,9779,954,67,14.09
3,2019,Cities: Skylines,10515.14,433.61,4.30%,24892,255710,Mar-19,197,262460,17562,4963,58,3358,353,23,14.94
3,2019,Conan Exiles,9081.07,4404.38,94.18%,22210,440900,Mar-19,119,560781,34693,5598,126,3238,754,46,16.16
3,2019,Counter-Strike: Global Offensive,390240.16,18881.2,5.08%,680071,730,Mar-19,7,35411834,913794,833440,2509,134809,47660,1229,38.75
3,2019,Dawn of Man,5539.65,-,-,23738,858810,Mar-19,112,613272,15783,31980,110,2465,825,21,38.86
3,2019,DayZ,5060.83,198.78,4.09%,9641,221100,Mar-19,100,711391,43206,7180,138,4274,957,58,16.47
3,2019,Dead by Daylight,16380.76,-2796.03,-14.58%,26669,381210,Mar-19,18,8316951,399755,35758,1042,39926,11193,538,20.81
3,2019,Devil May Cry 5,14749.6,-,-,88735,601150,Mar-19,22,6436745,252934,140428,2636,37492,8663,340,25.45
3,2019,Don't Starve Together,6905.83,-138.75,-1.97%,14841,322330,Mar-19,120,560749,27170,9277,92,3772,754,36,20.64
3,2019,Dota 2,586505.85,21596.18,3.82%,1033925,570,Mar-19,6,50333147,563468,357971,1456,47351,67743,758,89.33
3,2019,Euro Truck Simulator 2,16045.36,-1136.62,-6.62%,37381,227300,Mar-19,124,541083,74406,13346,311,8931,728,100,7.27
3,2019,Europa Universalis IV,11554.37,-447.3,-3.73%,21663,236850,Mar-19,155,406289,11717,4930,44,1010,546,15,34.68
3,2019,FINAL FANTASY XIV Online,9418.24,238.97,2.60%,16535,39210,Mar-19,43,2395613,157226,132239,534,12554,3224,211,15.24
3,2019,Factorio,11700.51,3518.31,43.00%,22317,427520,Mar-19,171,353528,28019,3549,108,3123,475,37,12.62
3,2019,Far Cry New Dawn,2668.28,-3350.95,-55.67%,6703,939960,Mar-19,195,266051,26660,11016,131,7004,358,35,9.98
3,2019,Farming Simulator 19,7630.94,-744.53,-8.89%,16491,787860,Mar-19,139,463953,35656,11869,118,3863,624,47,13.01
3,2019,Football Manager 2019,37931.63,-1083.67,-2.78%,65388,872790,Mar-19,180,316428,16945,7225,63,1274,425,22,18.67
3,2019,For Honor,5031.46,-1293.97,-20.46%,8897,304390,Mar-19,144,431300,59108,4834,169,12689,580,79,7.3
3,2019,Garry's Mod,25679.06,-732.68,-2.77%,48267,4000,Mar-19,194,272891,21893,10530,86,6022,367,29,12.46
3,2019,Golf It!,352.3,-11.68,-3.21%,814,571740,Mar-19,198,260457,3426,30477,23,1509,350,4,76.02
3,2019,Grand Theft Auto V,60229.66,2105.44,3.62%,126518,271590,Mar-19,3,61516480,535486,304053,1593,66347,82794,720,114.88
3,2019,Grand Theft Auto: San Andreas,781.57,-85.92,-9.90%,1472,12120,Mar-19,159,393879,16946,7597,67,3517,530,22,23.24
3,2019,Grim Dawn,4919.88,1098.51,28.75%,19435,219990,Mar-19,153,414371,14903,12774,161,1497,557,20,27.8
3,2019,Hearts of Iron IV,20149.73,4170.64,26.10%,46806,394360,Mar-19,135,481427,16736,6938,87,2129,647,22,28.77
3,2019,Hollow Knight,2384.91,-741.85,-23.73%,4843,367520,Mar-19,148,428062,36036,6665,116,5044,576,48,11.88
3,2019,Kenshi,6121.46,2287.35,59.66%,8789,233860,Mar-19,126,503639,12815,11292,39,1417,677,17,39.3
3,2019,Knight Online,1618.16,-253.59,-13.55%,2789,389430,Mar-19,74,1044710,16559,14186,59,1203,1406,22,63.09
3,2019,MapleStory,471.2,-95.15,-16.80%,896,216150,Mar-19,131,489484,33154,7009,88,2454,658,44,14.76
3,2019,Metro Exodus,423.17,-2747.18,-86.65%,1617,412020,Mar-19,71,1095011,59616,13762,304,10958,1473,80,18.37
3,2019,Monster Hunter: World,16683.53,-13761.5,-45.20%,38456,582010,Mar-19,104,674464,72753,2188,161,11754,907,97,9.27
3,2019,Paladins,11935.11,-893.46,-6.96%,22141,444090,Mar-19,142,451826,61844,6901,160,10287,608,83,7.31
3,2019,Path of Exile,35984.73,21771.97,153.19%,111114,238960,Mar-19,15,11866972,279445,99134,2922,19000,15971,376,42.47
3,2019,Pathfinder: Kingmaker,1897.68,175.5,10.19%,3729,640820,Mar-19,111,619640,4183,15692,25,373,833,5,148.13
3,2019,Pummel Party,439.65,191.06,76.86%,1179,880940,Mar-19,138,465796,7643,49317,42,2794,626,10,60.94
3,2019,Realm Royale,2949.97,-1408.8,-32.32%,5699,813820,Mar-19,132,489354,81852,5485,199,11516,658,110,5.98
3,2019,Resident Evil 2,2930.07,-8350.96,-74.03%,7672,883710,Mar-19,52,1868911,114047,30640,398,20856,2515,153,16.39
3,2019,RimWorld,10593.21,-1078.79,-9.24%,15920,294100,Mar-19,107,659217,28206,4717,80,2792,887,37,23.37
3,2019,Rocket League,31435.93,-405.1,-1.27%,61242,252950,Mar-19,36,3634355,265268,37946,720,60668,4891,357,13.7
3,2019,Russian Fishing 4,2462.22,-58.91,-2.34%,3872,766570,Mar-19,189,284330,17723,1102,58,823,382,23,16.04
3,2019,Rust,40725.29,-1706.13,-4.02%,77896,252490,Mar-19,46,2281670,108990,34709,389,11714,3070,146,20.93
3,2019,SMITE,8895.46,1764.4,24.74%,16679,386360,Mar-19,49,2009232,129272,12159,342,14474,2704,173,15.54
3,2019,Shadowverse,3917.05,103.94,2.73%,14206,453480,Mar-19,152,414826,15559,8982,88,1117,558,20,26.66
3,2019,Sid Meier's Civilization VI,35119.27,-6576.34,-15.77%,64714,289070,Mar-19,105,669539,24260,13887,75,3379,901,32,27.6
3,2019,Slay the Spire,6889.35,-1448.25,-17.37%,10303,646570,Mar-19,70,1097796,20305,10831,57,3684,1477,27,54.07
3,2019,Slime Rancher,1319.26,217.01,19.69%,2731,433340,Mar-19,192,279979,36511,23423,251,10243,376,49,7.67
3,2019,Space Engineers,9986.15,6868.54,220.31%,23519,244850,Mar-19,127,501492,25406,6805,91,2800,674,34,19.74
3,2019,Stardew Valley,13166.6,442.22,3.48%,19786,413150,Mar-19,98,731002,58688,8380,146,9349,983,78,12.46
3,2019,Street Fighter V,1175.12,-93.85,-7.40%,1900,310950,Mar-19,45,2315502,31213,55515,88,3441,3116,42,74.18
3,2019,Subnautica,3157.23,-3741.15,-54.23%,7248,264710,Mar-19,77,1013746,39976,26474,129,6690,1364,53,25.36
3,2019,Tabletop Simulator,1971.27,-183.41,-8.51%,4478,286160,Mar-19,193,276404,6832,16406,32,1810,372,9,40.46
3,2019,Terraria,17475.32,-2875.15,-14.13%,28659,105600,Mar-19,164,379615,36074,13862,98,6100,510,48,10.52
3,2019,The Elder Scrolls Online,13616.49,186.91,1.39%,31851,306130,Mar-19,53,1819193,73762,18822,205,6916,2448,99,24.66
3,2019,The Elder Scrolls V: Skyrim,9289.71,-505.68,-5.16%,16266,72850,Mar-19,121,560721,68943,10838,173,10354,754,92,8.13
3,2019,The Forest,4310.37,-2025.45,-31.97%,8634,242760,Mar-19,181,315255,43055,6990,156,8656,424,57,7.32
3,2019,The Witcher 3: Wild Hunt,10877.01,-3649.67,-25.12%,23575,292030,Mar-19,116,578997,51074,13004,151,7219,779,68,11.34
3,2019,They Are Billions,1841.31,-254.59,-12.15%,3092,644930,Mar-19,114,599709,7838,12133,26,944,807,10,76.51
3,2019,Tom Clancy's Rainbow Six Siege,69588.02,-3409.64,-4.67%,134776,359550,Mar-19,16,9049788,792698,74941,2113,122920,12180,1066,11.42
3,2019,UNO,317.13,-3.96,-1.23%,1718,470220,Mar-19,167,369607,5402,121632,46,3598,497,7,68.42
3,2019,VRChat,6375.02,-32.03,-0.50%,9969,438100,Mar-19,73,1087746,55885,21051,179,5875,1463,75,19.46
3,2019,War Thunder,13475.33,1360.79,11.23%,23410,236390,Mar-19,196,262845,36381,2361,114,4961,353,48,7.22
3,2019,Warframe,62800.49,16576.23,35.86%,115102,230410,Mar-19,54,1811886,138906,47990,323,14504,2438,186,13.04
3,2019,World of Warships,4168.37,-47.79,-1.13%,7582,552990,Mar-19,60,1501424,51961,7274,144,4355,2020,69,28.9
3,2019,Yu-Gi-Oh! Duel Links,7074.4,384.5,5.75%,11305,601510,Mar-19,187,295245,11496,3942,45,1573,397,15,25.68
4,2019,7 Days to Die,7145.29,-1141.81,-13.78%,12890,251570,Apr-19,188,298469,42774,1100,132,4432,415,59,6.98
4,2019,ARK: Survival Evolved,32627.89,-919.06,-2.74%,54895,346110,Apr-19,73,1181005,115444,4666,309,9601,1642,160,10.23
4,2019,Albion Online,5879.83,5549.36,1679.22%,13312,761890,Apr-19,108,688748,46886,5039,160,5301,957,65,14.69
4,2019,Arma 3,13709.37,-526.79,-3.70%,27708,107410,Apr-19,94,800342,57576,12197,282,6032,1113,80,13.9
4,2019,Beat Saber,1225.13,-244.91,-16.66%,2164,620980,Apr-19,186,299444,34661,18248,107,9265,416,48,8.64
4,2019,Borderlands 2,24517.61,14667.58,148.91%,59333,49520,Apr-19,67,1312009,121828,12277,441,22465,1824,169,10.77
4,2019,Cities: Skylines,11192.7,677.56,6.44%,20503,255710,Apr-19,140,460173,18851,12529,57,3644,640,26,24.41
4,2019,Conan Exiles,7574.43,-1506.64,-16.59%,13416,440900,Apr-19,89,865934,113841,4222,351,16225,1204,158,7.61
4,2019,Counter-Strike: Global Offensive,351989.92,-38250.24,-9.80%,621614,730,Apr-19,6,30853367,845555,313013,2295,127669,42911,1176,36.49
4,2019,DayZ,6639.16,1578.33,31.19%,13118,221100,Apr-19,66,1372070,59456,29260,178,6435,1908,82,23.08
4,2019,Dead by Daylight,16960.01,579.26,3.54%,34038,381210,Apr-19,16,8217973,402932,42579,914,42838,11429,560,20.4
4,2019,Devil May Cry 5,2354.2,-12395.39,-84.04%,9863,601150,Apr-19,171,326924,41651,15507,212,9700,454,57,7.85
4,2019,Don't Starve Together,7419.31,513.49,7.44%,14782,322330,Apr-19,163,366130,24522,7530,74,3716,509,34,14.93
4,2019,Dota 2,520218.98,-66286.87,-11.30%,971545,570,Apr-19,7,29498775,450484,146659,1330,36752,41027,626,65.48
4,2019,Enter the Gungeon,6488.05,5179.69,395.89%,13043,311690,Apr-19,61,1554677,41401,28321,178,8651,2162,57,37.55
4,2019,Euro Truck Simulator 2,14678.95,-1366.42,-8.52%,30514,227300,Apr-19,144,447864,64691,6887,251,8614,622,89,6.92
4,2019,FINAL FANTASY XIV Online,9762.8,344.56,3.66%,16750,39210,Apr-19,47,1932550,161263,15815,564,13186,2687,224,11.98
4,2019,Farming Simulator 19,7499.82,-131.11,-1.72%,16621,787860,Apr-19,182,309582,34473,6951,121,3850,430,47,8.98
4,2019,Football Manager 2019,36253.06,-1678.57,-4.43%,63163,872790,Apr-19,177,316762,15076,19657,62,1250,440,20,21.01
4,2019,For Honor,4786.4,-245.06,-4.87%,8582,304390,Apr-19,142,458205,48204,23641,137,9817,637,67,9.51
4,2019,Forager,8224.37,-,-,13403,751780,Apr-19,62,1476853,31510,40990,193,5046,2054,43,46.87
4,2019,Friday the 13th: The Game,302,-0.98,-0.32%,673,438740,Apr-19,165,361016,20614,26566,105,4734,502,28,17.51
4,2019,Garry's Mod,25250.17,-428.89,-1.67%,48291,4000,Apr-19,135,496350,22189,55605,90,5871,690,30,22.37
4,2019,Grand Theft Auto V,48502.28,-11727.38,-19.47%,91586,271590,Apr-19,3,83055988,727591,256096,1868,79087,115515,1011,114.15
4,2019,Grand Theft Auto: San Andreas,768.73,-12.83,-1.64%,1537,12120,Apr-19,153,396643,17655,12794,53,3565,551,24,22.47
4,2019,Grim Dawn,9024.23,4104.35,83.42%,17438,219990,Apr-19,107,691233,25161,6774,79,2006,961,34,27.47
4,2019,Hollow Knight,1586.18,-798.73,-33.49%,2830,367520,Apr-19,126,553956,26868,10059,76,3786,770,37,20.62
4,2019,Hunt: Showdown,1257.74,-132.33,-9.52%,2663,594650,Apr-19,199,264835,23150,11995,81,2430,368,32,11.44
4,2019,Knight Online,1453.98,-164.19,-10.15%,2371,389430,Apr-19,152,411080,10568,4740,44,795,571,14,38.9
4,2019,MapleStory,479.31,8.11,1.72%,799,216150,Apr-19,134,505935,31947,4079,88,2440,703,44,15.84
4,2019,Monster Hunter: World,19642.64,2959.1,17.74%,51840,582010,Apr-19,91,851807,83985,11118,231,13537,1184,116,10.14
4,2019,Mortal Kombat 11,15420.02,-,-,27301,976310,Apr-19,19,6832396,130963,202719,2195,30095,9502,182,52.17
4,2019,Mount & Blade: Warband,6861.97,216.95,3.26%,12448,48700,Apr-19,111,667529,7709,12854,31,1361,928,10,86.59
4,2019,My Summer Car,562.03,143.98,34.44%,1588,516750,Apr-19,65,1388567,4535,34932,21,649,1931,6,306.19
4,2019,Outward,3291.5,-,-,10015,794260,Apr-19,56,1760360,51218,34644,212,5947,2448,71,34.37
4,2019,Paladins,11621.09,-314.01,-2.63%,22250,444090,Apr-19,133,508419,63377,5268,163,11418,707,88,8.02
4,2019,Path of Exile,18953.84,-17030.89,-47.33%,40773,238960,Apr-19,33,4152340,165354,25487,461,13510,5775,229,25.11
4,2019,Pathfinder: Kingmaker,1828.5,-69.18,-3.65%,3615,640820,Apr-19,103,723548,4396,12222,22,408,1006,6,164.59
4,2019,Pummel Party,279.29,-160.36,-36.47%,739,880940,Apr-19,173,319390,5165,29326,35,2081,444,7,61.84
4,2019,Quake Champions,749.11,10.38,1.41%,1556,611500,Apr-19,176,317175,17270,11594,52,2205,441,24,18.37
4,2019,Realm Royale,2413.71,-536.25,-18.18%,4563,813820,Apr-19,131,525531,77247,6720,193,11003,730,107,6.8
4,2019,Resident Evil 2,1401.41,-1528.65,-52.17%,3365,883710,Apr-19,100,731195,54205,7613,161,10479,1016,75,13.49
4,2019,RimWorld,10633.26,40.04,0.38%,16900,294100,Apr-19,99,754214,25970,10387,70,2634,1048,36,29.04
4,2019,Risk of Rain 2,21406.83,-,-,54085,632360,Apr-19,37,3399597,172229,46400,766,30128,4728,239,19.74
4,2019,Rocket League,32594.36,1158.43,3.69%,67493,252950,Apr-19,24,5366151,263789,67750,710,60861,7463,366,20.34
4,2019,Russian Fishing 4,2240.13,-222.08,-9.02%,3824,766570,Apr-19,187,298996,18914,1636,64,916,415,26,15.81
4,2019,Rust,38200.78,-2524.51,-6.20%,72544,252490,Apr-19,52,1862996,104273,14509,365,11367,2591,145,17.87
4,2019,SMITE,8945.07,49.61,0.56%,16004,386360,Apr-19,50,1877327,128841,11127,349,14557,2611,179,14.57
4,2019,Shadowverse,4181.34,264.29,6.75%,10311,453480,Apr-19,151,412696,15868,6843,59,1261,573,22,26.01
4,2019,Sid Meier's Civilization VI,24275.05,-10844.22,-30.88%,43605,289070,Apr-19,148,428115,13367,8223,45,2038,595,18,32.03
4,2019,Slay the Spire,5467.29,-1422.06,-20.64%,7816,646570,Apr-19,112,666179,14018,7720,38,2786,926,19,47.52
4,2019,Stardew Valley,12541.68,-624.92,-4.75%,19916,413150,Apr-19,102,724044,54475,12749,132,8973,1007,75,13.29
4,2019,Street Fighter V,1377.75,202.63,17.24%,3620,310950,Apr-19,63,1456108,30937,43837,81,3663,2025,43,47.07
4,2019,Terraria,19760.84,2285.52,13.08%,35231,105600,Apr-19,139,462434,37830,17440,114,6851,643,52,12.22
4,2019,The Elder Scrolls IV: Oblivion,1091.95,185.49,20.46%,2104,22330,Apr-19,180,312631,5372,27248,23,907,434,7,58.2
4,2019,The Elder Scrolls Online,16138.11,2521.62,18.52%,28980,306130,Apr-19,42,2366305,85336,22789,219,8130,3291,118,27.73
4,2019,The Elder Scrolls V: Skyrim,9008.53,-281.18,-3.03%,16520,72850,Apr-19,116,637490,67659,8783,184,10359,886,94,9.42
4,2019,The Forest,3668.15,-642.22,-14.90%,7637,242760,Apr-19,147,429393,35647,19933,107,7883,597,49,12.05
4,2019,The Witcher 3: Wild Hunt,12508.73,1631.73,15.00%,33783,292030,Apr-19,137,492038,48317,10922,156,7278,684,67,10.18
4,2019,Tom Clancy's Rainbow Six Siege,61351.45,-8236.56,-11.84%,124989,359550,Apr-19,15,8271980,729483,48981,1791,122071,11504,1014,11.34
4,2019,Totally Accurate Battle Simulator,3748.4,3748.36,9976415.90%,9075,508440,Apr-19,105,715213,5839,33236,34,2275,994,8,122.49
4,2019,Tropico 6,3771.16,3769.97,318997.79%,11907,492720,Apr-19,64,1430320,20519,19312,132,2888,1989,28,69.71
4,2019,UNO,273.08,-44.05,-13.89%,680,470220,Apr-19,183,306182,8741,24327,56,5786,425,12,35.03
4,2019,VRChat,5857.73,-517.29,-8.11%,9106,438100,Apr-19,82,981770,54121,13372,178,5723,1365,75,18.14
4,2019,Warframe,56574.51,-6225.98,-9.91%,107898,230410,Apr-19,70,1300975,133078,45083,326,14433,1809,185,9.78
4,2019,World of Warships,4189.56,21.2,0.51%,8385,552990,Apr-19,57,1757477,54618,17142,166,4796,2444,75,32.18
4,2019,Yu-Gi-Oh! Duel Links,6766.05,-308.35,-4.36%,10139,601510,Apr-19,166,358592,12259,2527,40,1737,498,17,29.25
5,2019,7 Days to Die,7476.93,331.64,4.64%,12812,251570,May-19,130,538330,47376,9592,124,4674,724,63,11.36
5,2019,A Plague Tale: Innocence,1361.84,-,-,3803,752590,May-19,43,2632781,54353,63953,608,7837,3543,73,48.44
5,2019,ARK: Survival Evolved,33224.1,596.22,1.83%,55915,346110,May-19,77,1067262,113014,5442,278,9688,1436,152,9.44
5,2019,Albion Online,6985.28,1105.45,18.80%,12955,761890,May-19,95,805606,49552,3869,144,4535,1084,66,16.26
5,2019,Arma 3,14208.4,499.03,3.64%,28985,107410,May-19,146,456478,56907,22344,265,6158,614,76,8.02
5,2019,Battle Brothers,2040.32,1458.57,250.72%,5565,365360,May-19,157,432555,6723,4894,44,460,582,9,64.34
5,2019,Beat Saber,1285.52,60.39,4.93%,2369,620980,May-19,187,322789,35009,7936,96,9246,434,47,9.22
5,2019,Borderlands 2,13447.98,-11069.63,-45.15%,28233,49520,May-19,71,1224441,70429,16696,219,12185,1647,94,17.39
5,2019,Cities: Skylines,12054.63,861.93,7.70%,23758,255710,May-19,167,406428,19715,7046,64,3701,547,26,20.62
5,2019,Conan Exiles,9549.09,1974.66,26.07%,20449,440900,May-19,138,513616,63899,3402,183,7112,691,86,8.04
5,2019,Counter-Strike: Global Offensive,364417.31,12427.39,3.53%,588453,730,May-19,7,29661382,860011,234864,2268,129622,39921,1157,34.49
5,2019,DayZ,7394.78,755.62,11.38%,15139,221100,May-19,73,1188138,69149,24481,354,8262,1599,93,17.18
5,2019,Dead by Daylight,20564.66,3604.65,21.25%,75044,381210,May-19,17,8467611,425553,56597,998,43860,11396,572,19.9
5,2019,Don't Starve Together,13284.19,5864.88,79.05%,66829,322330,May-19,120,589350,31987,16219,96,5310,793,43,18.42
5,2019,Dota 2,548523.18,28304.2,5.44%,997341,570,May-19,5,46710399,490819,402168,1257,37723,62867,660,95.17
5,2019,Enter the Gungeon,3929.39,-2558.66,-39.44%,7041,311690,May-19,135,523387,23285,7434,68,5224,704,31,22.48
5,2019,Euro Truck Simulator 2,15017.38,338.43,2.31%,32452,227300,May-19,166,414211,61310,3998,238,8610,557,82,6.76
5,2019,FINAL FANTASY XIV Online,10927.74,1164.94,11.93%,18625,39210,May-19,40,2895998,187296,90785,554,14935,3897,252,15.46
5,2019,FTL: Faster Than Light,1033.35,44.35,4.48%,1794,212680,May-19,186,323995,3733,9090,16,807,436,5,86.79
5,2019,Farming Simulator 19,7829.33,329.51,4.39%,16521,787860,May-19,181,341264,35240,4059,119,4010,459,47,9.68
5,2019,Football Manager 2019,41759.1,5506.04,15.19%,71649,872790,May-19,70,1277128,16319,23685,62,1297,1718,21,78.26
5,2019,For Honor,4936.98,150.58,3.15%,12506,304390,May-19,150,447835,48967,11266,201,10100,602,65,9.15
5,2019,Forager,3523.35,-4701.02,-57.16%,8731,751780,May-19,148,452316,19188,17609,97,3728,608,25,23.57
5,2019,Garry's Mod,24490.16,-760,-3.01%,47105,4000,May-19,139,512619,21234,52562,86,5671,689,28,24.14
5,2019,Getting Over It with Bennett Foddy,138.08,0.54,0.39%,245,240720,May-19,185,329729,3219,34909,15,1424,443,4,102.43
5,2019,Golf It!,353.81,6.86,1.98%,886,571740,May-19,172,388085,3124,38712,25,1454,522,4,124.23
5,2019,Grand Theft Auto V,55410.52,6908.24,14.24%,108557,271590,May-19,3,74723749,739013,184274,1806,79099,100570,994,101.11
5,2019,Grand Theft Auto: San Andreas,883.81,115.08,14.97%,1720,12120,May-19,114,622899,18256,15703,57,3889,838,24,34.12
5,2019,House Flipper,2002.33,1089.17,119.28%,6080,613100,May-19,155,438880,9179,24777,83,2164,590,12,47.81
5,2019,Human: Fall Flat,5821.44,3177.62,120.19%,29968,477160,May-19,180,342666,10510,28950,51,4721,461,14,32.6
5,2019,Hunt: Showdown,1775.62,517.88,41.18%,3888,594650,May-19,119,591617,31612,26550,99,3521,796,42,18.71
5,2019,Kerbal Space Program,3110.61,-161.94,-4.95%,7757,220200,May-19,122,575377,10243,7392,58,1270,774,13,56.17
5,2019,Knight Online,1370.96,-83.02,-5.71%,2483,389430,May-19,199,298018,8229,4778,42,564,401,11,36.22
5,2019,Last Epoch,382.41,-,-,1548,899770,May-19,176,351378,9376,6135,88,865,472,12,37.48
5,2019,MORDHAU,28446.47,-,-,60204,629760,May-19,20,5969709,179612,50641,544,28649,8034,241,33.24
5,2019,MapleStory,755.27,275.96,57.57%,1158,216150,May-19,132,535281,36774,5469,99,2853,720,49,14.56
5,2019,Minion Masters,1279.06,508.73,66.04%,5313,489520,May-19,144,475510,16292,14313,125,2171,639,21,29.19
5,2019,Monster Hunter: World,24706.77,5064.13,25.78%,59524,582010,May-19,63,1599845,126896,33274,340,21555,2153,170,12.61
5,2019,Mortal Kombat 11,6614.77,-8805.25,-57.10%,18629,976310,May-19,27,5187479,138089,71130,640,30189,6981,185,37.57
5,2019,My Summer Car,619.03,57,10.14%,1459,516750,May-19,64,1587680,5757,22938,22,781,2136,7,275.78
5,2019,Paladins,11461.08,-160.01,-1.38%,20808,444090,May-19,151,446714,65589,3066,171,11876,601,88,6.81
5,2019,Path of Exile,13104.09,-5849.76,-30.86%,33842,238960,May-19,35,3668004,130477,25129,927,10312,4936,175,28.11
5,2019,Realm Royale,2089.43,-324.28,-13.43%,4001,813820,May-19,140,509905,76378,6371,185,10438,686,102,6.68
5,2019,Resident Evil 2,1263.92,-137.49,-9.81%,3117,883710,May-19,149,448030,40504,6540,118,7897,603,54,11.06
5,2019,RimWorld,10834.25,200.99,1.89%,16594,294100,May-19,92,844765,25607,4807,64,2616,1136,34,32.99
5,2019,Risk of Rain 2,8105.01,-13301.82,-62.14%,17593,632360,May-19,169,405878,48769,9127,237,11588,546,65,8.32
5,2019,Rocket League,34608.96,2014.6,6.18%,69472,252950,May-19,22,5808738,282468,116136,667,64145,7817,380,20.56
5,2019,Russian Fishing 4,2039.61,-200.53,-8.95%,3755,766570,May-19,194,307642,20232,1311,64,922,414,27,15.21
5,2019,Rust,35780.66,-2420.12,-6.34%,67338,252490,May-19,52,2108831,102762,16359,334,11248,2838,138,20.52
5,2019,SMITE,8930.96,-14.11,-0.16%,16988,386360,May-19,58,1797457,122679,15592,340,14956,2419,165,14.65
5,2019,Shadowverse,3450.52,-730.83,-17.48%,11085,453480,May-19,163,419654,14039,11540,67,1084,564,18,29.89
5,2019,Slay the Spire,5294.65,-172.64,-3.16%,7471,646570,May-19,104,745814,14086,6098,39,2789,1003,18,52.95
5,2019,Stardew Valley,12474.06,-67.62,-0.54%,21404,413150,May-19,124,566937,49405,5603,118,8323,763,66,11.48
5,2019,Street Fighter V,1239.36,-138.39,-10.04%,2711,310950,May-19,55,1930009,27287,39151,70,3205,2597,36,70.73
5,2019,Terraria,20160.82,399.98,2.02%,34594,105600,May-19,160,427436,38296,15533,100,7002,575,51,11.16
5,2019,The Elder Scrolls Online,17805.96,1667.85,10.33%,32498,306130,May-19,26,5406021,113417,48666,331,10854,7275,152,47.66
5,2019,The Elder Scrolls V: Skyrim,8997.04,-11.5,-0.13%,15807,72850,May-19,53,2071436,72247,17593,177,10643,2787,97,28.67
5,2019,The Forest,3713.85,45.7,1.25%,7482,242760,May-19,112,639387,35050,35901,101,7838,860,47,18.24
5,2019,The Witcher 3: Wild Hunt,10125,-2383.73,-19.06%,21319,292030,May-19,108,673836,46001,7461,131,7064,906,61,14.65
5,2019,Tom Clancy's Rainbow Six Siege,59172.09,-2179.37,-3.55%,115381,359550,May-19,14,9522903,747799,135807,1753,122817,12816,1006,12.73
5,2019,Totally Accurate Battle Simulator,3010.15,-738.25,-19.69%,5779,508440,May-19,168,405966,3142,30955,17,1251,546,4,129.21
5,2019,UNO,241.44,-31.64,-11.59%,555,470220,May-19,113,634320,8257,51036,49,5907,853,11,76.82
5,2019,VRChat,5756.57,-101.16,-1.73%,8726,438100,May-19,82,1017644,55290,8862,175,5469,1369,74,18.41
5,2019,Warface,1988.12,55.54,2.87%,3573,291480,May-19,173,382374,23726,27927,77,5230,514,31,16.12
5,2019,Warframe,50580.69,-5993.82,-10.59%,97068,230410,May-19,68,1401274,120175,48360,323,13553,1885,161,11.66
5,2019,World of Warships,4673.17,483.61,11.54%,9346,552990,May-19,74,1127532,53324,6498,163,4552,1517,71,21.14
5,2019,Yu-Gi-Oh! Duel Links,7559.68,793.62,11.73%,11149,601510,May-19,162,419792,12571,5439,47,1837,564,16,33.39
6,2019,7 Days to Die,8361.9,884.97,11.84%,13753,251570,Jun-19,169,385630,45879,2692,126,4688,536,63,8.41
6,2019,A Plague Tale: Innocence,364.09,-997.75,-73.27%,1036,752590,Jun-19,107,768577,19387,27329,100,3348,1068,26,39.64
6,2019,ARK: Survival Evolved,43532.02,10307.92,31.03%,83446,346110,Jun-19,55,1996313,138498,14549,445,12601,2776,192,14.41
6,2019,Albion Online,4312.46,-2672.82,-38.26%,7565,761890,Jun-19,143,473652,30282,2614,96,2611,658,42,15.64
6,2019,Arma 3,14224.79,16.38,0.12%,26030,107410,Jun-19,157,421539,51061,4371,243,5750,586,71,8.26
6,2019,Barotrauma,527.83,-,-,1496,602960,Jun-19,192,324557,3306,16835,43,662,451,4,98.17
6,2019,Beat Saber,1385.67,100.14,7.79%,2249,620980,Jun-19,177,360913,35992,21669,96,9715,501,50,10.03
6,2019,Bloodstained: Ritual of the Night,13309.84,-,-,26811,692850,Jun-19,45,2442583,84739,44688,901,9624,3397,117,28.82
6,2019,Borderlands 2,34832.21,21384.23,159.01%,80287,49520,Jun-19,47,2330972,146344,164765,834,27967,3241,203,15.93
6,2019,Cities: Skylines,11109.93,-944.7,-7.84%,18494,255710,Jun-19,198,311752,17007,18892,53,3148,433,23,18.33
6,2019,Conan Exiles,6887.34,-2661.75,-27.87%,12247,440900,Jun-19,194,320208,32454,1406,104,3094,445,45,9.87
6,2019,Conqueror's Blade,5217.37,5102.9,4457.70%,11532,905370,Jun-19,141,478171,31088,8875,115,3384,665,43,15.38
6,2019,Counter-Strike: Global Offensive,389376.72,24959.42,6.85%,587724,730,Jun-19,8,30260300,842383,348529,2080,130888,42086,1171,35.92
6,2019,Danganronpa: Trigger Happy Havoc,246.63,-84.84,-25.59%,691,413410,Jun-19,184,343893,3075,11600,15,392,478,4,111.84
6,2019,DayZ,8658.3,1263.52,17.09%,16789,221100,Jun-19,46,2398065,137150,46472,376,14674,3335,190,17.48
6,2019,Dead by Daylight,21505.73,941.08,4.58%,40782,381210,Jun-19,18,8651417,455335,36335,1329,49326,12032,633,19
6,2019,Don't Starve Together,11238.05,-2046.14,-15.40%,24590,322330,Jun-19,188,333960,28378,7595,88,4669,464,39,11.77
6,2019,Dota 2,507528.44,-40994.74,-7.47%,865374,570,Jun-19,5,42929219,440912,436845,1118,35018,59706,613,97.36
6,2019,Dota Underlords,76388.35,-,-,202254,1046930,Jun-19,23,5864211,109758,62860,611,19793,8156,152,53.43
6,2019,Enter the Gungeon,2699.46,-1229.92,-31.30%,3843,311690,Jun-19,176,362266,27601,20743,154,9464,503,38,13.13
6,2019,Euro Truck Simulator 2,16294.59,1277.21,8.50%,30030,227300,Jun-19,144,468179,54866,9792,228,8413,651,76,8.53
6,2019,Europa Universalis IV,10935.95,1306.38,13.57%,18259,236850,Jun-19,181,345098,9327,3447,43,869,479,12,37
6,2019,FINAL FANTASY XIV Online,14339.24,3411.51,31.22%,41190,39210,Jun-19,32,3876535,253068,62291,2439,17952,5391,351,15.32
6,2019,Fallout: New Vegas,3085.61,450.12,17.08%,5286,22380,Jun-19,191,324714,12213,13965,39,2049,451,16,26.59
6,2019,Getting Over It with Bennett Foddy,172.29,34.21,24.77%,323,240720,Jun-19,183,343951,4520,22530,22,2173,478,6,76.1
6,2019,Grand Theft Auto V,56717.73,1307.21,2.36%,109164,271590,Jun-19,4,59832423,700622,176008,1734,77788,83216,974,85.4
6,2019,Hell Let Loose,1600.83,-,-,4048,686810,Jun-19,127,537810,13909,31481,92,2456,747,19,38.67
6,2019,House Flipper,2131.29,128.95,6.44%,3964,613100,Jun-19,133,515365,12187,42312,45,3175,716,16,42.29
6,2019,Hunt: Showdown,3000.3,1224.68,68.97%,12636,594650,Jun-19,128,536036,38402,25463,226,5471,745,53,13.96
6,2019,MORDHAU,12927.64,-15518.82,-54.55%,27822,629760,Jun-19,73,1232892,50921,65292,175,11402,1714,70,24.21
6,2019,MapleStory,1383.13,627.87,83.13%,2322,216150,Jun-19,110,658086,44853,6111,151,3791,915,62,14.67
6,2019,Minion Masters,1847.02,567.97,44.41%,3449,489520,Jun-19,111,630336,27800,2058,86,2842,876,38,22.67
6,2019,Monster Hunter: World,22671.25,-2035.51,-8.24%,59244,582010,Jun-19,60,1784631,118315,22133,438,19044,2482,164,15.08
6,2019,Mortal Kombat 11,2994.47,-3620.3,-54.73%,5735,976310,Jun-19,65,1696483,64159,63977,238,14860,2359,89,26.44
6,2019,My Summer Car,463.53,-155.5,-25.12%,861,516750,Jun-19,187,335483,4063,9954,18,598,466,5,82.57
6,2019,Overcooked! 2,987.7,321.79,48.32%,3559,728880,Jun-19,197,311798,6614,26341,30,2459,433,9,47.14
6,2019,Paladins,12487.38,1026.29,8.95%,20787,444090,Jun-19,163,406740,61304,3485,150,11563,565,85,6.63
6,2019,Path of Exile,48491.09,35387,270.05%,113258,238960,Jun-19,14,15597314,366201,112232,2968,23273,21693,509,42.59
6,2019,Portal 2,2496.65,923.09,58.66%,9345,620,Jun-19,180,351475,11500,161079,55,3846,488,15,30.56
6,2019,Realm Royale,2297.2,207.77,9.94%,4247,813820,Jun-19,114,595609,79883,3026,232,10206,828,111,7.46
6,2019,Resident Evil 2,849.55,-414.37,-32.78%,1831,883710,Jun-19,116,593470,30735,153205,84,6155,825,42,19.31
6,2019,RimWorld,10375.04,-459.21,-4.24%,15280,294100,Jun-19,113,623529,23121,7326,68,2492,867,32,26.97
6,2019,Rocket League,35466.57,857.61,2.48%,69615,252950,Jun-19,24,5853032,273764,186198,715,62063,8140,380,21.38
6,2019,Rust,45132.57,9351.9,26.14%,81658,252490,Jun-19,53,2062296,120575,16006,369,14463,2868,167,17.1
6,2019,SMITE,8402.26,-528.7,-5.92%,13811,386360,Jun-19,64,1704573,106287,9604,284,12647,2370,147,16.04
6,2019,Shadowverse,5428.92,1978.4,57.34%,20077,453480,Jun-19,151,443074,16645,8557,95,1332,616,23,26.62
6,2019,Slay the Spire,5211.04,-83.61,-1.58%,9508,646570,Jun-19,125,541457,14638,8519,40,3080,753,20,36.99
6,2019,Stardew Valley,12358.4,-115.66,-0.93%,24769,413150,Jun-19,134,502095,42475,25456,140,7886,698,59,11.82
6,2019,Stellaris,15030.93,3102.35,26.01%,29345,281990,Jun-19,172,371088,12510,5053,68,1670,516,17,29.66
6,2019,Street Fighter V,1119.48,-119.88,-9.67%,1978,310950,Jun-19,56,1971214,26278,40002,71,2885,2741,36,75.01
6,2019,Terraria,24024.57,3863.75,19.16%,35123,105600,Jun-19,91,939604,44907,18312,116,8067,1306,62,20.92
6,2019,The Elder Scrolls Online,17569.08,-236.88,-1.33%,29029,306130,Jun-19,39,2942276,102830,25689,297,10173,4092,143,28.61
6,2019,The Elder Scrolls V: Skyrim,9014.77,17.73,0.20%,14834,72850,Jun-19,77,1134383,67769,128073,163,10089,1577,94,16.74
6,2019,The Forest,4353.57,639.72,17.23%,11432,242760,Jun-19,189,328584,32749,17678,96,7692,457,45,10.03
6,2019,The Witcher 3: Wild Hunt,15194.21,5069.2,50.07%,33044,292030,Jun-19,120,563385,56700,12669,171,8354,783,78,9.94
6,2019,They Are Billions,5883.09,4015.99,215.09%,17834,644930,Jun-19,43,2662628,21558,48479,156,2476,3703,29,123.51
6,2019,Tom Clancy's Rainbow Six Siege,78059.34,18887.25,31.92%,140274,359550,Jun-19,15,12099971,909556,174279,2486,141668,16828,1265,13.3
6,2019,VRChat,5913.6,157.04,2.73%,8603,438100,Jun-19,90,941714,54203,6906,171,5398,1309,75,17.37
6,2019,Warframe,42673.26,-7907.43,-15.63%,74255,230410,Jun-19,92,939075,104888,26108,246,11552,1306,145,8.95
6,2019,World of Warships,4476.23,-196.95,-4.21%,7744,552990,Jun-19,67,1569379,49596,7925,140,4124,2182,68,31.64
6,2019,Yu-Gi-Oh! Duel Links,6699.91,-859.77,-11.37%,9572,601510,Jun-19,178,359266,11801,5526,40,1662,499,16,30.44
7,2019,7 Days to Die,9027.9,665.99,7.96%,15198,251570,Jul-19,80,872197,54719,28001,136,5113,1173,73,15.94
7,2019,ARK: Survival Evolved,47442.55,3910.53,8.98%,75524,346110,Jul-19,45,2193001,156094,10695,393,12697,2951,210,14.05
7,2019,Albion Online,3411.95,-900.51,-20.88%,5337,761890,Jul-19,136,441677,26328,7706,73,2004,594,35,16.78
7,2019,Arma 3,15265.03,1040.24,7.31%,27462,107410,Jul-19,100,638543,54415,3996,229,6440,859,73,11.73
7,2019,Beat Saber,2043.03,657.36,47.44%,42095,620980,Jul-19,186,284788,34533,8738,93,8646,383,46,8.25
7,2019,Bloodstained: Ritual of the Night,2906.51,-10403.32,-78.16%,10475,692850,Jul-19,143,430023,33913,6338,162,4582,578,45,12.68
7,2019,Borderlands 2,19699.18,-15133.03,-43.45%,42052,49520,Jul-19,55,1451080,79127,22104,208,14192,1953,106,18.34
7,2019,Conan Exiles,6387.63,-499.71,-7.26%,11163,440900,Jul-19,138,438308,27436,8310,69,2622,589,36,15.98
7,2019,Conqueror's Blade,1272.04,-,-,5501,835570,Jul-19,93,678211,20280,14263,69,1678,912,27,33.44
7,2019,Conqueror's Blade,2926.65,-2290.72,-43.91%,8054,905370,Jul-19,93,678211,20280,14263,69,1678,912,27,33.44
7,2019,Counter-Strike: Global Offensive,393782.83,4406.1,1.13%,578933,730,Jul-19,7,40700017,914238,407519,2224,138472,54777,1230,44.52
7,2019,DOOM,1961.73,-176.03,-8.23%,5623,379720,Jul-19,189,280224,17707,14080,70,5260,377,23,15.83
7,2019,Danganronpa 2: Goodbye Despair,411.21,143.46,53.58%,595,413420,Jul-19,132,466928,2821,9840,16,274,628,3,165.52
7,2019,DayZ,10654.23,1995.93,23.05%,18792,221100,Jul-19,31,3951369,139279,47011,347,13293,5318,187,28.37
7,2019,Dead by Daylight,19102.64,-2403.1,-11.17%,28581,381210,Jul-19,17,8587261,440768,37274,916,46790,11557,593,19.48
7,2019,Don't Starve Together,9219.31,-2018.74,-17.96%,17301,322330,Jul-19,145,426803,22888,5014,66,3740,574,30,18.65
7,2019,Dota 2,464787.61,-42740.82,-8.42%,779160,570,Jul-19,6,40975198,461803,278581,1081,35274,55148,621,88.73
7,2019,Dota Underlords,58456.15,-17932.2,-23.48%,111805,1046930,Jul-19,23,5281803,110232,22869,305,14548,7108,148,47.92
7,2019,Euro Truck Simulator 2,17600.56,1305.97,8.01%,34601,227300,Jul-19,104,610056,66269,24254,223,9657,821,89,9.21
7,2019,Europa Universalis IV,11205.07,269.12,2.46%,19163,236850,Jul-19,183,291237,10828,2423,44,897,391,14,26.9
7,2019,FINAL FANTASY XIV Online,23105.44,8766.2,61.13%,38909,39210,Jul-19,24,5065732,336957,23624,1833,23022,6817,453,15.03
7,2019,FTL: Faster Than Light,1693.02,539.63,46.79%,3619,212680,Jul-19,176,316724,4599,9075,24,961,426,6,68.87
7,2019,Fallout 4,14018.26,1076.63,8.32%,25568,377160,Jul-19,200,265378,38531,6331,106,5571,357,51,6.89
7,2019,Fallout: New Vegas,3529.62,444.02,14.39%,6379,22380,Jul-19,134,445996,13296,20917,44,2228,600,17,33.54
7,2019,Farming Simulator 19,8812.31,1257.9,16.65%,18409,787860,Jul-19,179,300834,34833,5452,114,3698,404,46,8.64
7,2019,Football Manager 2019,41854.73,1953.64,4.90%,69643,872790,Jul-19,99,643672,15808,8930,63,1491,866,21,40.72
7,2019,For Honor,3533.72,-433.97,-10.94%,5616,304390,Jul-19,173,320810,32109,20092,90,6281,431,43,9.99
7,2019,Friday the 13th: The Game,1670.09,970.42,138.70%,4645,438740,Jul-19,158,367087,31796,13085,102,7172,494,42,11.55
7,2019,Grand Theft Auto V,92617.62,35899.89,63.30%,197555,271590,Jul-19,4,62716588,902463,217246,2729,108065,84409,1214,69.49
7,2019,Grand Theft Auto: San Andreas,1266.01,341.28,36.91%,2441,12120,Jul-19,175,317693,19194,8152,56,3878,427,25,16.55
7,2019,Hearts of Iron IV,15960.39,-202.97,-1.26%,24593,394360,Jul-19,167,335309,10802,3202,38,1485,451,14,31.04
7,2019,Hollow Knight,3819.6,1659.01,76.79%,6665,367520,Jul-19,149,411005,35871,6029,93,5228,553,48,11.46
7,2019,Human: Fall Flat,3769.56,-257.96,-6.40%,13737,477160,Jul-19,163,355158,10458,14346,40,4716,478,14,33.96
7,2019,Hunt: Showdown,2377.68,-622.62,-20.75%,4354,594650,Jul-19,78,876795,47062,26113,143,4706,1180,63,18.63
7,2019,Kerbal Space Program,3972,-381.87,-8.77%,7668,220200,Jul-19,159,366691,10352,29766,41,1339,493,13,35.42
7,2019,MORDHAU,7089.16,-5838.48,-45.16%,13523,629760,Jul-19,133,458617,23144,14122,72,5528,617,31,19.82
7,2019,MapleStory,1409.38,26.25,1.90%,2041,216150,Jul-19,62,1174867,48996,21363,155,4131,1581,65,23.98
7,2019,Minion Masters,1092.82,-754.21,-40.83%,1880,489520,Jul-19,168,329654,15468,1233,42,1556,443,20,21.31
7,2019,Monster Hunter: World,38048.77,15377.52,67.83%,91104,582010,Jul-19,47,2091603,140855,22005,403,18572,2815,189,14.85
7,2019,Mortal Kombat 11,1944.57,-1049.9,-35.06%,3728,976310,Jul-19,69,1015656,47819,17489,170,9500,1366,64,21.24
7,2019,My Summer Car,632.74,169.21,36.50%,1252,516750,Jul-19,92,682638,3988,10173,18,685,918,5,171.17
7,2019,Outlast,206.87,49.88,31.78%,404,238320,Jul-19,178,308482,13262,13676,44,5073,415,17,23.26
7,2019,Oxygen Not Included,4302.13,166.83,4.03%,16503,457140,Jul-19,151,402600,14048,15686,128,1596,541,18,28.66
7,2019,Paladins,12601.19,113.81,0.91%,21159,444090,Jul-19,140,433596,67800,3311,174,12583,583,91,6.4
7,2019,Path of Exile,26414.26,-22076.83,-45.53%,53530,238960,Jul-19,18,7776743,203520,29067,490,13183,10466,273,38.21
7,2019,Quake Champions,656.72,-11.49,-1.72%,1444,611500,Jul-19,125,490146,16202,14435,55,1887,659,21,30.25
7,2019,Raft,2415.45,256.46,11.88%,5881,648800,Jul-19,198,267527,12957,10960,53,2929,360,17,20.65
7,2019,Realm Royale,2160.33,-136.87,-5.96%,3561,813820,Jul-19,114,534908,76374,2312,185,9240,719,102,7
7,2019,Resident Evil 2,956.05,106.5,12.54%,1800,883710,Jul-19,103,616754,31541,17601,80,5985,830,42,19.55
7,2019,RimWorld,10041.86,-333.18,-3.21%,15208,294100,Jul-19,131,468535,22706,3706,61,2276,630,30,20.63
7,2019,Risk of Rain 2,4491.45,-712.81,-13.70%,9032,632360,Jul-19,177,316315,22097,21281,74,6088,425,29,14.31
7,2019,Rocket League,34768.81,-697.76,-1.97%,65907,252950,Jul-19,32,3633656,282548,56243,634,63382,4890,380,12.86
7,2019,Russian Fishing 4,1810.13,102.45,6.00%,3201,766570,Jul-19,191,277229,15557,1169,50,808,373,20,17.82
7,2019,Rust,62259.96,17127.39,37.95%,93595,252490,Jul-19,26,4377764,159769,41730,457,18145,5892,215,27.4
7,2019,SMITE,7973.44,-428.83,-5.10%,13209,386360,Jul-19,53,1604701,103011,8757,261,11937,2159,138,15.58
7,2019,Shadowverse,4817.46,-611.47,-11.26%,12731,453480,Jul-19,165,344720,15144,2298,56,1173,463,20,22.76
7,2019,Slay the Spire,6587.16,1376.12,26.41%,11521,646570,Jul-19,142,431620,15239,4370,44,2989,580,20,28.32
7,2019,Stardew Valley,15367.12,3008.72,24.35%,24919,413150,Jul-19,141,432457,46371,15449,125,8028,582,62,9.33
7,2019,Street Fighter V,1153.05,33.57,3.00%,1916,310950,Jul-19,59,1297205,26975,30835,62,2881,1745,36,48.09
7,2019,Subnautica,2568.85,389.47,17.87%,4231,264710,Jul-19,118,519582,21134,22136,63,3853,699,28,24.59
7,2019,Terraria,25908.47,1883.89,7.84%,35010,105600,Jul-19,113,538642,43726,8167,108,7684,724,58,12.32
7,2019,The Elder Scrolls Online,14606.19,-2962.89,-16.86%,24568,306130,Jul-19,44,2230495,75517,26418,178,6924,3002,101,29.54
7,2019,The Elder Scrolls V: Skyrim,8032.14,-982.63,-10.90%,13036,72850,Jul-19,96,647336,64381,7608,150,9355,871,86,10.05
7,2019,The Witcher 3: Wild Hunt,18447.65,3253.44,21.41%,35770,292030,Jul-19,51,1650524,70223,19077,197,9779,2221,94,23.5
7,2019,They Are Billions,6276.66,393.57,6.69%,12663,644930,Jul-19,37,3114354,25738,22019,83,2126,4191,34,121
7,2019,Tom Clancy's Rainbow Six Siege,77411.07,-648.27,-0.83%,128458,359550,Jul-19,15,10735223,902912,66962,1975,140104,14448,1215,11.89
7,2019,VRChat,6509.16,595.56,10.07%,28596,438100,Jul-19,75,934888,54954,12583,155,5509,1258,73,17.01
7,2019,Warframe,55902.24,13228.98,31.00%,94907,230410,Jul-19,30,3993527,152835,419066,359,17442,5374,205,26.13
7,2019,World of Warships,4536.04,59.81,1.34%,8628,552990,Jul-19,52,1622888,50803,8078,160,4026,2184,68,31.94
7,2019,Yu-Gi-Oh! Duel Links,6184.33,-515.57,-7.70%,8624,601510,Jul-19,172,323495,10566,4442,31,1514,435,14,30.62
8,2019,7 Days to Die,7991.75,-1036.15,-11.48%,13113,251570,Aug-19,119,520471,49878,5491,140,4799,700,67,10.43
8,2019,ARK: Survival Evolved,43146.76,-4295.79,-9.05%,70047,346110,Aug-19,47,2356866,135677,31947,355,10944,3172,182,17.37
8,2019,Age of Empires: Definitive Edition,846.71,-,-,1464,1017900,Aug-19,200,268536,1770,30412,21,362,361,2,151.72
8,2019,Age of Wonders: Planetfall,3244.48,-,-,10346,718850,Aug-19,124,501000,10589,11622,153,1379,674,14,47.31
8,2019,Albion Online,2468.81,-943.14,-27.64%,4585,761890,Aug-19,171,324397,21975,1702,73,1834,436,29,14.76
8,2019,Arma 3,13453.36,-1811.67,-11.87%,25846,107410,Aug-19,133,462687,49992,5925,209,5787,622,67,9.26
8,2019,Beat Saber,1344.83,-698.2,-34.17%,2306,620980,Aug-19,173,309246,35802,14256,93,8834,416,48,8.64
8,2019,Borderlands 2,12211.98,-7487.2,-38.01%,20265,49520,Aug-19,96,676098,61350,7648,171,10479,909,82,11.02
8,2019,Conqueror's Blade,2570.45,1298.41,102.07%,7655,835570,Aug-19,87,806217,18428,16693,73,1169,1085,24,43.75
8,2019,Conqueror's Blade,1730.51,-1196.14,-40.87%,4896,905370,Aug-19,87,806217,18428,16693,73,1169,1085,24,43.75
8,2019,Counter-Strike: Global Offensive,415097.3,21314.48,5.41%,647461,730,Aug-19,7,46112933,974890,518564,2281,147984,62063,1312,47.3
8,2019,DayZ,9836.62,-817.61,-7.67%,18198,221100,Aug-19,53,1874398,123442,25587,413,11633,2522,166,15.18
8,2019,Dead by Daylight,19253.31,150.67,0.79%,29281,381210,Aug-19,17,8059395,446681,39159,963,46565,10847,601,18.04
8,2019,Dicey Dungeons,1755.86,-,-,2976,861540,Aug-19,81,898898,8639,36793,44,1796,1209,11,104.05
8,2019,Don't Starve Together,9672.1,452.79,4.91%,19002,322330,Aug-19,148,400976,27804,3365,68,4055,539,37,14.42
8,2019,Dota 2,467148.29,2360.67,0.51%,826690,570,Aug-19,3,70885379,487148,1045985,1174,37081,95404,655,145.51
8,2019,Dota Underlords,36825.82,-21630.33,-37.00%,74189,1046930,Aug-19,31,3558956,63567,20710,196,7855,4789,85,55.99
8,2019,Euro Truck Simulator 2,15450.65,-2149.9,-12.21%,32214,227300,Aug-19,108,546525,63617,26385,250,9040,735,85,8.59
8,2019,Europa Universalis IV,11041.54,-163.53,-1.46%,17988,236850,Aug-19,190,286957,9949,2880,39,869,386,13,28.84
8,2019,FINAL FANTASY XIV Online,16717.11,-6388.33,-27.65%,30359,39210,Aug-19,35,3253671,311020,27189,1707,20982,4379,418,10.46
8,2019,Fallout 4,14797.48,779.22,5.56%,24918,377160,Aug-19,175,308385,42317,2545,105,5482,415,56,7.29
8,2019,Farming Simulator 19,9457.48,645.17,7.32%,19375,787860,Aug-19,154,381384,38765,4282,139,3944,513,52,9.84
8,2019,Football Manager 2019,44069.68,2214.95,5.29%,75666,872790,Aug-19,103,627902,18006,7063,60,1597,845,24,34.87
8,2019,For Honor,4927.97,1394.25,39.46%,9552,304390,Aug-19,82,882835,56398,24011,236,10942,1188,75,15.65
8,2019,Garry's Mod,27440.08,-3514.31,-11.35%,41907,4000,Aug-19,166,344160,22009,31626,72,6207,463,29,15.64
8,2019,Grand Theft Auto V,97648,5030.39,5.43%,176207,271590,Aug-19,6,64717903,887662,204916,2146,101665,87103,1194,72.91
8,2019,Grand Theft Auto: San Andreas,875.83,-390.17,-30.82%,1545,12120,Aug-19,164,346531,18111,11740,64,3605,466,24,19.13
8,2019,Hearts of Iron IV,15760.69,-199.7,-1.25%,24715,394360,Aug-19,180,297871,10579,9136,41,1437,400,14,28.16
8,2019,Hollow Knight,2304.18,-1515.42,-39.67%,3592,367520,Aug-19,196,273210,29697,3380,75,4207,367,39,9.2
8,2019,Hunt: Showdown,4128.88,1751.2,73.65%,11862,594650,Aug-19,49,2182344,76929,31759,261,8229,2937,103,28.37
8,2019,Kerbal Space Program,4887.47,915.47,23.05%,11159,220200,Aug-19,163,348900,13225,8562,54,1825,469,17,26.38
8,2019,MapleStory,1175.82,-233.56,-16.57%,1645,216150,Aug-19,79,952776,44814,8394,124,3416,1282,60,21.26
8,2019,Metro Exodus,151.83,84.94,127.00%,1380,412020,Aug-19,153,388157,13437,24544,87,3342,522,18,28.89
8,2019,Minion Masters,2795.05,1702.23,155.77%,9659,489520,Aug-19,125,489490,23810,14840,102,2958,658,32,20.56
8,2019,Monster Hunter: World,35779.93,-2268.84,-5.96%,72823,582010,Aug-19,43,2739660,153332,22814,385,19494,3687,206,17.87
8,2019,Mortal Kombat 11,1575.53,-369.03,-18.98%,3283,976310,Aug-19,66,1471805,43928,67732,170,7834,1980,59,33.5
8,2019,No Man's Sky,20605.32,16815.4,443.69%,61535,275850,Aug-19,34,3294601,121254,68188,835,17239,4434,163,27.17
8,2019,Outlast,152.26,-54.61,-26.40%,262,238320,Aug-19,189,289337,12960,23388,47,4786,389,17,22.33
8,2019,Oxygen Not Included,14277.6,9975.46,231.87%,27380,457140,Aug-19,46,2580606,50736,26229,140,4865,3473,68,50.86
8,2019,Paladins,13132.13,530.95,4.21%,22956,444090,Aug-19,131,466103,72170,21535,166,13668,627,97,6.46
8,2019,Path of Exile,10943.65,-15470.61,-58.57%,25500,238960,Aug-19,48,2323274,81605,19950,222,6719,3126,109,28.47
8,2019,Quake Champions,610.04,-46.68,-7.11%,1306,611500,Aug-19,192,281538,16527,11003,53,1933,378,22,17.04
8,2019,Realm Royale,1871.27,-289.05,-13.38%,2913,813820,Aug-19,134,461915,65633,3360,160,8595,621,88,7.04
8,2019,Remnant: From the Ashes,26342.77,-,-,48194,617290,Aug-19,19,6605443,196163,94947,1086,24758,8890,264,33.67
8,2019,Resident Evil 2,721.41,-234.64,-24.54%,1282,883710,Aug-19,157,371462,29480,7713,79,5524,499,39,12.6
8,2019,RimWorld,11416.53,1374.67,13.69%,16719,294100,Aug-19,116,522176,24367,5302,63,2584,702,32,21.43
8,2019,Rocket League,31006.72,-3762.09,-10.82%,57617,252950,Aug-19,30,3858568,265216,41865,653,58293,5193,356,14.55
8,2019,Rust,58531.24,-3728.72,-5.99%,88929,252490,Aug-19,20,5584593,153286,37386,484,15449,7516,206,36.43
8,2019,SMITE,8169.18,195.75,2.46%,15033,386360,Aug-19,67,1465897,99204,10497,249,11615,1972,133,14.78
8,2019,Shadowverse,3255.75,-1561.7,-32.42%,10902,453480,Aug-19,184,294512,11835,3435,54,1015,396,15,24.88
8,2019,Slay the Spire,6076.32,-510.84,-7.76%,10357,646570,Aug-19,161,352712,16778,9521,48,3574,474,22,21.02
8,2019,Stardew Valley,11018.6,-4348.52,-28.30%,16327,413150,Aug-19,169,336506,37851,2602,94,6603,452,50,8.89
8,2019,Street Fighter V,1622.34,469.29,40.70%,4422,310950,Aug-19,42,2768690,35503,194951,116,4185,3726,47,77.98
8,2019,Subnautica,2204.01,-364.84,-14.20%,3551,264710,Aug-19,97,673103,24584,20587,64,4136,905,33,27.38
8,2019,Terraria,20441.87,-5466.6,-21.10%,27917,105600,Aug-19,129,467350,35448,10140,108,6485,629,47,13.18
8,2019,The Elder Scrolls Online,13323.98,-1282.21,-8.78%,23212,306130,Aug-19,55,1854376,64682,17328,179,5932,2495,87,28.67
8,2019,The Elder Scrolls V: Skyrim,8087.43,55.29,0.69%,13391,72850,Aug-19,88,789832,64189,27240,164,9257,1063,86,12.3
8,2019,The Forest,3826.49,-1571.58,-29.11%,6834,242760,Aug-19,159,365971,30693,34040,89,7067,492,41,11.92
8,2019,The Witcher 3: Wild Hunt,13025.41,-5422.24,-29.39%,25634,292030,Aug-19,86,814762,61504,7499,178,8064,1096,82,13.25
8,2019,They Are Billions,3484.28,-2792.38,-44.49%,6805,644930,Aug-19,118,521176,10827,7030,38,1103,701,14,48.14
8,2019,Tom Clancy's Rainbow Six Siege,73956.28,-3454.79,-4.46%,138827,359550,Aug-19,14,14232043,872935,194684,2034,135115,19154,1174,16.3
8,2019,VRChat,6186.85,-322.31,-4.95%,8667,438100,Aug-19,84,855392,54274,7419,158,5427,1151,73,15.76
8,2019,War Thunder,12066.54,1003.51,9.07%,18688,236390,Aug-19,176,302404,34689,20480,109,4379,407,46,8.72
8,2019,Warframe,53195.56,-2706.68,-4.84%,96262,230410,Aug-19,62,1564993,133858,59489,323,14035,2106,180,11.69
8,2019,Warhammer: Vermintide 2,6196.24,3807.02,159.34%,14754,552500,Aug-19,146,405372,24954,21529,116,4236,545,33,16.24
8,2019,World of Warships,4706.65,170.61,3.76%,8471,552990,Aug-19,58,1786750,57828,12119,160,4457,2404,77,30.9
8,2019,Yu-Gi-Oh! Duel Links,6007.91,-176.43,-2.85%,9508,601510,Aug-19,170,329730,11170,4211,38,1572,443,15,29.52
9,2019,7 Days to Die,6853.48,-1138.27,-14.24%,11571,251570,Sep-19,97,686728,41786,16554,122,3898,955,58,16.43
9,2019,AI: The Somnium Files,452.24,-,-,983,948740,Sep-19,112,532612,5032,17670,36,464,740,6,105.84
9,2019,ARK: Survival Evolved,34210.82,-8935.94,-20.71%,56829,346110,Sep-19,67,1304086,103787,13228,309,8416,1813,144,12.57
9,2019,Arma 3,11868.67,-1584.69,-11.78%,24676,107410,Sep-19,160,331547,43490,3852,220,4986,461,60,7.62
9,2019,Beat Saber,1345.69,0.86,0.06%,2444,620980,Sep-19,134,428941,34354,28839,106,8295,596,47,12.49
9,2019,Borderlands 2,10857.09,-1354.88,-11.09%,19528,49520,Sep-19,109,546455,48937,14371,236,10186,760,68,11.17
9,2019,Celeste,628.34,360.49,134.59%,2216,504230,Sep-19,139,415069,32004,21818,222,6406,577,44,12.97
9,2019,Children of Morta,980.64,980.19,216673.10%,3007,330020,Sep-19,143,401255,8875,15909,98,1735,558,12,45.21
9,2019,Conqueror's Blade,1481.06,-1089.39,-42.38%,4642,835570,Sep-19,182,279440,11374,17472,48,872,388,15,24.57
9,2019,Conqueror's Blade,1479.27,-251.24,-14.52%,3969,905370,Sep-19,182,279440,11374,17472,48,872,388,15,24.57
9,2019,Counter-Strike: Global Offensive,410925.6,-4171.7,-1.00%,720052,730,Sep-19,5,46007837,914564,659147,2416,138048,63988,1271,50.31
9,2019,DayZ,8648.24,-1188.38,-12.08%,16901,221100,Sep-19,65,1335575,85643,15114,237,8087,1857,119,15.59
9,2019,Dead Cells,1409.44,-629.1,-30.86%,2685,588650,Sep-19,186,259458,10674,52144,40,2877,360,14,24.31
9,2019,Dead by Daylight,23458.77,4205.46,21.84%,49308,381210,Sep-19,20,8840404,487915,50535,1606,49968,12295,678,18.12
9,2019,Dicey Dungeons,855.91,-899.95,-51.25%,2242,861540,Sep-19,164,322517,5029,10269,27,1127,448,6,64.13
9,2019,Don't Starve Together,7973.67,-1698.43,-17.56%,16546,322330,Sep-19,126,474631,22362,4592,66,3311,660,31,21.22
9,2019,Dota 2,421971.24,-45177.05,-9.67%,753996,570,Sep-19,7,25854637,449103,126517,1269,34090,35959,624,57.57
9,2019,Dota Underlords,24943.62,-11882.2,-32.27%,44760,1046930,Sep-19,43,2220309,34369,14383,106,4299,3088,47,64.6
9,2019,Euro Truck Simulator 2,14632.46,-818.19,-5.30%,33390,227300,Sep-19,127,472285,57687,20994,253,8075,656,80,8.19
9,2019,Europa Universalis IV,11550.84,509.3,4.61%,22352,236850,Sep-19,167,318978,9074,2657,45,880,443,12,35.15
9,2019,FINAL FANTASY XIV Online,11413.88,-5303.24,-31.72%,21636,39210,Sep-19,51,1819834,165842,63045,897,14742,2531,230,10.97
9,2019,Farming Simulator 19,9759.68,302.2,3.20%,21072,787860,Sep-19,157,357392,37382,5851,135,3721,497,51,9.56
9,2019,Football Manager 2019,38122.27,-5947.41,-13.50%,68396,872790,Sep-19,197,247771,11860,7349,59,1208,344,16,20.89
9,2019,For Honor,3660.78,-1267.18,-25.71%,6884,304390,Sep-19,189,255845,32114,5791,96,6108,355,44,7.97
9,2019,Grand Theft Auto V,66131.62,-31516.38,-32.28%,135072,271590,Sep-19,6,39488952,643978,162573,1836,67389,54922,895,61.32
9,2019,Grand Theft Auto: San Andreas,857.41,-18.43,-2.10%,1967,12120,Sep-19,174,287560,17551,8882,76,4475,399,24,16.38
9,2019,Green Hell,1438.11,1091.7,315.15%,5112,815370,Sep-19,46,1998599,21633,43695,130,2592,2779,30,92.39
9,2019,Hearts of Iron IV,14913.57,-847.12,-5.37%,26007,394360,Sep-19,177,284374,8621,13952,40,1316,395,11,32.99
9,2019,Hunt: Showdown,5559.25,1430.37,34.64%,13467,594650,Sep-19,52,1812074,82756,48553,272,8360,2520,115,21.9
9,2019,Kerbal Space Program,4419.76,-467.7,-9.57%,9629,220200,Sep-19,170,308255,11633,7429,51,1436,428,16,26.5
9,2019,Knight Online,1140.23,110.15,10.69%,1561,389430,Sep-19,169,311087,7207,3031,29,562,432,10,43.16
9,2019,MapleStory,811.14,-364.67,-31.01%,1171,216150,Sep-19,105,584128,36604,2679,112,2807,812,50,15.96
9,2019,Minion Masters,1541.38,-1253.68,-44.85%,2972,489520,Sep-19,113,518487,18892,7795,55,1790,721,26,27.44
9,2019,Monster Hunter: World,37898.62,2118.68,5.92%,97996,582010,Sep-19,21,8467220,282546,75752,1113,22900,11776,392,29.97
9,2019,Mortal Kombat 11,1117.92,-457.61,-29.04%,2150,976310,Sep-19,107,573304,28563,14872,91,5101,797,39,20.07
9,2019,NBA 2K20,15886.25,-,-,31353,1089350,Sep-19,22,7320988,327037,57229,3034,34395,10182,454,22.39
9,2019,No Man's Sky,9019.4,-11585.92,-56.23%,27831,275850,Sep-19,147,388457,37549,7853,178,4995,540,52,10.35
9,2019,Oxygen Not Included,9200.68,-5076.92,-35.56%,16531,457140,Sep-19,131,441233,22617,12208,68,2378,613,31,19.51
9,2019,Paladins,12082.67,-1049.47,-7.99%,22180,444090,Sep-19,141,408719,61892,1419,167,11117,568,86,6.6
9,2019,Path of Exile,25260.17,14316.52,130.82%,74653,238960,Sep-19,23,7315006,210760,77271,2171,12476,10173,293,34.71
9,2019,Phoenix Wright: Ace Attorney Trilogy,666.33,64.54,10.73%,2320,787480,Sep-19,181,281404,2665,13806,22,431,391,3,105.59
9,2019,Pummel Party,317.84,99.18,45.36%,1331,880940,Sep-19,196,248005,4833,34772,44,1893,344,6,51.31
9,2019,Quake Champions,534.58,-75.46,-12.37%,1102,611500,Sep-19,166,320102,14973,3870,60,1636,445,20,21.38
9,2019,Realm Royale,1596.02,-275.25,-14.71%,2858,813820,Sep-19,146,391218,53262,2533,137,6874,544,74,7.35
9,2019,Remnant: From the Ashes,8991.99,-17350.77,-65.87%,34012,617290,Sep-19,95,705415,80813,11268,452,13050,981,112,8.73
9,2019,Resident Evil 2,692.37,-29.04,-4.03%,1495,883710,Sep-19,163,323649,23140,57698,73,4477,450,32,13.99
9,2019,RimWorld,10463.4,-953.13,-8.35%,16282,294100,Sep-19,115,513397,21579,7926,63,2169,714,30,23.79
9,2019,Risk of Rain 2,6510.93,3496.29,115.98%,22317,632360,Sep-19,151,374465,30365,9588,203,7185,520,42,12.33
9,2019,Rocket League,30338.37,-668.35,-2.16%,59529,252950,Sep-19,37,3512205,250133,70148,654,52006,4884,347,14.04
9,2019,Rust,49636.12,-8895.12,-15.20%,80293,252490,Sep-19,44,2193726,115415,28018,396,12163,3051,160,19.01
9,2019,SMITE,7642.4,-526.79,-6.45%,13721,386360,Sep-19,64,1337825,87158,8756,231,10071,1860,121,15.35
9,2019,Shadowverse,3773.95,518.19,15.92%,14550,453480,Sep-19,194,250523,12004,4283,79,971,348,16,20.87
9,2019,Slay the Spire,6326.25,249.93,4.11%,9434,646570,Sep-19,93,710745,17443,9491,90,3643,988,24,40.75
9,2019,Stardew Valley,9272.7,-1745.9,-15.84%,14278,413150,Sep-19,133,434081,33927,10769,92,6162,603,47,12.79
9,2019,Street Fighter V,1162.8,-459.54,-28.33%,2025,310950,Sep-19,68,1290087,24899,26792,65,2848,1794,34,51.81
9,2019,Subnautica,1782.35,-421.66,-19.13%,3248,264710,Sep-19,195,250049,16875,4077,53,3010,347,23,14.82
9,2019,The Elder Scrolls Online,11994.9,-1329.08,-9.98%,23437,306130,Sep-19,56,1595898,57615,15496,164,5102,2219,80,27.7
9,2019,The Elder Scrolls V: Skyrim,7151.71,-935.72,-11.57%,12652,72850,Sep-19,125,475362,48045,5650,143,7211,661,66,9.89
9,2019,The Forest,4885.63,1059.15,27.68%,17275,242760,Sep-19,171,305337,31809,6063,119,6877,424,44,9.6
9,2019,The Witcher 3: Wild Hunt,13255.62,230.22,1.77%,30585,292030,Sep-19,130,458025,46508,3734,153,6581,637,64,9.85
9,2019,They Are Billions,2333.06,-1151.22,-33.04%,4391,644930,Sep-19,178,283321,5479,5605,20,610,394,7,51.71
9,2019,Tom Clancy's Rainbow Six Siege,77922.76,3966.48,5.36%,148365,359550,Sep-19,18,10901350,854160,84705,2438,130459,15161,1187,12.76
9,2019,VRChat,6422.7,235.85,3.81%,10514,438100,Sep-19,85,791018,48107,8361,164,5024,1100,66,16.44
9,2019,War Thunder,12555.42,488.88,4.05%,22878,236390,Sep-19,145,396601,35691,4065,121,4680,551,49,11.11
9,2019,Warframe,42482.22,-10713.34,-20.14%,80466,230410,Sep-19,76,1015175,98019,22532,258,10659,1411,136,10.36
9,2019,World of Warships,4778.24,71.59,1.52%,9496,552990,Sep-19,54,1680298,55756,12180,170,4458,2336,77,30.14
9,2019,Yu-Gi-Oh! Duel Links,6456.35,448.45,7.46%,12212,601510,Sep-19,137,416912,11546,7604,39,1607,579,16,36.11
9,2019,eFootball PES 2020,5396.75,-,-,10093,996470,Sep-19,102,614694,23320,19335,169,2831,854,32,26.36
10,2019,7 Days to Die,13726.77,6873.3,100.29%,31500,251570,Oct-19,43,2392372,97946,19611,270,7524,3219,131,24.43
10,2019,AI: The Somnium Files,113.01,-339.24,-75.01%,292,948740,Oct-19,141,424053,5248,12582,31,424,570,7,80.8
10,2019,ARK: Survival Evolved,31256.23,-2954.59,-8.64%,54069,346110,Oct-19,87,819492,88709,5052,244,7119,1102,119,9.24
10,2019,Arma 3,11322.27,-546.4,-4.60%,23954,107410,Oct-19,164,366033,42472,6297,222,4612,492,57,8.62
10,2019,Beat Saber,1299.91,-45.78,-3.40%,2436,620980,Oct-19,194,303643,33561,14042,99,7993,408,45,9.05
10,2019,Children of Morta,302.07,-678.57,-69.20%,969,330020,Oct-19,152,399989,3469,25610,23,694,538,4,115.3
10,2019,Counter-Strike: Global Offensive,408995.31,-1930.29,-0.47%,747937,730,Oct-19,4,44765681,932539,381582,2578,135261,60249,1255,48
10,2019,DayZ,9461.83,813.6,9.41%,18461,221100,Oct-19,51,1803767,88152,26056,232,8527,2427,118,20.46
10,2019,Dead by Daylight,20384.08,-3074.68,-13.11%,46399,381210,Oct-19,18,9307698,474289,46873,1678,48078,12527,638,19.62
10,2019,Deceit,1025,73,7.67%,2338,466240,Oct-19,195,301383,9747,57509,96,3767,405,13,30.92
10,2019,Destiny 2,165307.82,-,-,292314,1085660,Oct-19,13,14866473,1057199,228980,7288,95976,20008,1422,14.06
10,2019,Disco Elysium,2014.59,2014.47,1660412.92%,5124,632470,Oct-19,136,441111,4514,25405,46,839,593,6,97.72
10,2019,Don't Starve Together,8041.74,68.07,0.85%,18004,322330,Oct-19,129,506165,24243,22041,82,3513,681,32,20.88
10,2019,Dota 2,388355.86,-33615.38,-7.97%,739924,570,Oct-19,7,30033003,449514,176174,1218,31508,40421,604,66.81
10,2019,Dota Underlords,19607.94,-5335.68,-21.39%,43557,1046930,Oct-19,48,1970646,31492,13289,140,3900,2652,42,62.58
10,2019,Euro Truck Simulator 2,15735.83,1103.37,7.54%,34019,227300,Oct-19,107,622335,77336,9017,316,9290,837,104,8.05
10,2019,Europa Universalis IV,11647.75,96.92,0.84%,21969,236850,Oct-19,148,407304,10776,2997,42,878,548,14,37.8
10,2019,FINAL FANTASY XIV Online,9693.41,-1720.47,-15.07%,17309,39210,Oct-19,54,1667171,152916,34103,973,13394,2243,205,10.9
10,2019,Farming Simulator 19,10586.18,826.5,8.47%,24894,787860,Oct-19,150,403825,42959,5595,188,4054,543,57,9.4
10,2019,Friday the 13th: The Game,369.92,-49.42,-11.79%,940,438740,Oct-19,180,325353,22064,36055,120,5613,437,29,14.75
10,2019,Grand Theft Auto V,58656.08,-7475.54,-11.30%,117002,271590,Oct-19,5,36887640,595432,136460,1775,58109,49646,801,61.95
10,2019,Grand Theft Auto: San Andreas,690.68,-166.72,-19.45%,1412,12120,Oct-19,191,306205,17131,5915,57,3496,412,23,17.87
10,2019,Hunt: Showdown,3569.52,-1989.73,-35.79%,7713,594650,Oct-19,110,600302,56435,3661,183,5246,807,75,10.64
10,2019,Kenshi,2843.08,66.92,2.41%,4339,233860,Oct-19,178,332578,5199,9452,20,509,447,6,63.97
10,2019,Knight Online,1197.05,56.82,4.98%,1721,389430,Oct-19,137,436439,7848,3549,35,604,587,10,55.61
10,2019,Left 4 Dead 2,8252.75,688.33,9.10%,22339,550,Oct-19,162,377380,20492,15564,90,5613,507,27,18.42
10,2019,MapleStory,625.2,-185.95,-22.92%,1054,216150,Oct-19,99,676833,34613,8753,96,2770,910,46,19.55
10,2019,Monster Hunter: World,30940.29,-6958.33,-18.36%,73764,582010,Oct-19,35,3127075,177198,25333,516,14719,4208,238,17.65
10,2019,Mortal Kombat 11,1367.12,249.2,22.29%,3664,976310,Oct-19,84,859642,33641,20082,185,5950,1156,45,25.55
10,2019,Mount & Blade: Warband,7045.32,733.7,11.62%,14673,48700,Oct-19,151,402138,5560,14599,22,969,541,7,72.33
10,2019,NBA 2K20,11123.59,-4762.67,-29.98%,20268,1089350,Oct-19,31,3833961,211944,22677,740,23110,5160,285,18.09
10,2019,Noita,1982.7,-,-,3781,881100,Oct-19,66,1189831,18202,20447,52,2795,1601,24,65.37
10,2019,Outlast,140.54,21.31,17.87%,645,238320,Oct-19,175,346136,17801,10652,234,5817,465,23,19.44
10,2019,Paladins,10896.04,-1186.63,-9.82%,20045,444090,Oct-19,153,397472,57065,2938,155,9736,534,76,6.97
10,2019,Path of Exile,14907.46,-10352.7,-40.98%,31634,238960,Oct-19,34,3322353,108311,13174,270,6876,4471,145,30.67
10,2019,Pummel Party,423.69,105.85,33.30%,1226,880940,Oct-19,182,319255,6662,28281,45,2461,429,8,47.92
10,2019,Quake Champions,519.94,-14.63,-2.74%,1062,611500,Oct-19,190,313057,13070,3026,48,1459,421,17,23.95
10,2019,Realm Royale,1554.61,-41.41,-2.59%,3663,813820,Oct-19,188,313524,47953,3234,172,6422,421,64,6.54
10,2019,Resident Evil 2,689.19,-3.17,-0.46%,2145,883710,Oct-19,130,495751,34153,10809,167,5852,667,45,14.52
10,2019,RimWorld,10045.15,-418.25,-4.00%,15923,294100,Oct-19,132,484140,22349,5068,65,2208,651,30,21.66
10,2019,Rocket League,33048.79,2710.42,8.93%,68388,252950,Oct-19,23,6705348,272336,96350,756,51378,9024,366,24.62
10,2019,Rust,46704.38,-2931.73,-5.91%,82827,252490,Oct-19,44,2265327,114273,13815,354,11679,3048,153,19.82
10,2019,SMITE,7483.03,-159.37,-2.09%,13735,386360,Oct-19,62,1344218,90879,8025,233,9415,1809,122,14.79
10,2019,Slay the Spire,5469.94,-856.31,-13.54%,7864,646570,Oct-19,122,549818,13866,4761,39,2744,739,18,39.65
10,2019,Stardew Valley,8932.42,-340.28,-3.67%,14194,413150,Oct-19,143,419448,35713,15371,95,6306,564,48,11.74
10,2019,Street Fighter V,1036.62,-126.18,-10.85%,1649,310950,Oct-19,61,1382263,25291,22075,71,2619,1860,34,54.65
10,2019,Subnautica,1659.8,-122.54,-6.88%,3044,264710,Oct-19,174,352744,17238,8169,58,2893,474,23,20.46
10,2019,The Elder Scrolls Online,11160.97,-833.93,-6.95%,19394,306130,Oct-19,57,1533889,53765,15574,154,4284,2064,72,28.53
10,2019,The Elder Scrolls V: Skyrim,6974.88,-176.83,-2.47%,12307,72850,Oct-19,172,354032,47697,5632,117,6602,476,64,7.42
10,2019,The Long Dark,2189.65,1153.87,111.40%,7344,305620,Oct-19,131,495610,15252,15308,103,1922,667,20,32.49
10,2019,The Long Drive,48.55,-,-,149,1017180,Oct-19,160,382117,610,25944,11,221,514,0,626.42
10,2019,The Witcher 3: Wild Hunt,9900.18,-3355.44,-25.31%,20367,292030,Oct-19,155,393968,40540,4370,123,5656,530,54,9.72
10,2019,They Are Billions,2089.78,-243.28,-10.43%,3812,644930,Oct-19,118,564661,6746,9582,22,593,759,9,83.7
10,2019,Tom Clancy's Rainbow Six Siege,65632.48,-12290.28,-15.77%,125590,359550,Oct-19,20,8272667,710604,47273,1785,103164,11134,956,11.64
10,2019,Unrailed!,211.95,-88,-29.34%,936,1016920,Oct-19,109,601192,2746,34357,21,652,809,3,218.93
10,2019,VRChat,6891.86,469.16,7.30%,10521,438100,Oct-19,83,862598,52941,4508,162,5173,1160,71,16.29
10,2019,War Thunder,12547.42,-8,-0.06%,22713,236390,Oct-19,154,395631,36419,4791,122,4251,532,49,10.86
10,2019,Warface,2030.58,-87.64,-4.14%,4211,291480,Oct-19,134,460906,20656,25277,79,3262,620,27,22.31
10,2019,Warframe,34398.86,-8083.36,-19.03%,60931,230410,Oct-19,76,944033,81768,50320,246,8299,1270,110,11.55
10,2019,World of Warships,4833.57,55.33,1.16%,9365,552990,Oct-19,49,1951102,59334,10071,169,4333,2625,79,32.88
10,2019,Yu-Gi-Oh! Duel Links,6729.34,272.99,4.23%,9958,601510,Oct-19,140,428887,11421,3752,34,1568,577,15,37.55
11,2019,7 Days to Die,19323.04,5596.26,40.77%,37024,251570,Nov-19,56,1758873,98259,20463,307,8057,2446,136,17.9
11,2019,ARK: Survival Evolved,36183.73,4927.5,15.76%,62857,346110,Nov-19,80,974473,96386,25600,254,7624,1355,134,10.11
11,2019,Age of Empires II: Definitive Edition,13842.64,-,-,26767,813780,Nov-19,45,2662781,22891,105936,199,3816,3703,31,116.32
11,2019,Arma 3,10560.82,-761.46,-6.73%,22119,107410,Nov-19,188,259410,36852,8142,219,4105,360,51,7.04
11,2019,Beat Saber,1324.96,25.06,1.93%,2805,620980,Nov-19,162,328940,33078,21960,100,8442,457,46,9.94
11,2019,Bloons TD 6,1645.44,333.04,25.38%,5266,960090,Nov-19,143,402629,2758,13143,19,610,559,3,145.99
11,2019,Counter-Strike: Global Offensive,426080.81,17085.5,4.18%,758412,730,Nov-19,4,35606495,890153,299143,2500,129703,49522,1238,40
11,2019,DayZ,8966.15,-495.68,-5.24%,16330,221100,Nov-19,73,1122152,80173,7313,214,7968,1560,111,14
11,2019,Dead by Daylight,23463.37,3079.29,15.11%,52818,381210,Nov-19,21,9635123,470634,56086,1555,45355,13400,654,20.47
11,2019,Destiny 2,107955.77,-57352.05,-34.69%,195407,1085660,Nov-19,24,5881172,511190,27502,1590,53302,8179,710,11.5
11,2019,Don't Starve Together,9877.36,1835.63,22.83%,22538,322330,Nov-19,133,420871,24849,15085,90,3847,585,34,16.94
11,2019,Dota 2,401931.8,13575.94,3.50%,708517,570,Nov-19,5,34770932,428219,243245,1267,30472,48360,595,81.2
11,2019,Dota Underlords,16407.38,-3200.57,-16.32%,32872,1046930,Nov-19,68,1183349,24081,8474,89,3184,1645,33,49.14
11,2019,EVE Online,3946.67,1255.46,46.65%,8015,8500,Nov-19,159,334773,14951,15950,49,1131,465,20,22.39
11,2019,Euro Truck Simulator 2,16751.04,1015.2,6.45%,36287,227300,Nov-19,103,670482,71683,11739,306,9505,932,99,9.35
11,2019,Europa Universalis IV,11581.75,-66,-0.57%,20664,236850,Nov-19,124,496834,10529,5072,42,841,691,14,47.19
11,2019,FINAL FANTASY XIV Online,11354.67,1661.26,17.14%,19876,39210,Nov-19,36,3760497,212298,34624,1150,14340,5230,295,17.71
11,2019,Factorio,7931.22,427.99,5.70%,13790,427520,Nov-19,166,305744,15974,8354,61,1610,425,22,19.14
11,2019,Fallout: New Vegas,3473.59,669.43,23.87%,6768,22380,Nov-19,193,250679,11413,5394,33,1932,348,15,21.96
11,2019,Farming Simulator 19,11003.59,417.41,3.94%,24579,787860,Nov-19,142,402857,41080,5423,157,4407,560,57,9.81
11,2019,Football Manager 2020,26966.3,-,-,68053,1100600,Nov-19,59,1630788,22414,24476,93,1582,2268,31,72.76
11,2019,For Honor,3316.21,330.31,11.06%,7355,304390,Nov-19,96,732784,43414,8462,255,7049,1019,60,16.88
11,2019,Golf It!,365.29,85.1,30.37%,1142,571740,Nov-19,125,487050,3471,64877,101,1246,677,4,140.32
11,2019,Grand Theft Auto V,68842.93,10186.85,17.37%,138540,271590,Nov-19,6,33148853,567027,213843,1653,60014,46104,788,58.46
11,2019,Grand Theft Auto: San Andreas,804.8,114.12,16.52%,1662,12120,Nov-19,186,262796,15673,10059,60,3087,365,21,16.77
11,2019,Hearts of Iron IV,15577.42,512.64,3.40%,27610,394360,Nov-19,181,274136,8896,3070,43,1231,381,12,30.82
11,2019,Hunt: Showdown,2910.78,-658.73,-18.45%,5806,594650,Nov-19,176,291750,35168,3112,110,3572,405,48,8.3
11,2019,Knight Online,1257.86,60.81,5.08%,1858,389430,Nov-19,114,581082,9410,4364,37,681,808,13,61.75
11,2019,Left 4 Dead 2,9537.45,1284.7,15.57%,22226,550,Nov-19,97,727857,20843,16877,123,5867,1012,28,34.92
11,2019,MapleStory,829.85,204.65,32.73%,1809,216150,Nov-19,107,660479,34083,6713,107,2885,918,47,19.38
11,2019,Monster Hunter: World,22666.75,-8273.54,-26.74%,60774,582010,Nov-19,72,1150444,101951,9689,270,10907,1600,141,11.28
11,2019,Mortal Kombat 11,1378,10.88,0.80%,3174,976310,Nov-19,115,577756,27754,9874,149,5000,803,38,20.82
11,2019,NBA 2K20,10499.27,-624.32,-5.61%,19531,1089350,Nov-19,47,2309215,182137,12560,1078,21972,3211,253,12.68
11,2019,Noita,1178.95,-803.76,-40.54%,2317,881100,Nov-19,182,271650,7973,8637,30,1243,377,11,34.07
11,2019,Paladins,12343.76,1447.72,13.29%,23223,444090,Nov-19,116,562027,61002,41213,164,10480,781,84,9.21
11,2019,Path of Exile,12076.74,-2830.72,-18.99%,24832,238960,Nov-19,32,4048197,77526,257319,341,6812,5630,107,52.22
11,2019,Planet Zoo,14391.85,-,-,38457,703080,Nov-19,29,4719447,78739,78337,742,8677,6563,109,59.94
11,2019,Pummel Party,323.1,-100.59,-23.74%,845,880940,Nov-19,183,270966,4885,39990,33,1872,376,6,55.47
11,2019,Quake Champions,526.13,6.19,1.19%,1075,611500,Nov-19,152,359424,12437,15497,53,1391,499,17,28.9
11,2019,Resident Evil 2,1165.52,476.33,69.11%,4251,883710,Nov-19,147,389681,29899,10249,180,5741,541,41,13.03
11,2019,RimWorld,10029.64,-15.51,-0.15%,15292,294100,Nov-19,109,630778,22109,14482,61,2106,877,30,28.53
11,2019,Rocket League,32519.97,-528.82,-1.60%,60075,252950,Nov-19,25,5659680,254760,85526,633,50438,7871,354,22.22
11,2019,Russian Fishing 4,2528.39,84.03,3.44%,4746,766570,Nov-19,199,232381,13094,1432,45,759,323,18,17.75
11,2019,Rust,43507.96,-3196.42,-6.84%,74292,252490,Nov-19,48,2273826,117877,23045,349,12086,3162,163,19.29
11,2019,SMITE,8626.64,1143.61,15.28%,16378,386360,Nov-19,50,2092933,96385,46442,278,10435,2910,134,21.71
11,2019,Sid Meier's Civilization V,19876.48,439.31,2.26%,30669,8930,Nov-19,102,685972,7695,13866,30,1028,954,10,89.15
11,2019,Sid Meier's Civilization VI,23640.35,-1313.73,-5.26%,42632,289070,Nov-19,165,306136,11076,8151,46,1639,425,15,27.64
11,2019,Slay the Spire,4971.79,-498.15,-9.11%,7128,646570,Nov-19,129,438316,11815,4188,37,2385,609,16,37.1
11,2019,Stardew Valley,10855.15,1922.73,21.53%,35053,413150,Nov-19,110,630598,43176,9492,218,7647,877,60,14.61
11,2019,Street Fighter V,1258.71,222.09,21.42%,2436,310950,Nov-19,67,1241838,26515,34624,76,2967,1727,36,46.84
11,2019,The Elder Scrolls Online,11531.79,370.82,3.32%,21527,306130,Nov-19,64,1348450,49629,15115,145,4333,1875,69,27.17
11,2019,The Elder Scrolls V: Skyrim,7163.39,188.51,2.70%,12631,72850,Nov-19,146,390385,49790,4325,130,7236,542,69,7.84
11,2019,The Forest,4576.47,877.75,23.73%,10848,242760,Nov-19,171,300038,32154,9963,108,6968,417,44,9.33
11,2019,The Witcher 3: Wild Hunt,13160.64,3260.46,32.93%,26594,292030,Nov-19,136,416812,42142,7748,128,6249,579,58,9.89
11,2019,Tom Clancy's Rainbow Six Siege,66499.28,866.8,1.32%,123848,359550,Nov-19,22,8832329,628954,80020,1608,98687,12284,874,14.04
11,2019,VRChat,6878.56,-13.3,-0.19%,10701,438100,Nov-19,77,1016335,52088,14971,166,5281,1413,72,19.51
11,2019,War Thunder,12414.53,-132.89,-1.06%,21420,236390,Nov-19,191,254080,31683,2970,89,4065,353,44,8.02
11,2019,Warframe,46092.73,11693.86,33.99%,87616,230410,Nov-19,71,1151095,99125,52932,262,10159,1600,137,11.61
11,2019,World of Warships,5427.41,593.85,12.29%,10845,552990,Nov-19,58,1696457,54160,7016,160,3994,2359,75,31.32
11,2019,Yu-Gi-Oh! Duel Links,5960.38,-768.96,-11.43%,8779,601510,Nov-19,160,333232,10574,2825,41,1394,463,14,31.51
12,2019,7 Days to Die,16400.15,-2922.88,-15.13%,28088,251570,Dec-19,84,1106939,79444,27020,192,7238,1489,106,13.93
12,2019,ARK: Survival Evolved,40473.32,4289.58,11.86%,66043,346110,Dec-19,37,3197037,113458,33736,312,8880,4302,152,28.18
12,2019,Age of Empires II: Definitive Edition,11139.27,-2703.36,-19.53%,20269,813780,Dec-19,45,2633779,32257,34716,100,3882,3544,43,81.65
12,2019,Arma 3,11582.87,1022.05,9.68%,22863,107410,Dec-19,146,428862,39575,11464,205,4639,577,53,10.84
12,2019,BONEWORKS,1371.44,-,-,3820,823500,Dec-19,167,361796,13695,22796,285,3444,486,18,26.42
12,2019,Beat Saber,1817.05,492.09,37.14%,4395,620980,Dec-19,160,383080,36083,14082,116,10355,515,48,10.62
12,2019,Black Mesa,1111.05,825.06,288.49%,2882,362890,Dec-19,174,329635,7369,9132,37,1364,443,9,44.73
12,2019,Celeste,575.31,102.36,21.64%,978,504230,Dec-19,192,289854,14029,5445,57,2997,390,18,20.66
12,2019,Conan Exiles,10842.3,4976.65,84.84%,21129,440900,Dec-19,57,1945519,41230,26424,121,3655,2618,55,47.19
12,2019,Counter-Strike: Global Offensive,456701.56,30620.76,7.19%,767060,730,Dec-19,4,40460483,977970,322386,2695,146003,54455,1316,41.37
12,2019,DayZ,12561.04,3594.89,40.09%,24254,221100,Dec-19,47,2543960,116929,43006,329,11944,3423,157,21.76
12,2019,Dead by Daylight,23102.8,-360.58,-1.54%,38177,381210,Dec-19,20,10210545,477824,42933,1189,46360,13742,643,21.37
12,2019,Destiny 2,92170.98,-15784.79,-14.62%,138593,1085660,Dec-19,24,5701369,454607,78704,1936,45579,7673,611,12.54
12,2019,Don't Starve Together,12209.43,2332.07,23.61%,25760,322330,Dec-19,106,688545,31058,21833,87,4943,926,41,22.17
12,2019,Dota 2,384179.76,-17752.05,-4.42%,685165,570,Dec-19,6,34260252,419408,200393,1072,30022,46110,564,81.69
12,2019,Dota Underlords,11846.79,-4560.58,-27.80%,20177,1046930,Dec-19,131,559008,14409,6922,48,2077,752,19,38.8
12,2019,Euro Truck Simulator 2,21789.6,5038.56,30.08%,45971,227300,Dec-19,72,1430811,93910,30098,320,12984,1925,126,15.24
12,2019,Europa Universalis IV,12400.61,818.85,7.07%,20805,236850,Dec-19,170,342868,9880,13160,41,883,461,13,34.7
12,2019,FINAL FANTASY XIV Online,9692.96,-1661.71,-14.63%,15898,39210,Dec-19,60,1935782,187627,29622,832,13462,2605,252,10.32
12,2019,Farming Simulator 19,10823.7,-179.89,-1.63%,22425,787860,Dec-19,149,425938,43683,31361,172,4636,573,58,9.75
12,2019,Football Manager 2020,41888.27,14921.97,55.34%,75131,1100600,Dec-19,95,796696,20999,22824,82,1485,1072,28,37.94
12,2019,GTFO,2476.85,2474.96,130763.39%,5224,493520,Dec-19,65,1644672,36648,57986,181,8286,2213,49,44.88
12,2019,Garry's Mod,24260.67,2726.91,12.66%,44534,4000,Dec-19,155,403319,19554,63722,80,5787,542,26,20.63
12,2019,Grand Theft Auto V,97777.69,28934.76,42.03%,204137,271590,Dec-19,5,37868145,751436,143326,2190,93082,50966,1011,50.39
12,2019,Grand Theft Auto: San Andreas,962.27,157.47,19.57%,1947,12120,Dec-19,158,393471,16346,7736,54,3442,529,22,24.07
12,2019,Hades,4388.93,-,-,6196,1145360,Dec-19,115,653636,14483,16365,58,2500,879,19,45.13
12,2019,Halo: The Master Chief Collection,24748.92,-,-,93305,976730,Dec-19,28,5097737,243597,136672,3441,44550,6861,327,20.93
12,2019,Hearts of Iron IV,16214.75,637.33,4.09%,28404,394360,Dec-19,187,296267,8540,25901,31,1203,398,11,34.69
12,2019,Hollow Knight,2855.38,173.18,6.46%,7297,367520,Dec-19,196,282292,25529,7832,78,4056,379,34,11.06
12,2019,Human: Fall Flat,5420.1,493.32,10.01%,19095,477160,Dec-19,181,311936,15580,19963,60,6499,419,20,20.02
12,2019,Hunt: Showdown,4536.84,1626.06,55.86%,12968,594650,Dec-19,129,568594,54459,8476,208,5719,765,73,10.44
12,2019,Kenshi,3747.58,469.78,14.33%,6166,233860,Dec-19,165,371381,6132,6836,23,606,499,8,60.56
12,2019,Kingdom Come: Deliverance,2390.07,-35.07,-1.45%,5952,379430,Dec-19,197,277506,6728,30758,24,1029,373,9,41.25
12,2019,Knight Online,1292.95,35.09,2.79%,1820,389430,Dec-19,107,687335,12087,6958,54,708,925,16,56.87
12,2019,Left 4 Dead 2,11214.19,1676.74,17.58%,23710,550,Dec-19,163,375359,22060,17437,69,6265,505,29,17.02
12,2019,MapleStory,1417.38,587.53,70.80%,2017,216150,Dec-19,73,1333001,52131,8756,247,4542,1794,70,25.57
12,2019,Monster Hunter: World,30498.98,7832.23,34.55%,69511,582010,Dec-19,38,3065932,156725,27200,401,15700,4126,210,19.56
12,2019,Mortal Kombat 11,1715.24,337.24,24.47%,3518,976310,Dec-19,143,461102,28949,13619,74,5395,620,38,15.93
12,2019,Mount & Blade: Warband,6402.44,239.81,3.89%,11053,48700,Dec-19,102,724561,5274,14949,23,931,975,7,137.38
12,2019,NBA 2K20,12126.01,1626.74,15.49%,20953,1089350,Dec-19,49,2508346,200369,12735,670,26561,3375,269,12.52
12,2019,Paladins,12501.71,157.96,1.28%,21122,444090,Dec-19,142,462477,63298,4227,161,11091,622,85,7.31
12,2019,Path of Exile,41688.04,29611.3,245.19%,117757,238960,Dec-19,10,19374693,324264,146028,3094,19897,26076,436,59.75
12,2019,Planet Zoo,7382.46,-7009.39,-48.70%,15271,703080,Dec-19,97,766707,25623,16878,113,3655,1031,34,29.92
12,2019,Portal 2,4012.37,2145.07,114.87%,9291,620,Dec-19,190,292623,14180,20063,54,4671,393,19,20.64
12,2019,Pummel Party,886.79,563.69,174.46%,3545,880940,Dec-19,98,756193,12029,36865,99,4056,1017,16,62.86
12,2019,Raft,8008.16,6540.7,445.72%,16568,648800,Dec-19,52,2236637,53718,37023,172,9946,3010,72,41.64
12,2019,Red Dead Redemption 2,28626.27,-,-,55269,1174180,Dec-19,42,2743267,243971,25729,689,28523,3692,328,11.24
12,2019,Resident Evil 2,3416.83,2251.31,193.16%,6055,883710,Dec-19,101,730470,65818,5889,192,12871,983,88,11.1
12,2019,RimWorld,9969.46,-60.18,-0.60%,15356,294100,Dec-19,139,505096,19954,5524,66,2061,679,26,25.31
12,2019,Risk of Rain 2,7172.19,4453.99,163.86%,21395,632360,Dec-19,152,409067,30060,11306,176,6933,550,40,13.61
12,2019,Rocket League,39973.71,7453.74,22.92%,80213,252950,Dec-19,23,6177142,311157,240598,881,64297,8313,418,19.85
12,2019,Rust,49094.84,5586.88,12.84%,81928,252490,Dec-19,43,2727133,145530,33839,413,16167,3670,195,18.74
12,2019,SMITE,9020.21,393.57,4.56%,14899,386360,Dec-19,66,1601116,102314,5349,267,11483,2154,137,15.65
12,2019,Shadowverse,3232.79,749.7,30.19%,14273,453480,Dec-19,180,312433,11166,5672,79,948,420,15,27.98
12,2019,Sid Meier's Civilization V,20314.31,437.83,2.20%,31810,8930,Dec-19,164,371851,8503,30032,37,1130,500,11,43.73
12,2019,Sid Meier's Civilization VI,29679.81,6039.46,25.55%,51209,289070,Dec-19,168,357687,15808,7675,53,2541,481,21,22.63
12,2019,Slay the Spire,5924.18,952.39,19.16%,10057,646570,Dec-19,133,555633,14625,10660,44,2912,747,19,37.99
12,2019,Stardew Valley,24148.56,13293.41,122.46%,38024,413150,Dec-19,62,1776499,83495,17614,211,12564,2390,112,21.28
12,2019,Street Fighter V,1949.08,690.37,54.85%,4334,310950,Dec-19,33,3754280,41227,112182,154,4478,5052,55,91.06
12,2019,Subnautica,2784.7,948.46,51.65%,5211,264710,Dec-19,177,319919,28301,5572,81,5421,430,38,11.3
12,2019,Subnautica: Below Zero,1257.69,584.71,86.88%,2971,848450,Dec-19,176,324586,6833,33121,27,1279,436,9,47.5
12,2019,Terraria,35587.14,14576.17,69.37%,57927,105600,Dec-19,137,522738,59682,13148,157,11573,703,80,8.76
12,2019,The Elder Scrolls Online,12472.22,940.43,8.16%,23749,306130,Dec-19,67,1594458,57487,16272,146,5227,2145,77,27.74
12,2019,The Elder Scrolls V: Skyrim,7496.63,333.24,4.65%,12895,72850,Dec-19,138,521534,59704,10299,175,9002,701,80,8.74
12,2019,The Forest,6364.97,1788.51,39.08%,15029,242760,Dec-19,184,304407,46567,9863,156,10274,409,62,6.54
12,2019,The Witcher 3: Wild Hunt,27360.04,14199.4,107.89%,94601,292030,Dec-19,56,1966289,102872,31898,587,19309,2646,138,19.11
12,2019,Tom Clancy's Rainbow Six Siege,78228.73,11729.45,17.64%,138681,359550,Dec-19,17,11662933,779514,68913,1976,118207,15697,1049,14.96
12,2019,Transport Fever 2,9877.14,-,-,23150,1066780,Dec-19,100,739280,16594,26412,150,1680,994,22,44.55
12,2019,VRChat,7346.6,468.04,6.80%,11163,438100,Dec-19,76,1217636,55274,13055,163,6052,1638,74,22.03
12,2019,Warframe,47143.02,1050.29,2.28%,84081,230410,Dec-19,55,2116162,120964,64366,315,12630,2848,162,17.49
12,2019,World of Warships,6909.15,1481.74,27.30%,14168,552990,Dec-19,51,2294773,59767,11909,163,4367,3088,80,38.4
12,2019,Yu-Gi-Oh! Duel Links,5213.27,-747.11,-12.53%,7699,601510,Dec-19,182,310418,9066,2358,30,1212,417,12,34.24
1,2020,7 Days to Die,16550.55,150.39,0.92%,27981,251570,Jan-20,98,968474,83832,6825,203,7268,1303,112,11.55
1,2020,ARK: Survival Evolved,45655.85,5182.54,12.80%,74200,346110,Jan-20,39,3775545,146969,41684,414,10776,5081,197,25.69
1,2020,Age of Empires II: Definitive Edition,11140.03,0.76,0.01%,21231,813780,Jan-20,45,3321795,32917,53430,87,3573,4470,44,100.91
1,2020,Albion Online,2949.22,358.38,13.83%,5447,761890,Jan-20,199,351531,20122,6277,71,1956,473,27,17.47
1,2020,Beat Saber,1847.85,30.8,1.69%,4404,620980,Jan-20,193,361309,39375,7807,113,10216,486,52,9.18
1,2020,Conan Exiles,11660.03,817.74,7.54%,20972,440900,Jan-20,31,4553791,59610,37852,145,4041,6128,80,76.39
1,2020,Counter-Strike: Global Offensive,501196,44494.44,9.74%,817229,730,Jan-20,7,33893286,1217678,257488,3371,168202,45616,1638,27.83
1,2020,DOOM,2464.74,495.14,25.14%,6868,379720,Jan-20,91,1038863,24538,138424,94,6049,1398,33,42.34
1,2020,DRAGON BALL Z: KAKAROT,11558.78,-,-,25715,851850,Jan-20,20,9161843,245638,115615,2157,29163,12330,330,37.3
1,2020,DayZ,14731.7,2170.67,17.28%,25661,221100,Jan-20,70,1544010,125496,27652,362,12314,2078,168,12.3
1,2020,Dead by Daylight,23582.15,479.35,2.07%,44620,381210,Jan-20,17,10223157,525684,30565,1219,50373,13759,707,19.45
1,2020,Destiny 2,65955.1,-26215.88,-28.44%,108724,1085660,Jan-20,23,6709117,416818,157168,1027,41292,9029,560,16.1
1,2020,Devil May Cry 5,1332.96,-235.78,-15.03%,3011,601150,Jan-20,170,415479,13116,144037,40,3208,559,17,31.68
1,2020,Don't Starve Together,12936.17,726.74,5.95%,28747,322330,Jan-20,138,606935,31532,8368,94,4610,816,42,19.25
1,2020,Dota 2,378925.43,-5254.32,-1.37%,616415,570,Jan-20,5,44025208,442024,364279,1055,30616,59253,594,99.6
1,2020,Dragon's Dogma: Dark Arisen,755.77,79.16,11.70%,1339,367500,Jan-20,140,583703,4111,29194,16,527,785,5,141.99
1,2020,Eco,806.4,331.54,69.82%,2193,382310,Jan-20,173,410701,3120,7014,18,350,552,4,131.63
1,2020,Euro Truck Simulator 2,18884.25,-2905.35,-13.33%,39419,227300,Jan-20,114,744559,89138,15621,320,11508,1002,119,8.35
1,2020,Europa Universalis IV,13379.9,979.29,7.90%,26364,236850,Jan-20,163,457874,10812,4568,49,996,616,14,42.35
1,2020,FINAL FANTASY XIV Online,10660.06,967.1,9.98%,17465,39210,Jan-20,68,1631144,175048,9260,739,13110,2195,235,9.32
1,2020,Farming Simulator 19,10879.04,55.33,0.51%,22350,787860,Jan-20,148,551841,54062,5842,414,6681,742,72,10.21
1,2020,Football Manager 2020,45252,3363.73,8.03%,77827,1100600,Jan-20,104,830545,19934,8596,74,1437,1117,26,41.66
1,2020,Frostpunk,4135.57,2140.84,107.33%,15116,323190,Jan-20,117,731512,14042,25489,103,2638,984,18,52.09
1,2020,GTFO,1332.23,-1144.62,-46.21%,2710,493520,Jan-20,144,573121,21442,42684,83,5190,771,28,26.73
1,2020,Garry's Mod,26582.47,2321.8,9.57%,49001,4000,Jan-20,141,582528,23885,30633,90,6304,784,32,24.39
1,2020,Grand Theft Auto V,111300.2,13522.51,13.83%,214796,271590,Jan-20,6,42646840,936367,157557,2520,110069,57398,1260,45.55
1,2020,Grand Theft Auto: San Andreas,1122.66,160.38,16.67%,2079,12120,Jan-20,61,1921973,22565,130601,73,4521,2586,30,85.17
1,2020,Hades,4234.54,-154.39,-3.52%,8086,1145360,Jan-20,65,1734396,27481,35544,99,4121,2334,36,63.11
1,2020,Halo: The Master Chief Collection,6451.55,-18297.37,-73.93%,18800,976730,Jan-20,137,607447,60597,6417,273,11914,817,81,10.02
1,2020,Hollow Knight,4027.04,1171.66,41.03%,7036,367520,Jan-20,119,713870,34711,15403,89,4958,960,46,20.57
1,2020,Hunt: Showdown,4540.92,4.08,0.09%,9065,594650,Jan-20,107,786074,60528,20383,180,5614,1057,81,12.99
1,2020,Knight Online,1300.06,7.11,0.55%,1918,389430,Jan-20,106,798605,12807,6843,47,799,1074,17,62.36
1,2020,Left 4 Dead 2,12134.26,920.07,8.20%,22868,550,Jan-20,175,397557,25279,11514,84,6469,535,34,15.73
1,2020,MapleStory,1318.04,-99.34,-7.01%,1862,216150,Jan-20,62,1853144,62434,16119,240,5303,2494,84,29.68
1,2020,Monster Hunter: World,113236.24,82737.26,271.28%,284090,582010,Jan-20,19,9202214,319826,66169,1196,25265,12385,430,28.77
1,2020,Mortal Kombat 11,1948.34,233.1,13.59%,3909,976310,Jan-20,115,735165,34110,32046,226,6454,989,45,21.55
1,2020,Mount & Blade: Warband,7952.24,1549.81,24.21%,12949,48700,Jan-20,85,1135940,9889,15873,32,1300,1528,13,114.87
1,2020,My Summer Car,684.58,46.87,7.35%,1422,516750,Jan-20,152,534291,5623,29434,25,688,719,7,95.02
1,2020,NBA 2K20,13803.73,1677.72,13.84%,27529,1089350,Jan-20,48,2917366,229830,16345,682,30278,3926,309,12.69
1,2020,Paladins,13883.41,1381.7,11.05%,26050,444090,Jan-20,109,770073,83753,8509,255,13794,1036,112,9.19
1,2020,Path of Exile,39978.76,-1709.28,-4.10%,84600,238960,Jan-20,13,14629734,282855,52746,697,17101,19690,380,51.72
1,2020,Plague Inc: Evolved,2403.66,1730.21,256.92%,17889,246620,Jan-20,126,685173,3441,37226,42,1382,922,4,199.12
1,2020,Portal 2,3119.34,-893.03,-22.26%,8386,620,Jan-20,188,372182,13297,28813,50,4032,500,17,27.99
1,2020,Pummel Party,995.15,108.36,12.22%,3378,880940,Jan-20,128,667305,15067,35905,99,4878,898,20,44.29
1,2020,Raft,5595.81,-2412.35,-30.12%,15164,648800,Jan-20,99,950547,39527,36012,138,7618,1279,53,24.05
1,2020,Red Dead Redemption 2,25117.06,-3509.21,-12.26%,51030,1174180,Jan-20,72,1415140,182212,24707,477,22141,1904,245,7.77
1,2020,Resident Evil 2,2851.56,-565.27,-16.54%,5556,883710,Jan-20,82,1168260,70600,15016,202,12434,1572,95,16.55
1,2020,Resident Evil 4,473.53,63.13,15.38%,847,254700,Jan-20,161,475073,16667,175922,55,2890,639,22,28.5
1,2020,RimWorld,12110.73,2141.26,21.48%,18083,294100,Jan-20,133,625158,25740,4552,70,2416,841,34,24.29
1,2020,Rocket League,41923.12,1949.41,4.88%,81639,252950,Jan-20,25,5679366,379221,54967,953,75446,7643,510,14.98
1,2020,Rust,51620.39,2525.55,5.14%,97340,252490,Jan-20,49,2851099,165956,15907,638,16879,3837,223,17.18
1,2020,SMITE,9659.47,639.26,7.09%,16104,386360,Jan-20,63,1839608,121506,16464,338,12954,2475,163,15.14
1,2020,Shadowverse,3769.74,536.94,16.61%,10676,453480,Jan-20,197,354284,11158,6629,45,922,476,15,31.75
1,2020,Slay the Spire,10919.48,4995.31,84.32%,20383,646570,Jan-20,93,1022382,24725,19100,86,4871,1376,33,41.35
1,2020,Space Engineers,8467.19,2803.76,49.51%,15496,244850,Jan-20,194,359847,17925,6917,56,1840,484,24,20.08
1,2020,Stardew Valley,24356.22,207.65,0.86%,39046,413150,Jan-20,83,1150623,89011,10235,226,13002,1548,119,12.93
1,2020,Street Fighter V,1989.07,39.99,2.05%,3101,310950,Jan-20,52,2602393,41422,86365,110,4678,3502,55,62.83
1,2020,Subnautica,3054.18,269.48,9.68%,5433,264710,Jan-20,121,710962,33505,112385,99,5611,956,45,21.22
1,2020,Temtem,21967.39,-,-,39501,745920,Jan-20,42,3563811,104060,97027,1332,16278,4796,140,34.25
1,2020,Terraria,29514.3,-6072.84,-17.06%,49672,105600,Jan-20,102,925457,53382,185307,156,9155,1245,71,17.34
1,2020,The Elder Scrolls Online,15416.94,2944.73,23.61%,28238,306130,Jan-20,54,2246992,75859,68217,211,7146,3024,102,29.62
1,2020,The Elder Scrolls V: Skyrim,8211.45,714.82,9.54%,14280,72850,Jan-20,135,616061,73470,5360,171,10145,829,98,8.39
1,2020,The Forest,7194.89,829.92,13.04%,19189,242760,Jan-20,113,745423,50889,21283,159,10411,1003,68,14.65
1,2020,The Witcher 3: Wild Hunt,48217.32,20857.28,76.23%,103329,292030,Jan-20,24,6282969,223895,40643,700,30165,8456,301,28.06
1,2020,Tom Clancy's Rainbow Six Siege,94185.78,15957.06,20.40%,157948,359550,Jan-20,16,11764294,983629,54126,2483,138979,15833,1323,11.96
1,2020,UNO,660.74,7.21,1.10%,2097,470220,Jan-20,178,388478,10106,44736,61,6270,522,13,38.44
1,2020,VRChat,7972.94,626.35,8.53%,14444,438100,Jan-20,87,1088220,60561,5098,310,6490,1464,81,17.97
1,2020,Warframe,36264.08,-10878.94,-23.08%,59186,230410,Jan-20,89,1055309,100002,55810,235,10504,1420,134,10.55
1,2020,World of Warships,7399.93,490.77,7.10%,13968,552990,Jan-20,58,2111041,61464,9610,174,4510,2841,82,34.35
1,2020,Yu-Gi-Oh! Duel Links,5742.14,528.87,10.14%,8302,601510,Jan-20,174,402429,11993,3094,38,1439,541,16,33.56
2,2020,7 Days to Die,16952.06,401.51,2.43%,28339,251570,Feb-20,102,832733,73716,5467,197,6199,1198,106,11.3
2,2020,ARK: Survival Evolved,53394.18,7738.33,16.95%,138648,346110,Feb-20,46,2612791,151989,40993,815,12045,3759,218,17.19
2,2020,Age of Empires II: Definitive Edition,11152.02,11.99,0.11%,20924,813780,Feb-20,56,1989402,26259,19356,81,2755,2862,37,75.76
2,2020,Albion Online,3704.04,754.81,25.59%,6223,761890,Feb-20,193,354864,21673,2917,69,1973,510,31,16.37
2,2020,Arma 3,13315.19,-1388.23,-9.44%,26403,107410,Feb-20,159,460934,53242,5509,278,5126,663,76,8.66
2,2020,Beat Saber,1638.81,-209.03,-11.31%,3157,620980,Feb-20,180,385591,37347,12280,118,8765,554,53,10.32
2,2020,Bloons TD 6,4947.41,-1172.76,-19.16%,10185,960090,Feb-20,128,599600,13273,27354,54,2498,862,19,45.17
2,2020,Conan Exiles,9393.93,-2266.1,-19.43%,16460,440900,Feb-20,38,3384917,47368,23748,151,3077,4870,68,71.46
2,2020,Counter-Strike: Global Offensive,543979.15,42783.15,8.54%,916996,730,Feb-20,4,49796451,1135106,614792,3212,154126,71649,1633,43.87
2,2020,Cuphead,887.71,-98.26,-9.97%,1542,268910,Feb-20,166,438929,10223,25564,40,3256,631,14,42.94
2,2020,DOOM,2824.97,360.23,14.62%,6673,379720,Feb-20,174,402605,30764,23269,98,7157,579,44,13.09
2,2020,DRAGON BALL Z: KAKAROT,2904.07,-8654.72,-74.88%,9344,851850,Feb-20,80,1055787,81001,15438,407,11893,1519,116,13.03
2,2020,Danganronpa 2: Goodbye Despair,410.63,7.69,1.91%,598,413420,Feb-20,140,547963,3206,12370,14,265,788,4,170.92
2,2020,Danganronpa: Trigger Happy Havoc,301.49,-54.43,-15.29%,522,413410,Feb-20,95,886765,4192,14314,19,458,1275,6,211.54
2,2020,DayZ,17739.01,3007.3,20.41%,40545,221100,Feb-20,72,1215414,106105,20476,305,10941,1748,152,11.45
2,2020,Dead Cells,3782.47,1964.64,108.08%,9717,588650,Feb-20,153,492580,20617,19229,109,4770,708,29,23.89
2,2020,Dead by Daylight,23421.23,-160.92,-0.68%,38942,381210,Feb-20,16,10475445,497495,56698,1083,45723,15072,715,21.06
2,2020,Deceit,1854.93,427.2,29.92%,4475,466240,Feb-20,150,497910,12788,19071,56,4564,716,18,38.94
2,2020,Destiny 2,63048.62,-2906.48,-4.41%,93065,1085660,Feb-20,28,4584474,367942,19157,1005,35308,6596,529,12.46
2,2020,Don't Starve Together,14346.44,1410.27,10.90%,29919,322330,Feb-20,173,402680,26717,8420,81,3896,579,38,15.07
2,2020,Dota 2,405978.65,27053.22,7.14%,663812,570,Feb-20,7,34971672,436925,236718,1176,29417,50318,628,80.04
2,2020,Dota Underlords,10598.43,1097.87,11.56%,30553,1046930,Feb-20,185,376249,13032,20152,103,2010,541,18,28.87
2,2020,Dragon's Dogma: Dark Arisen,954.07,198.3,26.24%,2081,367500,Feb-20,121,656883,5033,27620,20,646,945,7,130.52
2,2020,Euro Truck Simulator 2,18775.39,-108.86,-0.58%,41328,227300,Feb-20,132,581210,77818,5441,315,9943,836,111,7.47
2,2020,Europa Universalis IV,14872.28,1492.38,11.15%,26619,236850,Feb-20,165,445253,11038,4153,46,989,640,15,40.34
2,2020,FINAL FANTASY XIV Online,13055.68,2395.61,22.47%,25612,39210,Feb-20,44,2781625,261416,35026,1586,16019,4002,376,10.64
2,2020,Farming Simulator 19,11890.83,1011.79,9.30%,25948,787860,Feb-20,76,1116890,104669,16503,557,13227,1607,150,10.67
2,2020,Football Manager 2020,47551.63,2299.63,5.08%,82413,1100600,Feb-20,134,578584,18241,11821,68,1404,832,26,31.72
2,2020,For Honor,3712.04,840.4,29.27%,6720,304390,Feb-20,158,464229,38565,25648,135,6348,667,55,12.04
2,2020,GTFO,868.86,-463.36,-34.78%,2357,493520,Feb-20,170,423278,12573,29885,74,3218,609,18,33.67
2,2020,Garry's Mod,24805.03,-1777.43,-6.69%,45063,4000,Feb-20,160,460253,21768,17524,86,5497,662,31,21.14
2,2020,Grand Theft Auto V,142724.48,31424.28,28.23%,267360,271590,Feb-20,6,43423533,917355,132945,2661,100907,62479,1319,47.34
2,2020,Grand Theft Auto: San Andreas,1229.36,106.71,9.50%,2728,12120,Feb-20,123,617271,20425,18428,73,3824,888,29,30.22
2,2020,Hades,2511.35,-1723.18,-40.69%,5566,1145360,Feb-20,190,362505,14272,7441,56,2285,521,20,25.4
2,2020,Halo: The Master Chief Collection,3192.36,-3259.18,-50.52%,7619,976730,Feb-20,188,366724,35566,4479,157,6895,527,51,10.31
2,2020,Hearts of Iron IV,20048.47,2370.23,13.41%,46234,394360,Feb-20,137,569974,11683,6262,66,1625,820,16,48.79
2,2020,Hollow Knight,4041.67,14.63,0.36%,6945,367520,Feb-20,146,512460,32879,11422,94,4443,737,47,15.59
2,2020,Hunt: Showdown,5487.75,946.82,20.85%,12428,594650,Feb-20,88,970352,82570,12240,344,8971,1396,118,11.75
2,2020,Kingdom Come: Deliverance,3656.85,602.98,19.74%,8352,379430,Feb-20,97,881225,28457,17183,156,3999,1267,40,30.97
2,2020,Knight Online,1299.12,-0.94,-0.07%,1864,389430,Feb-20,113,708966,11131,5431,45,694,1020,16,63.69
2,2020,MapleStory,806.4,-511.64,-38.82%,1277,216150,Feb-20,65,1523815,58159,13016,178,4303,2192,83,26.2
2,2020,Metro Exodus,3656.27,3595.18,5885.44%,15357,412020,Feb-20,120,662254,28541,27136,202,4727,952,41,23.2
2,2020,Monster Hunter: World,106811.93,-6424.31,-5.67%,224419,582010,Feb-20,37,3506723,214834,16068,542,19349,5045,309,16.32
2,2020,Mortal Kombat 11,2004.98,56.64,2.91%,4384,976310,Feb-20,139,557570,31278,13984,107,5780,802,45,17.83
2,2020,Mount & Blade: Warband,8383.85,431.6,5.43%,16305,48700,Feb-20,135,573222,9941,11984,34,1262,824,14,57.66
2,2020,NBA 2K20,20183.86,6380.13,46.22%,35131,1089350,Feb-20,43,2844878,228963,28303,723,28686,4093,329,12.43
2,2020,Paladins,12944.78,-938.63,-6.76%,23114,444090,Feb-20,127,600045,72009,3648,199,11751,863,103,8.33
2,2020,Path of Exile,17581.66,-22397.11,-56.02%,41010,238960,Feb-20,31,4293192,106347,36630,334,8251,6177,153,40.37
2,2020,Plague Inc: Evolved,2206.87,-196.78,-8.19%,6919,246620,Feb-20,178,395658,3906,19736,36,1720,569,5,101.29
2,2020,Pummel Party,778.65,-216.49,-21.75%,2074,880940,Feb-20,85,994085,10565,56660,67,3770,1430,15,94.09
2,2020,Quake Champions,568.18,21.92,4.01%,1157,611500,Feb-20,198,341767,11395,5313,42,1366,491,16,29.99
2,2020,Raft,4723.86,-871.95,-15.58%,11912,648800,Feb-20,189,365926,22739,21796,78,4618,526,32,16.09
2,2020,Red Dead Redemption 2,24265.98,-851.08,-3.39%,50007,1174180,Feb-20,92,906316,123575,14869,320,15253,1304,177,7.33
2,2020,Resident Evil 2,2609.56,-242,-8.49%,6077,883710,Feb-20,116,682122,54972,6124,157,9424,981,79,12.41
2,2020,RimWorld,15436.96,3326.24,27.47%,38204,294100,Feb-20,62,1667883,31839,29544,129,3024,2399,45,52.38
2,2020,Rocket League,40592.15,-1330.97,-3.17%,80454,252950,Feb-20,20,8655808,339652,152454,885,66909,12454,488,25.48
2,2020,Rust,50075.2,-1545.19,-2.99%,92016,252490,Feb-20,27,4776194,152886,30825,526,14473,6872,219,31.24
2,2020,SMITE,10589.99,930.53,9.63%,18336,386360,Feb-20,48,2361816,118510,25843,320,12791,3398,170,19.93
2,2020,Skul: The Hero Slayer,1772.41,-,-,3608,1147560,Feb-20,141,529687,6611,30294,80,1418,762,9,80.12
2,2020,Slay the Spire,9515.04,-1404.44,-12.86%,13209,646570,Feb-20,101,837318,19063,20955,57,3660,1204,27,43.92
2,2020,Stardew Valley,23697.16,-659.06,-2.71%,33885,413150,Feb-20,75,1143276,78398,21550,194,11774,1645,112,14.58
2,2020,Street Fighter V,2324.79,335.72,16.88%,4226,310950,Feb-20,63,1618347,35958,19199,137,4703,2328,51,45.01
2,2020,Subnautica,3173.15,118.96,3.90%,5648,264710,Feb-20,133,579569,34977,10580,108,5710,833,50,16.57
2,2020,Subnautica: Below Zero,1748.31,566.4,47.92%,4656,848450,Feb-20,103,830287,10109,29209,52,1718,1194,14,82.13
2,2020,Temtem,9496.2,-12471.19,-56.77%,27430,745920,Feb-20,71,1228948,71085,12324,389,10030,1768,102,17.29
2,2020,Terraria,27811.01,-1703.28,-5.77%,42862,105600,Feb-20,105,777424,43984,22339,117,7066,1118,63,17.68
2,2020,The Elder Scrolls Online,15738.7,321.76,2.09%,30989,306130,Feb-20,54,2070471,72555,24423,202,6179,2979,104,28.54
2,2020,The Elder Scrolls V: Skyrim,7708.21,-503.24,-6.13%,13674,72850,Feb-20,136,571223,62473,9056,154,8294,821,89,9.14
2,2020,The Forest,6725.16,-469.74,-6.53%,15596,242760,Feb-20,125,610844,41900,25561,152,8529,878,60,14.58
2,2020,The Isle,3953.95,-270.82,-6.41%,6705,376210,Feb-20,108,759240,14339,29864,49,1399,1092,20,52.95
2,2020,The Witcher 3: Wild Hunt,27746.84,-20470.48,-42.45%,62188,292030,Feb-20,50,2167203,103574,29669,344,13221,3118,149,20.92
2,2020,They Are Billions,2986.02,109.79,3.82%,5032,644930,Feb-20,94,889086,6342,19644,23,624,1279,9,140.19
2,2020,Tom Clancy's Rainbow Six Siege,97667.34,3481.55,3.70%,178824,359550,Feb-20,11,17681666,886577,234650,2407,124016,25441,1275,19.94
2,2020,VRChat,7979.7,6.76,0.08%,12178,438100,Feb-20,77,1072777,55662,6883,186,5668,1543,80,19.27
2,2020,Warframe,40934.88,4670.8,12.88%,70798,230410,Feb-20,98,864642,88123,47986,223,9023,1244,126,9.81
2,2020,World of Warships,10468.21,3068.29,41.46%,19807,552990,Feb-20,55,2041307,60421,12756,180,4440,2937,86,33.78
2,2020,Yu-Gi-Oh! Duel Links,5807.12,64.98,1.13%,10458,601510,Feb-20,131,584545,12747,10726,41,1434,841,18,45.86
3,2020,7 Days to Die,18107.24,1155.18,6.81%,35936,251570,Mar-20,129,729236,80171,12573,230,7206,981,107,9.1
3,2020,ARK: Survival Evolved,87738.7,34344.52,64.32%,157355,346110,Mar-20,46,3024507,225503,23061,625,16504,4070,303,13.41
3,2020,Age of Empires II: Definitive Edition,13365.76,2213.73,19.85%,30989,813780,Mar-20,39,3744552,32795,54835,135,3459,5039,44,114.18
3,2020,Beat Saber,1634.69,-4.12,-0.25%,3018,620980,Mar-20,184,436507,42125,30631,126,10113,587,56,10.36
3,2020,Black Mesa,2768.8,2131.67,334.58%,7116,362890,Mar-20,85,1186651,22545,35028,96,3762,1597,30,52.63
3,2020,Borderlands 3,53124.97,-,-,93597,397540,Mar-20,96,1045528,120569,10733,597,16216,1407,162,8.67
3,2020,Call of Duty: Black Ops III,2353.41,468.04,24.82%,4763,311210,Mar-20,195,392481,76848,8268,289,15032,528,103,5.11
3,2020,Cities: Skylines,17008.95,4781.64,39.11%,56061,255710,Mar-20,169,487936,21190,30123,109,3938,656,28,23.03
3,2020,Conan Exiles,9493.65,99.71,1.06%,15605,440900,Mar-20,142,652610,44145,3875,123,3098,878,59,14.78
3,2020,Counter-Strike: Global Offensive,671033.29,127054.13,23.36%,1145972,730,Mar-20,4,66797699,1511619,828949,4667,197089,89902,2034,44.19
3,2020,DOOM,5246.29,2421.31,85.71%,12893,379720,Mar-20,105,924047,65634,19331,332,14243,1243,88,14.08
3,2020,DOOM Eternal,31279.17,-,-,84865,782330,Mar-20,23,10275689,332177,140962,4196,48508,13829,447,30.93
3,2020,Danganronpa 2: Goodbye Despair,505.09,94.46,23.00%,879,413420,Mar-20,197,384870,3959,14278,18,349,517,5,97.21
3,2020,DayZ,15527.42,-2211.59,-12.47%,27255,221100,Mar-20,87,1174659,95072,9120,273,9339,1580,127,12.36
3,2020,Dead by Daylight,30347.14,6925.91,29.57%,51146,381210,Mar-20,20,11911331,596711,50220,1458,55228,16031,803,19.96
3,2020,Destiny 2,77571.4,14522.77,23.03%,117425,1085660,Mar-20,26,9267132,619405,85865,2334,50146,12472,833,14.96
3,2020,Don't Starve Together,15659.07,1312.63,9.15%,30474,322330,Mar-20,145,634990,32792,4946,118,4908,854,44,19.36
3,2020,Dota 2,437147.36,31168.71,7.68%,743933,570,Mar-20,7,41849138,544228,164524,1490,35212,56324,732,76.9
3,2020,Dota Underlords,14225.19,3626.76,34.22%,29166,1046930,Mar-20,171,484057,17501,10135,56,2372,651,23,27.66
3,2020,Euro Truck Simulator 2,20550.79,1775.4,9.46%,52047,227300,Mar-20,150,608468,92264,6022,374,11763,818,124,6.59
3,2020,Europa Universalis IV,16190.96,1318.68,8.87%,29916,236850,Mar-20,153,576643,12202,4208,52,1144,776,16,47.26
3,2020,FINAL FANTASY XIV Online,14297.16,1241.48,9.51%,23360,39210,Mar-20,59,1913929,240505,11083,1144,16591,2575,323,7.96
3,2020,FTL: Faster Than Light,1229.95,-41.82,-3.29%,2190,212680,Mar-20,160,538419,6403,18568,174,1076,724,8,84.09
3,2020,Farming Simulator 19,14142.42,2251.59,18.94%,33967,787860,Mar-20,131,726147,72793,7387,270,7167,977,97,9.98
3,2020,Football Manager 2020,76022.26,28470.63,59.87%,189230,1100600,Mar-20,95,1048300,28962,16549,118,2748,1410,38,36.2
3,2020,For Honor,3986.98,274.93,7.41%,7217,304390,Mar-20,141,661629,42448,10770,137,6985,890,57,15.59
3,2020,Friday the 13th: The Game,795.04,418.4,111.09%,2722,438740,Mar-20,182,445025,22023,31228,278,5309,598,29,20.21
3,2020,Garry's Mod,32020.84,7215.81,29.09%,61933,4000,Mar-20,137,693888,32044,49885,139,8136,933,43,21.65
3,2020,Golf It!,554.68,166.45,42.88%,1834,571740,Mar-20,136,695277,4817,28907,39,1843,935,6,144.34
3,2020,Grand Theft Auto V,116386.37,-26338.11,-18.45%,209493,271590,Mar-20,6,56174067,1056098,184708,3278,110705,75604,1421,53.19
3,2020,Grand Theft Auto: San Andreas,1339.07,109.71,8.92%,2462,12120,Mar-20,162,525047,24743,6222,89,4640,706,33,21.22
3,2020,Half-Life 2,2400.3,779.63,48.11%,6882,220,Mar-20,173,475945,11281,12877,45,2437,640,15,42.19
3,2020,Half-Life: Alyx,7585.02,-,-,16459,546560,Mar-20,32,4770477,60071,303620,2399,11019,6420,80,79.41
3,2020,Halo: The Master Chief Collection,9261.2,6068.84,190.10%,34667,976730,Mar-20,163,523196,75900,5544,432,14753,704,102,6.89
3,2020,Hearts of Iron IV,21697.36,1648.9,8.22%,42745,394360,Mar-20,190,413997,12619,3322,53,1753,557,16,32.81
3,2020,Hollow Knight,3972.28,-69.39,-1.72%,5911,367520,Mar-20,164,513075,38399,12231,112,5450,690,51,13.36
3,2020,Hunt: Showdown,6019.75,532.01,9.69%,12856,594650,Mar-20,92,1078524,94781,8066,338,9326,1451,127,11.38
3,2020,Knight Online,1674.56,375.44,28.90%,3532,389430,Mar-20,108,915978,13069,6808,51,781,1232,17,70.09
3,2020,MapleStory,1140.76,334.36,41.46%,2545,216150,Mar-20,61,1884405,65391,20913,172,4217,2536,88,28.82
3,2020,Monster Hunter: World,78026.05,-28785.88,-26.95%,219544,582010,Mar-20,47,2987052,231102,22233,764,21266,4020,311,12.93
3,2020,Mortal Kombat 11,1998.61,-6.37,-0.32%,5016,976310,Mar-20,90,1090406,41163,44425,262,7703,1467,55,26.49
3,2020,Motorsport Manager,1021.55,465.25,83.63%,2381,415200,Mar-20,110,878718,2338,32394,19,318,1182,3,375.84
3,2020,NBA 2K20,20442.64,258.77,1.28%,33858,1089350,Mar-20,41,3731517,332195,40615,1159,44954,5022,447,11.23
3,2020,Ori and the Will of the Wisps,8324.39,-,-,31224,1057090,Mar-20,36,4166360,142104,68414,1502,18078,5607,191,29.32
3,2020,Paladins,13920.79,976.01,7.54%,25560,444090,Mar-20,146,629885,76204,9600,237,13239,847,102,8.27
3,2020,Path of Exile,42332.85,24751.19,140.78%,132508,238960,Mar-20,16,13926308,292398,117037,3236,17070,18743,393,47.63
3,2020,Pummel Party,1778.6,999.94,128.42%,11920,880940,Mar-20,88,1156479,23392,41446,221,7389,1556,31,49.44
3,2020,Raft,4300.35,-423.51,-8.97%,8907,648800,Mar-20,192,410500,22396,17658,78,4479,552,30,18.33
3,2020,Red Dead Redemption 2,16486.73,-7779.24,-32.06%,30022,1174180,Mar-20,117,809840,117876,15095,309,15647,1089,158,6.87
3,2020,Resident Evil 2,2518.13,-91.42,-3.50%,5432,883710,Mar-20,86,1179402,81124,20170,307,14722,1587,109,14.54
3,2020,RimWorld,26111.78,10674.82,69.15%,41637,294100,Mar-20,27,6548503,61694,40076,153,4834,8813,83,106.14
3,2020,Rocket League,48445.13,7852.98,19.35%,119124,252950,Mar-20,22,10498059,422375,189258,1518,83660,14129,568,24.85
3,2020,Rust,58442.03,8366.82,16.71%,102296,252490,Mar-20,30,4988329,163575,24070,494,16495,6713,220,30.5
3,2020,SMITE,12686.08,2096.09,19.79%,25334,386360,Mar-20,50,2859327,131331,12149,378,14324,3848,176,21.77
3,2020,Sid Meier's Civilization VI,35834.93,5763.98,19.17%,66455,289070,Mar-20,186,425484,16225,8378,70,2507,572,21,26.22
3,2020,Slay the Spire,7990.12,-1524.92,-16.03%,10626,646570,Mar-20,91,1084648,22361,36941,205,3804,1459,30,48.51
3,2020,Stardew Valley,27388.06,3690.9,15.58%,45512,413150,Mar-20,93,1066389,96548,13850,256,15192,1435,129,11.05
3,2020,State of Decay 2,7998.47,-,-,15759,495420,Mar-20,155,564213,30477,18262,150,4395,759,41,18.51
3,2020,Stellaris,22285.79,12653.12,131.36%,64120,281990,Mar-20,156,562399,20133,21339,146,2395,756,27,27.93
3,2020,Street Fighter V,1663.67,-661.12,-28.44%,2485,310950,Mar-20,98,1002428,32354,29213,94,3860,1349,43,30.98
3,2020,Terraria,30993.52,3182.51,11.44%,48542,105600,Mar-20,165,512677,51247,19929,156,8647,690,68,10
3,2020,The Elder Scrolls Online,14755.91,-982.79,-6.24%,25432,306130,Mar-20,56,2102807,71605,25190,200,6076,2830,96,29.37
3,2020,The Elder Scrolls V: Skyrim,8551.21,842.99,10.94%,16711,72850,Mar-20,139,680547,73779,7523,205,9824,915,99,9.22
3,2020,The Forest,9235.19,2510.04,37.32%,27977,242760,Mar-20,130,728395,66124,15368,243,12900,980,88,11.02
3,2020,The Witcher 3: Wild Hunt,21457.11,-6289.73,-22.67%,49787,292030,Mar-20,82,1320731,86371,17963,270,12105,1777,116,15.29
3,2020,Tom Clancy's Rainbow Six Siege,119877.88,22210.54,22.74%,198567,359550,Mar-20,19,13071194,1143568,69354,3068,152219,17592,1539,11.43
3,2020,UNO,1370.59,858.04,167.41%,5639,470220,Mar-20,104,931759,15923,52191,90,9258,1254,21,58.52
3,2020,VRChat,9466.15,1486.45,18.63%,14931,438100,Mar-20,70,1622188,66846,51406,223,6981,2183,89,24.27
3,2020,War Thunder,20321.06,5402.72,36.22%,35377,236390,Mar-20,199,371775,47610,4432,141,5701,500,64,7.81
3,2020,Warframe,52827.37,11892.49,29.05%,88215,230410,Mar-20,97,1011639,105581,52982,349,10856,1361,142,9.58
3,2020,World of Warships,10651.79,183.58,1.75%,19402,552990,Mar-20,54,2333880,61758,11615,160,4587,3141,83,37.79
3,2020,Yu-Gi-Oh! Duel Links,7169.37,1362.25,23.46%,11218,601510,Mar-20,124,769014,14198,10051,49,1660,1035,19,54.16
3,2020,eFootball PES 2020,10646.73,2016.08,23.36%,20951,996470,Mar-20,135,714366,24876,18115,96,3770,961,33,28.72
4,2020,7 Days to Die,18270.02,162.78,0.90%,29749,251570,Apr-20,137,759550,85636,10050,221,6446,1056,119,8.87
4,2020,ARK: Survival Evolved,82091.26,-5647.44,-6.44%,125636,346110,Apr-20,77,1700365,213767,12957,509,13087,2364,297,7.95
4,2020,Age of Empires II: Definitive Edition,19202.51,5836.75,43.67%,34321,813780,Apr-20,70,2015537,41554,15293,119,3460,2803,57,48.5
4,2020,Albion Online,6974.26,2220.75,46.72%,10616,761890,Apr-20,163,590191,38029,4211,100,2442,820,52,15.52
4,2020,Arma 3,20266.15,5050.62,33.19%,40307,107410,Apr-20,174,559209,75247,14639,365,6013,777,104,7.43
4,2020,Beat Saber,1776.6,141.91,8.68%,2830,620980,Apr-20,157,608942,53353,48872,147,9698,846,74,11.41
4,2020,Borderlands 3,22173.78,-30951.19,-58.26%,49479,397540,Apr-20,100,1235001,123238,9192,334,13395,1717,171,10.02
4,2020,Brawlhalla,17215.27,2144.2,14.23%,26948,291550,Apr-20,195,461782,77102,13675,218,14859,642,107,5.99
4,2020,Call of Duty: Black Ops III,3212.01,858.6,36.48%,5445,311210,Apr-20,130,833063,139200,28947,381,18425,1158,193,5.98
4,2020,Cities: Skylines,20066.5,3057.55,17.98%,41674,255710,Apr-20,155,609188,28418,27378,99,3786,847,39,21.44
4,2020,Conqueror's Blade,3471.62,3153.28,990.57%,10247,835570,Apr-20,193,468444,24029,20366,89,1596,651,33,19.49
4,2020,Conqueror's Blade,3193.61,919.88,40.46%,8183,905370,Apr-20,193,468444,24029,20366,89,1596,651,33,19.49
4,2020,Counter-Strike: Global Offensive,857604.22,186570.94,27.80%,1305714,730,Apr-20,5,86673161,1981314,535624,5542,215744,120546,2755,43.75
4,2020,DOOM Eternal,7587.19,-23691.98,-75.74%,19915,782330,Apr-20,64,2197924,149598,37518,697,22026,3056,208,14.69
4,2020,DayZ,17504.27,1976.85,12.73%,28096,221100,Apr-20,96,1276640,118617,4917,307,9306,1775,164,10.76
4,2020,Dead by Daylight,32392.67,2045.52,6.74%,58477,381210,Apr-20,23,12971551,673816,68689,1790,55513,18041,937,19.25
4,2020,Deadside,5374.76,-,-,9573,895400,Apr-20,89,1382600,62758,34454,433,6331,1922,87,22.03
4,2020,Deceit,3818.75,1216.36,46.74%,6434,466240,Apr-20,169,566465,24550,44946,94,6969,787,34,23.07
4,2020,Destiny 2,66219.64,-11351.75,-14.63%,100645,1085660,Apr-20,31,7197240,578827,58881,1881,40966,10010,805,12.43
4,2020,Don't Starve Together,17576.51,1917.44,12.24%,45509,322330,Apr-20,110,1119371,43086,17788,125,5066,1556,59,25.98
4,2020,Dota 2,493300.27,56152.91,12.85%,801121,570,Apr-20,8,54477072,673933,360147,1747,34147,75767,937,80.83
4,2020,Euro Truck Simulator 2,28667.3,8116.51,39.49%,60883,227300,Apr-20,117,1029087,133837,30827,516,13334,1431,186,7.69
4,2020,Europa Universalis IV,16665.22,474.26,2.93%,26508,236850,Apr-20,177,548749,14576,3391,51,1088,763,20,37.65
4,2020,FINAL FANTASY XIV Online,17084.35,2787.19,19.49%,26373,39210,Apr-20,69,2022378,239858,32256,1062,15829,2812,333,8.43
4,2020,Fallout 76,15807.5,-,-,21931,1151340,Apr-20,48,3501875,145699,37793,900,11277,4870,202,24.03
4,2020,Farming Simulator 19,17385.85,3243.43,22.93%,34342,787860,Apr-20,135,781464,86557,11905,297,6640,1086,120,9.03
4,2020,Football Manager 2020,81180.41,5158.15,6.79%,146436,1100600,Apr-20,86,1491443,36131,22571,127,2567,2074,50,41.28
4,2020,Garry's Mod,38758.97,6738.13,21.04%,59682,4000,Apr-20,94,1297086,43250,88164,151,8643,1804,60,29.99
4,2020,Grand Theft Auto V,126086.73,9700.36,8.33%,243284,271590,Apr-20,7,75744434,1450376,240860,4233,122286,105346,2017,52.22
4,2020,Grand Theft Auto: San Andreas,1460.93,121.86,9.10%,2347,12120,Apr-20,150,634782,34819,5240,98,4891,882,48,18.23
4,2020,Green Hell,6227.79,5804.94,1372.83%,19619,815370,Apr-20,72,1915955,59825,59600,249,7153,2664,83,32.03
4,2020,Half-Life: Alyx,2171.26,-5413.76,-71.37%,6344,546560,Apr-20,189,491862,27024,23027,160,5320,684,37,18.2
4,2020,Halo: The Master Chief Collection,5230.67,-4030.53,-43.52%,12464,976730,Apr-20,158,601886,70522,7031,297,9644,837,98,8.53
4,2020,Hunt: Showdown,5892.6,-127.15,-2.11%,12472,594650,Apr-20,119,991408,90979,19184,253,6825,1378,126,10.9
4,2020,Knight Online,2763.9,1089.34,65.05%,3735,389430,Apr-20,105,1172073,19457,5635,68,945,1630,27,60.24
4,2020,MapleStory,2190.18,1049.42,91.99%,3949,216150,Apr-20,71,1940693,65153,25285,188,3794,2699,90,29.79
4,2020,Monster Hunter: World,64197.78,-13828.27,-17.72%,149860,582010,Apr-20,59,2563293,219139,13238,648,17431,3565,304,11.7
4,2020,Mortal Kombat 11,1720.45,-278.16,-13.92%,3639,976310,Apr-20,156,608975,41760,8257,107,5571,846,58,14.58
4,2020,Motorsport Manager,2004.58,983.03,96.23%,4943,415200,Apr-20,125,889460,6162,31849,40,603,1237,8,144.35
4,2020,Mount & Blade II: Bannerlord,113492.99,113492.74,45090359.40%,248034,261550,Apr-20,22,13446480,218393,132049,1010,17732,18701,303,61.57
4,2020,NBA 2K20,18067.17,-2375.46,-11.62%,37175,1089350,Apr-20,34,6390045,565452,36322,1619,54702,8887,786,11.3
4,2020,Ori and the Will of the Wisps,2108.31,-6216.09,-74.67%,7822,1057090,Apr-20,191,482683,39712,34927,150,5660,671,55,12.15
4,2020,Paladins,16994.88,3074.08,22.08%,28658,444090,Apr-20,142,688283,112680,5049,308,15732,957,156,6.11
4,2020,Path of Exile,39235.06,-3097.79,-7.32%,73985,238960,Apr-20,26,9404140,239978,26884,598,10489,13079,333,39.19
4,2020,Pummel Party,3803.32,2024.72,113.84%,17021,880940,Apr-20,82,1584575,37615,78569,174,9612,2203,52,42.13
4,2020,Red Dead Redemption 2,14488.3,-1998.43,-12.12%,28754,1174180,Apr-20,91,1369606,154638,15289,391,15118,1904,215,8.86
4,2020,Remnant: From the Ashes,1206.8,489.53,68.25%,10762,617290,Apr-20,179,545793,17691,77894,216,2743,759,24,30.85
4,2020,Resident Evil 2,3662.67,1144.54,45.45%,7418,883710,Apr-20,140,726706,98288,9132,363,15308,1010,136,7.39
4,2020,Resident Evil 3,5771.4,-,-,32635,952060,Apr-20,19,15506656,415801,318002,5619,51549,21566,578,37.29
4,2020,RimWorld,17571.78,-8540.01,-32.71%,25649,294100,Apr-20,81,1596864,44179,17115,118,3189,2220,61,36.15
4,2020,Risk of Rain 2,18430.64,13077.21,244.28%,64501,632360,Apr-20,104,1175237,74482,43879,324,12193,1634,103,15.78
4,2020,Rocket League,54133.15,5688.02,11.74%,100771,252950,Apr-20,27,8220061,525512,141539,1322,87995,11432,730,15.64
4,2020,Rust,67504.05,9062.03,15.51%,125415,252490,Apr-20,45,3742896,190069,40997,742,15530,5205,264,19.69
4,2020,SMITE,16504.68,3818.6,30.10%,27089,386360,Apr-20,42,4071594,172933,22708,459,14382,5662,240,23.54
4,2020,Sid Meier's Civilization VI,43558.23,7723.3,21.55%,70298,289070,Apr-20,132,822831,23914,30435,109,2695,1144,33,34.41
4,2020,Slay the Spire,7088.58,-901.54,-11.28%,14267,646570,Apr-20,112,1080714,19854,8685,99,2877,1503,27,54.43
4,2020,Stardew Valley,29951.17,2563.11,9.36%,44965,413150,Apr-20,160,594118,83374,6551,198,11201,826,115,7.13
4,2020,State of Decay 2,3505.22,-4493.25,-56.18%,9183,495420,Apr-20,192,473014,20298,10855,61,2452,657,28,23.3
4,2020,Stranded Deep,682.36,170.04,33.19%,1718,313120,Apr-20,198,454174,18584,21820,139,2664,631,25,24.44
4,2020,Street Fighter V,1665.71,2.04,0.12%,2534,310950,Apr-20,78,1694848,35491,25065,91,3210,2357,49,47.75
4,2020,Subnautica,4754.26,1262.7,36.16%,8482,264710,Apr-20,97,1261735,58423,45117,171,7364,1754,81,21.6
4,2020,Tabletop Simulator,12993.71,7752.87,147.93%,36793,286160,Apr-20,197,460466,19026,47256,94,3879,640,26,24.2
4,2020,Terraria,51315.09,20321.57,65.57%,72280,105600,Apr-20,159,594608,90553,32292,234,10920,826,125,6.57
4,2020,The Elder Scrolls Online,28467.65,13711.74,92.92%,49061,306130,Apr-20,43,3847242,116136,39160,298,8874,5350,161,33.13
4,2020,The Elder Scrolls V: Skyrim,10033.35,1482.14,17.33%,15975,72850,Apr-20,107,1145029,99901,8724,245,10447,1592,138,11.46
4,2020,The Forest,7586.4,-1648.79,-17.85%,16351,242760,Apr-20,181,526826,79777,15326,229,12076,732,110,6.6
4,2020,The Isle,4440.43,417.55,10.38%,6412,376210,Apr-20,187,500219,16751,11947,55,1192,695,23,29.86
4,2020,The Witcher 3: Wild Hunt,27245.33,5788.21,26.98%,61236,292030,Apr-20,83,1576551,101232,14775,274,10820,2192,140,15.57
4,2020,Tom Clancy's Rainbow Six Siege,108514.57,-11363.31,-9.48%,194102,359550,Apr-20,25,11393509,1293668,42454,3131,136957,15846,1799,8.81
4,2020,UNO,746.3,-624.29,-45.55%,1821,470220,Apr-20,151,634076,16565,71701,81,8678,881,23,38.28
4,2020,VRChat,11728.97,2262.82,23.90%,16404,438100,Apr-20,47,3722313,84386,70578,228,7629,5177,117,44.11
4,2020,Warframe,56318.77,3491.4,6.61%,94162,230410,Apr-20,106,1152123,128456,34756,290,10063,1602,178,8.97
4,2020,World of Warships,10529.03,-122.76,-1.15%,22687,552990,Apr-20,51,3185105,74954,29665,232,4595,4429,104,42.49
4,2020,Yu-Gi-Oh! Duel Links,7894.83,725.46,10.12%,10980,601510,Apr-20,139,732594,16865,19131,50,1647,1018,23,43.44
5,2020,7 Days to Die,16813.99,-1456.03,-7.97%,26351,251570,May-20,172,703934,93498,4175,247,7066,947,125,7.53
5,2020,ARK: Survival Evolved,60918.07,-21173.18,-25.79%,101631,346110,May-20,84,1994504,203722,20631,505,11787,2684,274,9.79
5,2020,Age of Empires II: Definitive Edition,17628.12,-1574.4,-8.20%,33160,813780,May-20,60,2885600,45127,29594,118,3623,3883,60,63.94
5,2020,Albion Online,7186.19,211.94,3.04%,10990,761890,May-20,156,775306,45468,3342,114,2577,1043,61,17.05
5,2020,Arma 3,15997.56,-4268.59,-21.06%,34175,107410,May-20,200,530410,72500,5638,389,5542,713,97,7.32
5,2020,Borderlands 3,14973.16,-7200.61,-32.47%,34315,397540,May-20,160,762834,92533,9486,283,10136,1026,124,8.24
5,2020,Brawlhalla,16399.06,-816.21,-4.74%,31828,291550,May-20,197,537311,93239,9815,248,17016,723,125,5.76
5,2020,Call of Duty: Black Ops III,4798.33,1586.32,49.39%,8870,311210,May-20,115,1175234,180795,37744,410,23243,1581,243,6.5
5,2020,Counter-Strike: Global Offensive,768795.25,-88808.97,-10.36%,1193359,730,May-20,7,76786808,1783788,380494,4853,187999,103346,2400,43.05
5,2020,DOOM Eternal,3231.22,-4355.96,-57.41%,7646,782330,May-20,143,928866,64344,17405,193,8837,1250,86,14.44
5,2020,DayZ,16328.97,-1175.31,-6.71%,35397,221100,May-20,87,1911441,150150,12341,448,12404,2572,202,12.73
5,2020,Dead by Daylight,33732.64,1339.98,4.14%,57799,381210,May-20,17,16391093,823254,128138,2183,62995,22060,1108,19.91
5,2020,Deep Rock Galactic,6563.21,3156.66,92.66%,15515,548430,May-20,124,1103454,38706,30963,162,4763,1485,52,28.51
5,2020,Destiny 2,51837.42,-14382.23,-21.72%,76476,1085660,May-20,33,6878581,549016,33126,1490,37636,9257,738,12.53
5,2020,Don't Starve Together,13854.71,-3721.79,-21.17%,26867,322330,May-20,168,733602,41134,6080,112,4731,987,55,17.83
5,2020,Dota 2,484189.02,-9111.25,-1.85%,793135,570,May-20,8,51023847,717401,199291,1758,33057,68672,965,71.12
5,2020,Euro Truck Simulator 2,21015.77,-7651.53,-26.69%,43097,227300,May-20,106,1314740,110073,34580,459,11921,1769,148,11.94
5,2020,FINAL FANTASY XIV Online,18015.75,931.4,5.45%,26889,39210,May-20,72,2281787,278327,11933,1059,16916,3071,374,8.2
5,2020,Fallout 4,15136.06,-850.47,-5.32%,23912,377160,May-20,109,1292261,57019,19332,132,5134,1739,76,22.66
5,2020,Fallout 76,14475.32,-1332.18,-8.43%,32858,1151340,May-20,68,2369923,149568,22899,499,10289,3189,201,15.85
5,2020,Farming Simulator 19,14940.18,-2445.67,-14.07%,30601,787860,May-20,140,953265,139771,35200,529,14009,1282,188,6.82
5,2020,Football Manager 2020,69159.33,-12021.08,-14.81%,123114,1100600,May-20,104,1339023,38555,25275,136,2501,1802,51,34.73
5,2020,Friday the 13th: The Game,1169.46,513.93,78.40%,3772,438740,May-20,162,752590,42823,13788,167,7537,1012,57,17.57
5,2020,Garry's Mod,31974.56,-6784.41,-17.50%,52658,4000,May-20,171,712323,38133,38639,136,7819,958,51,18.68
5,2020,Grand Theft Auto V,141369.88,15283.15,12.12%,260562,271590,May-20,5,100049997,2101914,373709,5847,197660,134656,2828,47.6
5,2020,Grand Theft Auto: San Andreas,1156.06,-304.87,-20.87%,2116,12120,May-20,165,737589,36041,20155,104,5002,992,48,20.47
5,2020,Green Hell,4004.43,-2223.35,-35.70%,11684,815370,May-20,153,818077,47564,16502,225,6052,1101,64,17.2
5,2020,Halo: The Master Chief Collection,10527.84,5297.17,101.27%,45253,976730,May-20,120,1163699,132442,44499,904,16724,1566,178,8.79
5,2020,Hollow Knight,5091.95,976.09,23.72%,11437,367520,May-20,139,954321,57738,8384,144,6259,1284,77,16.53
5,2020,House Flipper,3474.56,466.75,15.52%,9067,613100,May-20,183,611416,19928,9409,101,3639,822,26,30.68
5,2020,Hunt: Showdown,5610.37,-282.23,-4.79%,10746,594650,May-20,128,1059913,94434,16499,269,7411,1426,127,11.22
5,2020,Knight Online,2780.61,16.71,0.60%,3844,389430,May-20,125,1081822,19127,7992,84,923,1456,25,56.56
5,2020,MapleStory,2910.55,720.37,32.89%,3942,216150,May-20,67,2402346,73873,16661,181,3964,3233,99,32.52
5,2020,Monster Hunter: World,43703.71,-20494.08,-31.92%,106972,582010,May-20,61,2794831,196237,34107,556,15953,3761,264,14.24
5,2020,Monster Train,10398.29,-,-,14037,1102190,May-20,95,1653841,16829,35351,109,1978,2225,22,98.27
5,2020,Mortal Kombat 11,2643.95,923.5,53.68%,8681,976310,May-20,76,2206652,77215,93972,825,9449,2969,103,28.58
5,2020,Mount & Blade II: Bannerlord,31529.86,-81963.14,-72.22%,77878,261550,May-20,88,1876556,49439,19770,186,4545,2525,66,37.96
5,2020,NBA 2K20,17462.46,-604.71,-3.35%,29072,1089350,May-20,27,8638002,706043,61229,1868,62943,11625,950,12.23
5,2020,Outlast,206.12,-7.84,-3.66%,379,238320,May-20,189,579234,32271,30733,118,9380,779,43,17.95
5,2020,Paladins,14322.13,-2672.75,-15.73%,28367,444090,May-20,161,762188,120869,3544,306,15856,1025,162,6.31
5,2020,Path of Exile,18854.3,-20380.76,-51.95%,39620,238960,May-20,37,5447251,134392,20628,386,6467,7331,180,40.53
5,2020,Pummel Party,2706.79,-1096.53,-28.83%,6226,880940,May-20,75,2215282,37311,101819,198,9890,2981,50,59.37
5,2020,Raft,4218.42,171.4,4.24%,7386,648800,May-20,158,768791,36463,31745,102,6024,1034,49,21.08
5,2020,Red Dead Redemption 2,15224.48,736.18,5.08%,26618,1174180,May-20,53,3428147,235158,24318,570,22278,4613,316,14.58
5,2020,Resident Evil 3,1032.46,-4738.94,-82.11%,2431,952060,May-20,131,1026093,47215,12265,161,7102,1381,63,21.73
5,2020,RimWorld,14814.16,-2757.61,-15.69%,21491,294100,May-20,175,685037,35499,7522,100,2670,921,47,19.3
5,2020,Rocket League,45615.55,-8517.6,-15.73%,79770,252950,May-20,32,6958942,535445,92615,1202,87250,9366,720,13
5,2020,Rust,57344.65,-10159.4,-15.05%,102051,252490,May-20,49,3982745,198542,40436,755,15413,5360,267,20.06
5,2020,SMITE,15307.69,-1196.99,-7.25%,25467,386360,May-20,43,4679979,186584,32960,491,15103,6298,251,25.08
5,2020,Scrap Mechanic,14762.87,13272.59,890.61%,46366,387990,May-20,63,2519411,65680,114076,329,6519,3390,88,38.36
5,2020,Sid Meier's Civilization VI,41792.36,-1765.87,-4.05%,76439,289070,May-20,89,1826947,83399,21934,540,12427,2458,112,21.91
5,2020,Slay the Spire,6238,-850.59,-12.00%,7994,646570,May-20,152,818551,18896,16529,54,2822,1101,25,43.32
5,2020,Stardew Valley,20487.19,-9463.98,-31.60%,31679,413150,May-20,193,548637,68427,4282,162,9308,738,92,8.02
5,2020,Street Fighter V,1708.08,42.37,2.54%,2578,310950,May-20,97,1513065,41270,8417,110,3458,2036,55,36.66
5,2020,Streets of Rage 4,1341,-,-,6042,985890,May-20,146,904921,57127,33308,709,10170,1217,76,15.84
5,2020,Subnautica,3275.61,-1478.65,-31.10%,5566,264710,May-20,117,1168894,59821,30403,163,7541,1573,80,19.54
5,2020,Terraria,129808.62,78493.53,152.96%,486918,105600,May-20,22,13299419,387419,125768,4989,39524,17899,521,34.33
5,2020,The Elder Scrolls IV: Oblivion,1288.76,-52.04,-3.88%,2147,22330,May-20,192,556617,8292,14510,32,898,749,11,67.13
5,2020,The Elder Scrolls Online,23395.42,-5072.23,-17.82%,42677,306130,May-20,39,5051253,112316,48995,329,7674,6798,151,44.97
5,2020,The Elder Scrolls V: Skyrim,8665.43,-1367.92,-13.63%,14753,72850,May-20,126,1069153,108975,12208,252,10523,1438,146,9.81
5,2020,The Forest,6226.51,-1359.89,-17.93%,11583,242760,May-20,127,1066513,103038,38869,265,14806,1435,138,10.35
5,2020,The Witcher 3: Wild Hunt,21434.48,-5810.85,-21.33%,41736,292030,May-20,111,1264793,110808,9998,301,11517,1702,149,11.41
5,2020,Tom Clancy's Rainbow Six Siege,80099.3,-28415.26,-26.19%,146359,359550,May-20,23,11483497,1338101,106988,2972,139671,15455,1800,8.58
5,2020,VRChat,11776.19,47.21,0.40%,17025,438100,May-20,64,2485936,89038,22944,243,7914,3345,119,27.92
5,2020,War Thunder,22476.99,-2313.17,-9.33%,38871,236390,May-20,123,1104138,67668,19681,257,6118,1486,91,16.32
5,2020,Warframe,49687.06,-6631.71,-11.78%,76165,230410,May-20,105,1328803,136208,38800,389,9830,1788,183,9.76
5,2020,World of Warships,9667.88,-861.15,-8.18%,17708,552990,May-20,58,3032785,81788,15875,238,4789,4081,110,37.08
5,2020,Yu-Gi-Oh! Duel Links,8588.49,693.66,8.79%,13896,601510,May-20,164,750700,18516,6503,51,1768,1010,24,40.54
6,2020,7 Days to Die,13120.49,-3693.5,-21.97%,28205,251570,Jun-20,100,1210455,75019,34546,400,6309,1683,104,16.14
6,2020,ARK: Survival Evolved,59435.7,-1482.37,-2.43%,97813,346110,Jun-20,55,2751792,272680,32686,806,21832,3827,379,10.09
6,2020,Age of Empires II: Definitive Edition,13926.15,-3701.97,-21.00%,23847,813780,Jun-20,63,2263061,38998,28514,104,3006,3147,54,58.03
6,2020,Albion Online,5881.48,-1304.71,-18.16%,8863,761890,Jun-20,154,672836,36607,3378,104,2148,935,50,18.38
6,2020,Borderlands 3,7133.96,-7839.2,-52.36%,18514,397540,Jun-20,109,1129625,73303,26614,336,8528,1571,101,15.41
6,2020,Brawlhalla,15399.4,-999.66,-6.10%,26402,291550,Jun-20,188,530386,87914,9633,218,16489,737,122,6.03
6,2020,Call of Duty: Black Ops III,3623.99,-1174.33,-24.47%,6321,311210,Jun-20,174,600558,136454,7580,356,18201,835,189,4.4
6,2020,Counter-Strike: Global Offensive,671647.46,-97147.79,-12.64%,1009467,730,Jun-20,7,76001332,1403689,499919,4209,149577,105704,1952,54.14
6,2020,DOOM Eternal,1991.55,-1239.68,-38.37%,7551,782330,Jun-20,137,795233,37248,19861,117,5512,1106,51,21.35
6,2020,DayZ,13996.88,-2332.09,-14.28%,24136,221100,Jun-20,78,1936338,124395,29501,350,9241,2693,173,15.57
6,2020,Dead by Daylight,40479.91,6747.27,20.00%,77341,381210,Jun-20,17,17143940,920224,83669,2915,74973,23844,1279,18.63
6,2020,Destiny 2,77550.23,25712.82,49.60%,213681,1085660,Jun-20,26,10546869,712956,289529,6800,50306,14668,991,14.79
6,2020,Detroit: Become Human,3639.39,-,-,7194,1222140,Jun-20,80,1896887,47764,64309,223,9299,2638,66,39.71
6,2020,Don't Starve Together,17332.93,3478.22,25.10%,41440,322330,Jun-20,119,1017772,48990,9981,159,6459,1415,68,20.78
6,2020,Dota 2,457184.42,-27004.6,-5.58%,733294,570,Jun-20,9,41177114,569147,212444,1490,27354,57269,791,72.35
6,2020,Euro Truck Simulator 2,19808.94,-1206.83,-5.74%,37543,227300,Jun-20,132,857222,102710,10255,369,11203,1192,142,8.35
6,2020,Europa Universalis IV,20938.41,4827.5,29.96%,47844,236850,Jun-20,128,880991,20967,9687,124,1343,1225,29,42.02
6,2020,FINAL FANTASY XIV Online,15404.52,-2611.23,-14.49%,24417,39210,Jun-20,68,2160064,232262,15257,886,14712,3004,323,9.3
6,2020,Fallout 76,7983.75,-6491.57,-44.85%,15386,1151340,Jun-20,186,548408,63570,4062,229,4604,762,88,8.63
6,2020,Farming Simulator 19,13001.78,-1938.4,-12.97%,25980,787860,Jun-20,156,662936,79343,16905,298,6478,922,110,8.36
6,2020,Football Manager 2020,57967.32,-11192.01,-16.18%,94063,1100600,Jun-20,57,2526816,32812,23262,129,2244,3514,45,77.01
6,2020,Garry's Mod,29114.99,-2859.57,-8.94%,42557,4000,Jun-20,127,889311,29646,102669,107,6502,1236,41,30
6,2020,Grand Theft Auto V,99752.85,-41617.03,-29.44%,180302,271590,Jun-20,4,100533035,1681199,389147,4500,145049,139823,2338,59.8
6,2020,Grand Theft Auto: San Andreas,955.12,-200.94,-17.38%,1682,12120,Jun-20,110,1117646,30283,12144,80,4565,1554,42,36.91
6,2020,Green Hell,3068.65,-935.78,-23.37%,8820,815370,Jun-20,141,760358,24159,27240,101,3663,1057,33,31.47
6,2020,Gunfire Reborn,3669.73,2745.79,297.18%,7114,1217060,Jun-20,179,582640,31078,50647,106,4651,810,43,18.75
6,2020,Halo: The Master Chief Collection,5264.26,-5263.58,-50.00%,10819,976730,Jun-20,152,684881,87886,4602,322,10919,952,122,7.79
6,2020,Hearts of Iron IV,20380.3,-29.18,-0.14%,32549,394360,Jun-20,192,512336,13549,18429,48,1486,712,18,37.81
6,2020,Hollow Knight,3735.5,-1356.46,-26.64%,7525,367520,Jun-20,175,593692,52941,6036,142,6250,825,73,11.21
6,2020,Hunt: Showdown,5589.31,-21.07,-0.38%,12660,594650,Jun-20,66,2195816,88524,50318,322,6944,3053,123,24.8
6,2020,Kingdom Come: Deliverance,2958.08,269.45,10.02%,8153,379430,Jun-20,84,1718340,19332,23111,61,1633,2389,26,88.89
6,2020,Knight Online,2173.22,-607.38,-21.84%,3278,389430,Jun-20,169,615929,12061,5633,54,667,856,16,51.07
6,2020,MapleStory,3026.96,116.4,4.00%,4683,216150,Jun-20,82,1843494,79593,23399,305,4874,2563,110,23.16
6,2020,Monster Hunter: World,24145.61,-19558.09,-44.75%,51086,582010,Jun-20,94,1368678,121283,13547,267,10980,1903,168,11.28
6,2020,Monster Train,5736.48,-4661.81,-44.83%,11569,1102190,Jun-20,79,1925453,22868,13524,112,2390,2677,31,84.2
6,2020,Mortal Kombat 11,2630.65,-13.3,-0.50%,4847,976310,Jun-20,96,1341778,66730,28406,187,8422,1866,92,20.11
6,2020,Mount & Blade II: Bannerlord,14921.1,-16608.75,-52.68%,26040,261550,Jun-20,177,588799,18374,14954,66,1965,818,25,32.05
6,2020,NBA 2K20,16774.96,-687.5,-3.94%,33076,1089350,Jun-20,27,9716329,632553,91296,2188,55185,13513,879,15.36
6,2020,Outlast,245.68,39.55,19.19%,778,238320,Jun-20,190,521244,31963,19190,124,9579,724,44,16.31
6,2020,Outward,962.14,439.24,84.00%,3470,794260,Jun-20,181,579274,9685,19395,40,1096,805,13,59.81
6,2020,Paladins,10537.02,-3785.11,-26.43%,17921,444090,Jun-20,142,748388,100658,3715,257,12825,1040,139,7.43
6,2020,Path of Exile,30079.25,11224.95,59.54%,125432,238960,Jun-20,21,13049473,261238,136329,3911,13311,18149,363,49.95
6,2020,Persona 4 Golden,19589.92,-,-,29984,1113000,Jun-20,168,616660,65550,32569,464,6332,857,91,9.41
6,2020,Pummel Party,2614.42,-92.36,-3.41%,10075,880940,Jun-20,54,2884539,37030,107269,279,10176,4011,51,77.9
6,2020,Raft,4307.84,89.43,2.12%,11197,648800,Jun-20,116,1037598,33002,23974,133,6048,1443,45,31.44
6,2020,Red Dead Redemption 2,11655.11,-3569.37,-23.44%,20131,1174180,Jun-20,50,3180873,204974,46850,487,18229,4424,285,15.52
6,2020,Remnant: From the Ashes,1980.68,-1667.05,-45.70%,3970,617290,Jun-20,164,632936,30060,24122,98,3834,880,41,21.06
6,2020,RimWorld,14297.36,-516.8,-3.49%,19981,294100,Jun-20,160,648184,31267,15777,90,2513,901,43,20.73
6,2020,Rocket League,41136.6,-4478.95,-9.82%,72502,252950,Jun-20,32,6200876,465670,71629,1117,76014,8624,647,13.32
6,2020,Rust,50417.72,-6926.93,-12.08%,93513,252490,Jun-20,42,4309351,169574,44671,725,14303,5993,235,25.41
6,2020,SMITE,14765.63,-542.06,-3.54%,24129,386360,Jun-20,45,3855806,176255,25557,514,14889,5362,245,21.88
6,2020,Satisfactory,16772.74,-,-,27439,526870,Jun-20,101,1210129,78166,48319,263,7125,1683,108,15.48
6,2020,Sea of Thieves,29454.49,-,-,66632,1172620,Jun-20,20,13074561,479773,63429,1447,42558,18184,667,27.25
6,2020,Sid Meier's Civilization VI,39799.04,-1993.32,-4.77%,60936,289070,Jun-20,114,1052880,58452,11913,239,7395,1464,81,18.01
6,2020,Street Fighter V,1594.89,-113.19,-6.63%,2493,310950,Jun-20,86,1544848,38980,30429,91,3308,2148,54,39.63
6,2020,Subnautica,2621.78,-653.83,-19.96%,4605,264710,Jun-20,167,629032,48160,5524,126,6500,874,66,13.06
6,2020,Terraria,75803.88,-54004.75,-41.60%,157919,105600,Jun-20,35,5247075,195641,37539,659,21963,7297,272,26.82
6,2020,The Elder Scrolls Online,23003.48,-391.94,-1.68%,39494,306130,Jun-20,44,3892037,116879,40295,303,8205,5413,162,33.3
6,2020,The Elder Scrolls V: Skyrim,7522.3,-1143.13,-13.19%,12658,72850,Jun-20,61,2448588,107967,29653,262,11073,3405,150,22.68
6,2020,The Forest,5574.74,-651.77,-10.47%,16215,242760,Jun-20,144,726164,78142,47620,263,12388,1009,108,9.29
6,2020,The Long Dark,1869,-420.24,-18.36%,3289,305620,Jun-20,197,482543,13990,10033,45,1842,671,19,34.49
6,2020,The Witcher 3: Wild Hunt,19000.83,-2433.65,-11.35%,35118,292030,Jun-20,98,1229857,90291,8263,271,9748,1710,125,13.62
6,2020,Tom Clancy's Rainbow Six Siege,70200.51,-9898.8,-12.36%,126733,359550,Jun-20,25,12013893,1279671,49198,3779,133945,16709,1779,9.39
6,2020,VRChat,11183.39,-592.8,-5.03%,15781,438100,Jun-20,62,2437110,82554,10310,213,7562,3389,114,29.52
6,2020,War Thunder,20400.64,-2076.35,-9.24%,32424,236390,Jun-20,139,767585,61573,12167,176,5558,1067,85,12.47
6,2020,Warframe,44830.35,-4856.71,-9.77%,81798,230410,Jun-20,121,1001939,124444,16284,438,9274,1393,173,8.05
6,2020,World of Warships,8913.76,-754.11,-7.80%,17330,552990,Jun-20,60,2482727,68118,18152,196,4230,3453,94,36.45
6,2020,Yu-Gi-Oh! Duel Links,8019.26,-569.23,-6.63%,10699,601510,Jun-20,131,858052,19572,14537,53,1900,1193,27,43.84
6,2020,rFactor 2,723.04,3.34,0.46%,1642,365960,Jun-20,161,645424,3489,62961,54,490,897,4,184.99
7,2020,7 Days to Die,24237.9,11117.41,84.73%,38944,251570,Jul-20,76,2247141,154970,23930,411,10624,3024,208,14.5
7,2020,ARK: Survival Evolved,57163.99,-2271.72,-3.82%,90664,346110,Jul-20,81,2088824,239495,18359,571,15586,2811,322,8.72
7,2020,Age of Empires II: Definitive Edition,14447.78,521.63,3.75%,22239,813780,Jul-20,71,2354533,42928,18809,104,3273,3168,57,54.85
7,2020,Albion Online,5909.43,27.95,0.48%,8899,761890,Jul-20,171,687988,38044,3154,102,2477,925,51,18.08
7,2020,Among Us,2106.03,1489.63,241.67%,6771,945360,Jul-20,49,4156774,40450,85125,221,8466,5594,54,102.76
7,2020,Borderlands 3,8785.67,1651.71,23.15%,17781,397540,Jul-20,180,604517,74418,3910,222,8322,813,100,8.12
7,2020,Brawlhalla,16276.09,876.69,5.69%,29804,291550,Jul-20,82,2047527,106026,41874,300,18732,2755,142,19.31
7,2020,Call of Duty: Black Ops III,3275.54,-348.45,-9.62%,5394,311210,Jul-20,183,596639,137838,7540,339,17798,803,185,4.33
7,2020,Counter-Strike: Global Offensive,625900.81,-45746.65,-6.81%,857560,730,Jul-20,8,41902442,1187042,197934,3034,126894,56396,1597,35.3
7,2020,DOOM Eternal,3027.89,1036.35,52.04%,6900,782330,Jul-20,178,625897,40726,139759,120,5832,842,54,15.37
7,2020,DayZ,14339.71,342.83,2.45%,23958,221100,Jul-20,73,2345331,142773,34790,356,10483,3156,192,16.43
7,2020,Dead by Daylight,40537.08,57.17,0.14%,66429,381210,Jul-20,15,19034322,1018117,65116,2138,81765,25618,1370,18.7
7,2020,Destiny 2,68439.75,-9110.48,-11.75%,122236,1085660,Jul-20,27,9801493,840733,52632,2406,54420,13191,1131,11.66
7,2020,Detroit: Become Human,1435.06,-2204.33,-60.57%,3641,1222140,Jul-20,85,1820706,52852,27407,183,9620,2450,71,34.45
7,2020,Don't Starve Together,17581.44,248.5,1.43%,31896,322330,Jul-20,130,997514,48930,7651,118,6143,1342,65,20.39
7,2020,Dota 2,450213.99,-6970.43,-1.52%,712610,570,Jul-20,9,35906928,571211,193157,1301,27565,48326,768,62.86
7,2020,Euro Truck Simulator 2,19619.5,-189.44,-0.96%,34566,227300,Jul-20,151,799292,103230,7279,350,11401,1075,138,7.74
7,2020,F1 2020,9634.73,-,-,23766,1080110,Jul-20,46,4735075,109412,48705,566,14591,6372,147,43.28
7,2020,FINAL FANTASY XIV Online,15767.28,362.76,2.35%,24141,39210,Jul-20,72,2346316,251952,41554,920,15714,3157,339,9.31
7,2020,Fallout 76,9011.95,1028.2,12.88%,14188,1151340,Jul-20,174,674953,97564,17475,251,7275,908,131,6.92
7,2020,Farming Simulator 19,14175.57,1173.79,9.03%,27660,787860,Jul-20,160,738095,79750,8986,261,6249,993,107,9.26
7,2020,Football Manager 2020,58842.47,875.15,1.51%,91382,1100600,Jul-20,122,1133493,34617,10316,145,2326,1525,46,32.74
7,2020,Garry's Mod,29238.95,123.95,0.43%,42318,4000,Jul-20,142,864227,32015,56162,90,7058,1163,43,26.99
7,2020,Grand Theft Auto V,83654.72,-16098.13,-16.14%,134093,271590,Jul-20,4,94129970,1614402,378519,3752,130521,126689,2172,58.31
7,2020,Grand Theft Auto: San Andreas,1095.09,139.97,14.65%,1808,12120,Jul-20,150,799933,32563,15648,87,4504,1076,43,24.57
7,2020,Green Hell,3128.4,59.75,1.95%,7481,815370,Jul-20,99,1424606,27476,44816,97,3892,1917,36,51.85
7,2020,Gunfire Reborn,3441.56,-228.18,-6.22%,5747,1217060,Jul-20,162,716941,28386,15382,89,4314,964,38,25.26
7,2020,Halo: The Master Chief Collection,15345.63,10081.37,191.51%,54416,976730,Jul-20,67,2477606,198315,56362,1111,24965,3334,266,12.49
7,2020,Hollow Knight,5482.42,1746.92,46.77%,8904,367520,Jul-20,166,711918,62439,6799,154,7114,958,84,11.4
7,2020,Hunt: Showdown,6388.57,799.27,14.30%,13842,594650,Jul-20,34,6143333,125570,52276,362,9284,8268,169,48.92
7,2020,Kingdom Come: Deliverance,2977.3,19.22,0.65%,5591,379430,Jul-20,192,546633,15439,11527,49,1453,735,20,35.41
7,2020,MapleStory,3104.4,77.44,2.56%,4918,216150,Jul-20,70,2430995,83290,19262,221,5248,3271,112,29.19
7,2020,Monster Hunter: World,48079.8,23934.18,99.12%,144000,582010,Jul-20,54,3762608,244255,34374,1152,20530,5064,328,15.4
7,2020,Mortal Kombat 11,2421.78,-208.87,-7.94%,4265,976310,Jul-20,145,837491,58903,14841,153,6947,1127,79,14.22
7,2020,NBA 2K20,22884.1,6109.15,36.42%,38023,1089350,Jul-20,26,10127041,785633,76626,2079,70302,13629,1057,12.89
7,2020,Neon Abyss,2897.38,-,-,5111,788100,Jul-20,140,896701,27378,15236,198,4420,1206,36,32.75
7,2020,No Man's Sky,9572.2,3009.91,45.87%,21844,275850,Jul-20,152,797829,60070,20676,182,6874,1073,80,13.28
7,2020,Paladins,10141.15,-395.87,-3.76%,17726,444090,Jul-20,144,837668,117700,5893,310,14473,1127,158,7.12
7,2020,Path of Exile,34840.9,4761.65,15.83%,64732,238960,Jul-20,25,10258739,248266,50665,611,10103,13807,334,41.32
7,2020,Persona 4 Golden,9336.06,-10253.86,-52.34%,16309,1113000,Jul-20,157,762984,60013,10018,176,4343,1026,80,12.71
7,2020,Pummel Party,3566.04,951.61,36.40%,10041,880940,Jul-20,83,2038111,55260,110744,301,14704,2743,74,36.88
7,2020,Raft,5279.91,972.06,22.56%,11495,648800,Jul-20,114,1189282,43975,46716,137,7505,1600,59,27.04
7,2020,Red Dead Redemption 2,13939.85,2284.75,19.60%,23167,1174180,Jul-20,77,2245505,234660,13455,842,20422,3022,315,9.57
7,2020,RimWorld,15243.38,946.01,6.62%,20531,294100,Jul-20,172,687723,34960,8243,95,2713,925,47,19.67
7,2020,Rocket League,41893.27,756.67,1.84%,71681,252950,Jul-20,33,6404829,503218,37288,1125,81236,8620,677,12.73
7,2020,Rust,58238.72,7821,15.51%,97741,252490,Jul-20,43,4936238,204538,40911,741,17294,6643,275,24.13
7,2020,SMITE,15841.85,1076.21,7.29%,27842,386360,Jul-20,45,4868991,230443,28440,681,19476,6553,310,21.13
7,2020,Satisfactory,13820.92,-2951.82,-17.60%,23836,526870,Jul-20,113,1199505,71703,26730,203,6267,1614,96,16.73
7,2020,Sea of Thieves,21810.25,-7644.24,-25.95%,59104,1172620,Jul-20,35,5972355,349134,41888,905,33636,8038,469,17.11
7,2020,Sid Meier's Civilization VI,37644.69,-2154.36,-5.41%,64392,289070,Jul-20,109,1259840,35136,17841,110,4193,1695,47,35.86
7,2020,Stardew Valley,19955.32,4745.95,31.20%,28908,413150,Jul-20,193,545181,71286,5423,172,10088,733,95,7.65
7,2020,Street Fighter V,1697.59,102.7,6.44%,2599,310950,Jul-20,86,1777609,41238,37634,105,3572,2392,55,43.11
7,2020,Subnautica,3177.59,555.8,21.20%,5472,264710,Jul-20,199,524425,53141,8221,142,6693,705,71,9.87
7,2020,Tabletop Simulator,6777.9,297.2,4.59%,15529,286160,Jul-20,153,795210,13328,43250,64,2908,1070,17,59.66
7,2020,Terraria,40828.84,-34975.04,-46.14%,62269,105600,Jul-20,89,1532921,107678,32901,256,12844,2063,144,14.24
7,2020,The Elder Scrolls Online,22006.6,-996.88,-4.33%,34962,306130,Jul-20,40,5331136,116764,57057,308,8560,7175,157,45.66
7,2020,The Elder Scrolls V: Skyrim,6941.59,-580.71,-7.72%,10899,72850,Jul-20,112,1248830,113273,9718,270,11448,1680,152,11.02
7,2020,The Forest,7822.46,2247.72,40.32%,16117,242760,Jul-20,105,1277626,100544,26338,309,15111,1719,135,12.71
7,2020,The Long Dark,2195.32,326.32,17.46%,3910,305620,Jul-20,179,618880,16744,5622,56,1932,832,22,36.96
7,2020,The Witcher 3: Wild Hunt,18828.38,-172.45,-0.91%,34735,292030,Jul-20,156,773583,88392,7355,251,9763,1041,118,8.75
7,2020,Tom Clancy's Rainbow Six Siege,76279.2,6078.69,8.66%,122438,359550,Jul-20,21,12976681,1365588,47393,2863,144626,17465,1837,9.5
7,2020,VRChat,11113.71,-69.68,-0.62%,16634,438100,Jul-20,56,3439805,91292,24751,257,8250,4629,122,37.68
7,2020,Warframe,39385.15,-5445.2,-12.15%,58719,230410,Jul-20,110,1252221,129890,30861,325,9821,1685,174,9.64
7,2020,World of Warships,9259.68,345.92,3.88%,18580,552990,Jul-20,62,2765815,74394,18090,220,4500,3722,100,37.18
7,2020,Yu-Gi-Oh! Duel Links,7138.33,-880.94,-10.99%,10106,601510,Jul-20,155,777199,18201,7942,50,1826,1046,24,42.7
8,2020,7 Days to Die,20728.01,-3509.9,-14.48%,35748,251570,Aug-20,97,1360333,123123,12154,301,9189,1830,165,11.05
8,2020,ARK: Survival Evolved,47770.61,-9393.38,-16.43%,75208,346110,Aug-20,91,1615768,220558,5719,533,13889,2174,296,7.33
8,2020,Age of Empires II: Definitive Edition,13439.44,-1008.34,-6.98%,21018,813780,Aug-20,62,2860449,40635,154059,95,3211,3849,54,70.39
8,2020,Albion Online,7144.1,1234.67,20.89%,11595,761890,Aug-20,139,921361,49420,4080,133,3017,1240,66,18.64
8,2020,Among Us,18719.78,16613.75,788.86%,73159,945360,Aug-20,11,30537792,371215,266564,3044,73330,41100,499,82.26
8,2020,Arma 3,13028.78,-35.34,-0.27%,22575,107410,Aug-20,192,524332,55637,5514,270,4481,705,74,9.42
8,2020,Battle Brothers,2918.35,2070.19,244.08%,8055,365360,Aug-20,151,789624,9614,3942,55,520,1062,12,82.13
8,2020,Borderlands 3,8873.5,87.83,1.00%,23377,397540,Aug-20,174,633264,71917,6031,223,7948,852,96,8.81
8,2020,Brawlhalla,17013.52,737.43,4.53%,26415,291550,Aug-20,89,1640625,108518,31930,275,20676,2208,146,15.12
8,2020,Call of Duty: Black Ops III,2756.57,-518.97,-15.84%,4554,311210,Aug-20,177,602639,127592,9973,305,17538,811,171,4.72
8,2020,Conan Exiles,6984.01,-1525.6,-17.93%,11498,440900,Aug-20,182,578334,31269,36814,85,2116,778,42,18.5
8,2020,Conqueror's Blade,3910.94,652.93,20.04%,10336,835570,Aug-20,181,599545,29407,27538,87,1962,806,39,20.39
8,2020,Conqueror's Blade,4433.36,1749.13,65.16%,10054,905370,Aug-20,181,599545,29407,27538,87,1962,806,39,20.39
8,2020,Counter-Strike: Global Offensive,639957.66,14056.85,2.25%,925348,730,Aug-20,8,48243344,1071229,313425,2526,117920,64930,1441,45.04
8,2020,Cuphead,967.73,-193.47,-16.66%,1498,268910,Aug-20,196,514856,43208,12690,165,8801,692,58,11.92
8,2020,DOOM Eternal,2331.68,-696.22,-22.99%,5009,782330,Aug-20,193,523174,42849,85152,129,5981,704,57,12.21
8,2020,DayZ,13979,-360.71,-2.52%,24446,221100,Aug-20,48,4118950,140663,106528,383,10369,5543,189,29.28
8,2020,Dead by Daylight,40148.29,-388.79,-0.96%,58910,381210,Aug-20,15,22216259,1024753,86217,2261,83980,29900,1379,21.68
8,2020,Destiny 2,64263.74,-4176.01,-6.10%,122520,1085660,Aug-20,29,7558794,757588,26071,2480,50050,10173,1019,9.98
8,2020,Detroit: Become Human,627.08,-807.98,-56.30%,1178,1222140,Aug-20,159,722161,27757,30658,87,5580,971,37,26.02
8,2020,Don't Starve Together,13957.9,-3623.54,-20.61%,24475,322330,Aug-20,141,896588,38885,6371,108,4746,1206,52,23.06
8,2020,Dota 2,429717.12,-20496.87,-4.55%,666138,570,Aug-20,10,38252005,554956,170474,1247,26864,51483,746,68.93
8,2020,Euro Truck Simulator 2,17248.12,-2371.38,-12.09%,34063,227300,Aug-20,161,713134,86502,18716,315,9840,959,116,8.24
8,2020,Europa Universalis IV,15930.75,-1839.24,-10.35%,25686,236850,Aug-20,195,518345,13757,5298,47,924,697,18,37.68
8,2020,F1 2020,6389.01,-3245.71,-33.69%,16359,1080110,Aug-20,88,1656629,88153,18230,491,11984,2229,118,18.79
8,2020,FINAL FANTASY XIV Online,20497.85,4730.57,30.00%,34086,39210,Aug-20,55,3397969,334905,19206,1521,21528,4573,450,10.15
8,2020,Factorio,15775.35,8052.67,104.27%,34640,427520,Aug-20,135,932518,42720,21634,161,3419,1255,57,21.83
8,2020,Farming Simulator 19,14565.66,390.09,2.75%,28405,787860,Aug-20,173,648724,79391,14350,253,6157,873,106,8.17
8,2020,Football Manager 2020,60252.62,1410.15,2.40%,94464,1100600,Aug-20,152,785742,30728,14288,106,2258,1057,41,25.57
8,2020,For Honor,5048.3,320.97,6.79%,13358,304390,Aug-20,125,997246,65215,10134,336,8264,1342,87,15.29
8,2020,For The King,1043.18,278.69,36.45%,3141,527230,Aug-20,96,1370626,8442,56517,68,1572,1844,11,162.36
8,2020,Garry's Mod,28184.07,-1054.87,-3.61%,41437,4000,Aug-20,163,702525,30944,76796,101,6730,945,41,22.7
8,2020,Golf It!,699.45,-143.42,-17.02%,1529,571740,Aug-20,172,649065,4652,91632,87,1815,873,6,139.52
8,2020,Grand Theft Auto V,88398.36,4743.64,5.67%,154677,271590,Aug-20,6,83320277,1515588,374879,3525,125748,112140,2039,54.98
8,2020,Grand Theft Auto: San Andreas,863.76,-231.33,-21.12%,1361,12120,Aug-20,178,601199,31718,19600,81,4438,809,42,18.95
8,2020,Grounded,5422.12,-,-,16851,962130,Aug-20,65,2604550,157448,30297,1044,26672,3505,211,16.54
8,2020,Halo: The Master Chief Collection,10150.89,-5194.74,-33.85%,25409,976730,Aug-20,105,1233245,160952,10487,693,19589,1659,216,7.66
8,2020,Hollow Knight,5029.37,-453.06,-8.26%,9029,367520,Aug-20,171,654341,60091,95667,147,7149,880,80,10.89
8,2020,Horizon Zero Dawn,16042.04,-,-,49582,1151640,Aug-20,42,4665977,177158,91067,1658,16500,6279,238,26.34
8,2020,Hunt: Showdown,5612.19,-776.38,-12.15%,10733,594650,Aug-20,108,1198189,99928,20954,257,7474,1612,134,11.99
8,2020,MapleStory,2477.79,-626.6,-20.18%,3767,216150,Aug-20,69,2291944,74380,19305,216,4644,3084,100,30.81
8,2020,Microsoft Flight Simulator,20805.57,-,-,61775,1250410,Aug-20,32,6817924,111482,216593,987,15899,9176,150,61.16
8,2020,Monster Hunter: World,33785.62,-14294.18,-29.73%,74252,582010,Aug-20,79,2003692,172461,28881,504,15880,2696,232,11.62
8,2020,Mortal Kombat 11,1758,-663.78,-27.41%,3205,976310,Aug-20,109,1193781,50604,67731,127,6103,1606,68,23.59
8,2020,NBA 2K20,23347.53,463.43,2.03%,48367,1089350,Aug-20,31,7393059,675373,76106,2017,62815,9950,908,10.95
8,2020,PGA TOUR 2K21,3018.41,-,-,5408,1016120,Aug-20,90,1635739,44112,58027,500,6368,2201,59,37.08
8,2020,Paladins,10225.23,84.07,0.83%,16893,444090,Aug-20,143,870543,107881,2853,279,12974,1171,145,8.07
8,2020,Path of Exile,18829.49,-16011.41,-45.96%,38067,238960,Aug-20,36,5706876,125666,26106,350,5688,7680,169,45.41
8,2020,Pummel Party,1718.95,-1847.08,-51.80%,4116,880940,Aug-20,153,785282,27440,47978,156,8775,1056,36,28.62
8,2020,Red Dead Redemption 2,15188.44,1248.59,8.96%,26223,1174180,Aug-20,85,1839755,254168,9385,637,20736,2476,342,7.24
8,2020,Remnant: From the Ashes,3780.04,1464.72,63.26%,11755,617290,Aug-20,84,1855656,205711,52768,976,27987,2497,276,9.02
8,2020,RimWorld,16529.27,1285.9,8.44%,23344,294100,Aug-20,179,600629,33839,10181,91,2657,808,45,17.75
8,2020,Risk of Rain 2,25249.95,20718.12,457.17%,71033,632360,Aug-20,51,3949079,136496,77577,825,19954,5315,183,28.93
8,2020,Rocket League,41201.98,-691.28,-1.65%,70357,252950,Aug-20,23,9773161,484991,182628,1134,82809,13153,652,20.15
8,2020,Rust,53287.65,-4951.07,-8.50%,89147,252490,Aug-20,44,4384160,183250,48044,667,15124,5900,246,23.92
8,2020,SCP: Secret Laboratory,5679.27,1679.49,41.99%,7603,700330,Aug-20,93,1585434,18253,95543,70,3579,2133,24,86.86
8,2020,SMITE,14947.1,-894.75,-5.65%,24066,386360,Aug-20,39,5146771,224702,25241,595,18501,6927,302,22.9
8,2020,Sea of Thieves,12358.85,-9451.4,-43.33%,29221,1172620,Aug-20,45,4203185,319827,46219,844,31000,5657,430,13.14
8,2020,Sid Meier's Civilization VI,33710.97,-3933.71,-10.45%,53037,289070,Aug-20,131,965159,27475,146231,78,3299,1299,36,35.13
8,2020,Slay the Spire,6526.54,-30.56,-0.47%,9584,646570,Aug-20,180,600203,16654,26408,53,2542,807,22,36.04
8,2020,Street Fighter V,2255.39,557.8,32.86%,3957,310950,Aug-20,78,2011813,49004,36339,189,4729,2707,65,41.05
8,2020,Subnautica,2949.65,-227.94,-7.17%,4636,264710,Aug-20,144,867755,60881,12864,157,7579,1167,81,14.25
8,2020,Tabletop Simulator,6256.95,-520.96,-7.69%,14829,286160,Aug-20,188,563065,12633,22475,72,2753,757,17,44.57
8,2020,Terraria,28647.58,-12181.26,-29.83%,40187,105600,Aug-20,110,1178579,87420,13293,205,10693,1586,117,13.48
8,2020,The Elder Scrolls Online,23369.4,1362.8,6.19%,38240,306130,Aug-20,60,2925711,121683,27529,293,8929,3937,163,24.04
8,2020,The Elder Scrolls V: Skyrim,6855.91,-85.68,-1.23%,10891,72850,Aug-20,121,1061789,121853,13805,269,12091,1429,164,8.71
8,2020,The Forest,4886.7,-2935.76,-37.53%,7906,242760,Aug-20,183,577373,64794,21484,191,10758,777,87,8.91
8,2020,The Long Dark,1542.28,-653.04,-29.75%,2580,305620,Aug-20,149,815041,13763,7884,42,1624,1096,18,59.22
8,2020,The Witcher 3: Wild Hunt,16327.61,-2500.77,-13.28%,36555,292030,Aug-20,106,1219693,81397,88802,236,8868,1641,109,14.98
8,2020,Tom Clancy's Rainbow Six Siege,68205.26,-8073.94,-10.58%,127249,359550,Aug-20,20,12484628,1236678,114613,3038,137891,16802,1664,10.1
8,2020,VRChat,11442.02,328.31,2.95%,17514,438100,Aug-20,57,3141316,97302,28042,282,8890,4227,130,32.28
8,2020,Warframe,59629.02,20243.88,51.40%,154246,230410,Aug-20,35,6219274,198143,433443,1352,14877,8370,266,31.39
8,2020,World of Warships,9373.22,113.54,1.23%,17432,552990,Aug-20,61,2889577,76034,15732,195,4526,3889,102,38
8,2020,Yu-Gi-Oh! Duel Links,7655.71,517.39,7.25%,11011,601510,Aug-20,168,677391,18276,5549,55,1834,911,24,37.06
9,2020,7 Days to Die,21014.22,286.22,1.38%,33803,251570,Sep-20,95,1468032,118790,9943,293,8873,2041,165,12.36
9,2020,ARK: Survival Evolved,45240.48,-2530.12,-5.30%,73081,346110,Sep-20,98,1422325,201038,5353,482,13425,1978,279,7.07
9,2020,Age of Empires II: Definitive Edition,12777.48,-661.95,-4.93%,20690,813780,Sep-20,89,1564335,27597,16058,97,2782,2175,38,56.68
9,2020,Albion Online,8847.63,1703.53,23.85%,13118,761890,Sep-20,125,1002035,55621,3943,123,3121,1393,77,18.02
9,2020,Among Us,151380.28,132660.51,708.66%,438524,945360,Sep-20,2,147132248,2507735,745468,12317,410661,204634,3487,58.67
9,2020,Borderlands 3,8705.12,-168.38,-1.90%,18328,397540,Sep-20,138,806026,88308,22285,514,9900,1121,122,9.13
9,2020,Brawlhalla,16954.65,-58.87,-0.35%,33740,291550,Sep-20,75,1997763,94116,37112,272,17792,2778,130,21.23
9,2020,Call of Duty: Black Ops III,2823.1,66.53,2.41%,5033,311210,Sep-20,143,776324,125628,23893,356,18386,1079,174,6.18
9,2020,Conan Exiles,13647.11,6663.1,95.41%,33819,440900,Sep-20,67,2487759,76024,29987,339,4881,3460,105,32.72
9,2020,Conqueror's Blade,3254.66,-656.28,-16.78%,9606,835570,Sep-20,148,760945,27194,28070,87,1673,1058,37,27.98
9,2020,Conqueror's Blade,3960.73,-472.63,-10.66%,10081,905370,Sep-20,148,760945,27194,28070,87,1673,1058,37,27.98
9,2020,Counter-Strike: Global Offensive,606850.32,-33107.34,-5.17%,977769,730,Sep-20,7,53623137,1029871,306910,2620,114511,74580,1432,52.07
9,2020,Craftopia,7872.57,-,-,26449,1307550,Sep-20,156,728696,41239,29912,416,6014,1013,57,17.67
9,2020,Crusader Kings III,48312.51,-,-,98474,1158310,Sep-20,27,7873053,102886,64778,803,8814,10950,143,76.52
9,2020,DayZ,19895.67,5916.66,42.33%,36728,221100,Sep-20,26,9251411,231718,69758,624,16937,12867,322,39.93
9,2020,Dead by Daylight,39898.35,-249.94,-0.62%,76258,381210,Sep-20,14,21492539,1026560,87686,2682,85128,29892,1427,20.94
9,2020,Destiny 2,53312.41,-10951.33,-17.04%,97247,1085660,Sep-20,33,6306724,631399,30941,1848,46274,8771,878,9.99
9,2020,Detroit: Become Human,681.59,54.51,8.69%,1841,1222140,Sep-20,184,588298,24475,8407,78,4834,818,34,24.04
9,2020,Don't Starve Together,11337.39,-2620.51,-18.77%,22870,322330,Sep-20,155,734241,34646,13443,109,4228,1021,48,21.19
9,2020,Dota 2,408609.78,-21107.34,-4.91%,670547,570,Sep-20,9,38107678,551165,269456,1402,26860,53000,766,69.14
9,2020,Euro Truck Simulator 2,15842.5,-1405.61,-8.15%,31409,227300,Sep-20,163,702710,85959,9812,372,9248,977,119,8.17
9,2020,F1 2020,5421.92,-967.09,-15.14%,13433,1080110,Sep-20,116,1143666,71374,38850,570,10127,1590,99,16.02
9,2020,FINAL FANTASY XIV Online,18950.52,-1547.33,-7.55%,30188,39210,Sep-20,62,2985005,301407,30134,1032,18829,4151,419,9.9
9,2020,Factorio,16465.7,690.36,4.38%,28351,427520,Sep-20,161,709958,36501,21347,111,2784,987,50,19.45
9,2020,Fallout 76,5168.97,-1895.32,-26.83%,8788,1151340,Sep-20,165,686494,66485,23171,189,4944,954,92,10.33
9,2020,Farming Simulator 19,14503.59,-62.06,-0.43%,30938,787860,Sep-20,172,636329,74393,8825,263,5693,885,103,8.55
9,2020,Football Manager 2020,56234.04,-4018.58,-6.67%,87558,1100600,Sep-20,130,929656,34294,13942,131,3313,1292,47,27.11
9,2020,Grand Theft Auto V,68047.03,-20351.33,-23.02%,126174,271590,Sep-20,6,58950202,1228347,318681,3147,98039,81989,1708,47.99
9,2020,Grounded,1744.58,-3677.55,-67.82%,3908,962130,Sep-20,194,537118,35463,25342,169,6648,747,49,15.15
9,2020,Hades,11325.52,10058.01,793.52%,37586,1145360,Sep-20,39,5516251,93292,57365,512,13036,7672,129,59.13
9,2020,Halo: The Master Chief Collection,7946.28,-2204.61,-21.72%,29995,976730,Sep-20,111,1209631,114960,156824,626,14864,1682,159,10.52
9,2020,Hollow Knight,3608.36,-1421.01,-28.25%,6134,367520,Sep-20,117,1134590,57077,37304,154,6915,1578,79,19.88
9,2020,Horizon Zero Dawn,5072.49,-10969.55,-68.38%,11854,1151640,Sep-20,120,1065842,73088,28207,228,7423,1482,101,14.58
9,2020,Hunt: Showdown,5153.44,-458.75,-8.17%,10451,594650,Sep-20,128,966795,91776,6141,271,6606,1344,127,10.53
9,2020,Knight Online,1617.56,-75.97,-4.49%,2413,389430,Sep-20,140,792293,10666,7138,45,624,1101,14,74.28
9,2020,Left 4 Dead 2,21013.86,8384.79,66.39%,100965,550,Sep-20,100,1407674,76048,56487,801,19438,1957,105,18.51
9,2020,MapleStory,2176.18,-301.62,-12.17%,3103,216150,Sep-20,63,2962510,71324,28950,199,4810,4120,99,41.54
9,2020,Marvel's Avengers,7462.99,-,-,28145,997070,Sep-20,30,7179349,402903,200219,2451,34343,9985,560,17.82
9,2020,Medieval Dynasty,10156.13,-,-,18611,1129580,Sep-20,77,1826035,33530,33742,244,3411,2539,46,54.46
9,2020,Microsoft Flight Simulator,8360.03,-12445.54,-59.82%,15051,1250410,Sep-20,92,1506592,81480,17971,267,8230,2095,113,18.49
9,2020,Monster Hunter: World,28377.83,-5407.79,-16.01%,62376,582010,Sep-20,83,1698550,161071,11708,368,15169,2362,224,10.55
9,2020,Mortal Kombat 11,1434.96,-323.04,-18.38%,3067,976310,Sep-20,166,678040,43234,25061,117,5226,943,60,15.68
9,2020,NBA 2K20,19945.63,-3401.9,-14.57%,44087,1089350,Sep-20,153,742755,133054,11841,1079,18054,1033,185,5.58
9,2020,NBA 2K21,11257.69,-,-,20670,1225330,Sep-20,18,14528308,893838,112997,6873,68466,20206,1243,16.25
9,2020,Night of the Dead,1695.26,-,-,4406,1377380,Sep-20,112,1207949,26307,26944,130,2660,1680,36,45.92
9,2020,No Man's Sky,8526.01,1619.51,23.45%,34739,275850,Sep-20,192,537731,56022,8170,342,7538,747,77,9.6
9,2020,PGA TOUR 2K21,1438.12,-1580.29,-52.35%,4026,1016120,Sep-20,146,764256,43806,19964,274,5633,1062,60,17.45
9,2020,Paladins,8414.26,-1810.97,-17.71%,14374,444090,Sep-20,160,718439,84197,9897,205,10562,999,117,8.53
9,2020,Path of Exile,32050.11,13220.61,70.21%,121595,238960,Sep-20,22,12514422,254794,141391,3697,12906,17405,354,49.12
9,2020,Red Dead Redemption 2,11339.33,-3849.11,-25.34%,24256,1174180,Sep-20,73,2134662,202676,18066,505,16841,2968,281,10.53
9,2020,RimWorld,15326.43,-1202.84,-7.28%,22093,294100,Sep-20,157,727499,32214,5498,96,2512,1011,44,22.58
9,2020,Risk of Rain 2,12877.78,-12372.17,-49.00%,24530,632360,Sep-20,134,897709,72672,20189,270,11907,1248,101,12.35
9,2020,Rocket League,53108.19,11906.21,28.90%,146902,252950,Sep-20,19,14067732,705274,136304,3520,151620,19565,980,19.95
9,2020,Rust,46430.53,-6857.11,-12.87%,76611,252490,Sep-20,57,3296832,156037,32378,606,13205,4585,217,21.13
9,2020,SCUM,3877.97,262.2,7.25%,7260,513710,Sep-20,135,852882,30692,16864,100,1962,1186,42,27.79
9,2020,SMITE,13761.73,-1185.37,-7.93%,23567,386360,Sep-20,52,4062484,199425,22614,538,16135,5650,277,20.37
9,2020,Sea of Thieves,9681.4,-2677.45,-21.66%,26959,1172620,Sep-20,54,3854043,308828,35432,1046,29793,5360,429,12.48
9,2020,Sid Meier's Civilization VI,31139.08,-2571.89,-7.63%,54546,289070,Sep-20,152,747032,23997,13978,113,3093,1038,33,31.13
9,2020,Squad,4925.72,1115.79,29.29%,14953,393380,Sep-20,137,818174,29715,29341,175,3711,1137,41,27.53
9,2020,Street Fighter V,2047.16,-208.24,-9.23%,3201,310950,Sep-20,84,1655823,59773,21318,201,7645,2302,83,27.7
9,2020,Terraria,21643.36,-7004.22,-24.45%,33696,105600,Sep-20,176,628590,70217,13389,189,9135,874,97,8.95
9,2020,The Elder Scrolls Online,18863.6,-4505.8,-19.28%,31588,306130,Sep-20,66,2609523,101938,59777,266,6986,3629,141,25.6
9,2020,The Elder Scrolls V: Skyrim,6195.27,-660.64,-9.64%,10280,72850,Sep-20,101,1403073,109242,30386,255,10928,1951,151,12.84
9,2020,The Long Dark,1344.77,-197.51,-12.81%,2202,305620,Sep-20,136,823865,14731,6373,45,1601,1145,20,55.93
9,2020,The Long Drive,99.34,24.64,32.98%,243,1017180,Sep-20,188,566608,1990,53973,14,394,788,2,284.73
9,2020,The Witcher 3: Wild Hunt,18310.61,1982.99,12.15%,38742,292030,Sep-20,71,2273988,87979,25865,262,9143,3162,122,25.85
9,2020,They Are Billions,2546.32,-51.16,-1.97%,4417,644930,Sep-20,200,528998,7088,13128,24,547,735,9,74.63
9,2020,Tom Clancy's Rainbow Six Siege,75543.34,7338.09,10.76%,163478,359550,Sep-20,25,11083172,1222013,48552,3522,137597,15414,1699,9.07
9,2020,VRChat,10372.42,-1069.6,-9.35%,16508,438100,Sep-20,64,2783769,83315,81185,272,7826,3871,115,33.41
9,2020,Warframe,56330.88,-3298.15,-5.53%,90316,230410,Sep-20,69,2383092,168983,129996,429,13228,3314,235,14.1
9,2020,Wasteland 3,5860.91,-,-,16839,719040,Sep-20,127,986946,44986,48925,234,3900,1372,62,21.94
9,2020,World of Warships,8248.75,-1124.47,-12.00%,15958,552990,Sep-20,59,3258798,77105,21742,202,4347,4532,107,42.26
9,2020,Yu-Gi-Oh! Duel Links,7562.92,-92.79,-1.21%,17068,601510,Sep-20,150,755439,21203,7483,91,2123,1050,29,35.63
10,2020,7 Days to Die,17916.32,-3097.9,-14.74%,33560,251570,Oct-20,115,1149096,107937,11121,353,8738,1546,145,10.65
10,2020,ARK: Survival Evolved,41760,-3480.49,-7.69%,71828,346110,Oct-20,97,1443131,190678,5816,548,15150,1942,256,7.57
10,2020,Albion Online,8221.55,-626.07,-7.08%,12436,761890,Oct-20,148,833799,52683,4366,116,2785,1122,70,15.83
10,2020,Among Us,176453.91,25073.63,16.56%,372646,945360,Oct-20,3,109716919,2160986,753943,9142,386445,147667,2908,50.77
10,2020,Arma 3,13527.22,823.09,6.48%,27524,107410,Oct-20,199,530432,55798,14352,326,4762,713,75,9.51
10,2020,Baldur's Gate 3,16792.37,-,-,48418,1086940,Oct-20,36,5952175,127224,188863,1489,13857,8011,171,46.79
10,2020,Brawlhalla,16926.73,-27.92,-0.16%,28295,291550,Oct-20,54,3712174,93240,90910,286,17484,4996,125,39.81
10,2020,Call of Duty: Black Ops III,3415.09,591.99,20.97%,6288,311210,Oct-20,99,1414716,164697,64809,476,23223,1904,221,8.59
10,2020,Conan Exiles,11281.33,-2365.78,-17.34%,23039,440900,Oct-20,108,1293693,52750,24069,155,3154,1741,70,24.52
10,2020,Conqueror's Blade,3761.53,506.86,15.57%,10364,835570,Oct-20,187,584995,28835,26683,97,1640,787,38,20.29
10,2020,Conqueror's Blade,4287.32,326.59,8.25%,10959,905370,Oct-20,187,584995,28835,26683,97,1640,787,38,20.29
10,2020,Counter-Strike: Global Offensive,613666.69,6816.37,1.12%,943876,730,Oct-20,7,58560804,1138329,434419,2976,124370,78816,1532,51.44
10,2020,Crusader Kings III,20782.2,-27530.31,-56.98%,46009,1158310,Oct-20,138,902347,31995,31883,135,2995,1214,43,28.2
10,2020,DOOM Eternal,2583.85,902.44,53.67%,10078,782330,Oct-20,102,1355308,97386,30435,642,14632,1824,131,13.92
10,2020,DayZ,18453.68,-1441.99,-7.25%,30755,221100,Oct-20,61,3320353,187031,11828,463,12883,4468,251,17.75
10,2020,Dead by Daylight,33472.92,-6425.43,-16.10%,77347,381210,Oct-20,20,18857061,941861,96000,3105,83571,25379,1267,20.02
10,2020,Destiny 2,50809.4,-2503.01,-4.69%,93741,1085660,Oct-20,34,6380496,641070,31956,1782,47421,8587,862,9.95
10,2020,Detroit: Become Human,387.88,-293.7,-43.09%,1324,1222140,Oct-20,152,819844,17297,35995,54,3842,1103,23,47.4
10,2020,Don't Starve Together,14124.37,2786.97,24.58%,39782,322330,Oct-20,116,1143785,44918,10896,186,6561,1539,60,25.46
10,2020,Dota 2,406361.36,-2248.43,-0.55%,723280,570,Oct-20,12,33523506,599493,155576,1573,28700,45119,806,55.92
10,2020,Dying Light,6206.29,1609.81,35.02%,16436,239140,Oct-20,177,651448,39571,106181,180,6216,876,53,16.46
10,2020,Euro Truck Simulator 2,19126.06,3283.56,20.73%,42180,227300,Oct-20,173,696710,102814,6382,371,10774,937,138,6.78
10,2020,F1 2020,4853.7,-568.22,-10.48%,14172,1080110,Oct-20,133,947926,63834,19718,498,9195,1275,85,14.85
10,2020,FINAL FANTASY XIV Online,15069.57,-3880.95,-20.48%,26240,39210,Oct-20,77,2244372,262800,31580,910,16312,3020,353,8.54
10,2020,Factorio,13746.76,-2718.95,-16.51%,23613,427520,Oct-20,185,597892,29036,11945,94,2291,804,39,20.59
10,2020,Farming Simulator 19,16588.01,2084.41,14.37%,35323,787860,Oct-20,159,767288,87543,10739,291,6660,1032,117,8.76
10,2020,For Honor,2866.85,-676.27,-19.09%,4767,304390,Oct-20,197,533283,41270,10087,134,5377,717,55,12.92
10,2020,Friday the 13th: The Game,334.3,2.16,0.65%,783,438740,Oct-20,166,731353,34519,110616,218,6573,984,46,21.19
10,2020,Grand Theft Auto V,67193.03,-854,-1.26%,128578,271590,Oct-20,8,55833045,1225664,202629,3627,98469,75145,1649,45.55
10,2020,Hades,19587.12,8261.59,72.95%,32431,1145360,Oct-20,40,5071822,158810,43308,406,19661,6826,213,31.94
10,2020,Hearts of Iron IV,21220.76,3242.82,18.04%,37173,394360,Oct-20,147,834774,16141,22861,79,1719,1123,21,51.72
10,2020,Hollow Knight,3100.24,-508.11,-14.08%,6077,367520,Oct-20,193,566788,52852,21166,145,6574,762,71,10.72
10,2020,Hunt: Showdown,5213.72,60.28,1.17%,15063,594650,Oct-20,139,897385,89660,5771,328,7170,1207,120,10.01
10,2020,Knight Online,1639.44,21.88,1.35%,2606,389430,Oct-20,127,991523,14266,7912,61,743,1334,19,69.5
10,2020,Left 4 Dead 2,21455.05,441.19,2.10%,47697,550,Oct-20,121,1081986,77128,17264,346,18675,1456,103,14.03
10,2020,Mafia: Definitive Edition,3239.81,-,-,13589,1030840,Oct-20,120,1086551,61766,14861,362,8863,1462,83,17.59
10,2020,MapleStory,1684.65,-491.52,-22.59%,2749,216150,Oct-20,80,2066500,62967,16716,170,3943,2781,84,32.82
10,2020,Medieval Dynasty,4847.34,-5308.79,-52.27%,13903,1129580,Oct-20,175,687227,28996,20248,162,2619,924,39,23.7
10,2020,Microsoft Flight Simulator,5623.02,-2737,-32.74%,10724,1250410,Oct-20,180,625221,49447,8613,133,4315,841,66,12.64
10,2020,Monster Hunter: World,47069.19,18691.37,65.87%,121990,582010,Oct-20,46,4293586,249123,41531,1265,20536,5778,335,17.23
10,2020,Mortal Kombat 11,1661.09,226.13,15.76%,3175,976310,Oct-20,151,824285,52152,21905,160,6551,1109,70,15.81
10,2020,NBA 2K21,6758.98,-4498.71,-39.96%,12077,1225330,Oct-20,31,8548457,572279,91190,1798,48295,11505,770,14.94
10,2020,Noita,2043.64,1387.51,211.47%,5183,881100,Oct-20,94,1474316,20329,37859,88,3011,1984,27,72.52
10,2020,Outlast,256.25,83.69,48.50%,2049,238320,Oct-20,170,709692,47094,12207,580,14041,955,63,15.07
10,2020,Paladins,8012.12,-402.14,-4.78%,16679,444090,Oct-20,158,771899,84615,5698,255,10063,1038,113,9.12
10,2020,Path of Exile,38437.27,6387.16,19.93%,75814,238960,Oct-20,26,11720630,248166,50399,617,10170,15774,334,47.23
10,2020,Phasmophobia,44993.03,-,-,112241,739630,Oct-20,10,48599126,1876224,256449,8886,223859,65409,2525,25.9
10,2020,Raft,12168.4,9713.15,395.61%,41946,648800,Oct-20,59,3421194,102766,84743,434,15178,4604,138,33.29
10,2020,Red Dead Redemption 2,16089.38,4750.06,41.89%,31679,1174180,Oct-20,87,1820807,214032,38316,535,18890,2450,288,8.51
10,2020,Resident Evil 2,880.54,-20.8,-2.31%,2150,883710,Oct-20,124,1002340,60868,16454,283,8731,1349,81,16.47
10,2020,RimWorld,13851.02,-1475.41,-9.63%,19572,294100,Oct-20,168,717554,32298,9066,83,2359,965,43,22.22
10,2020,Rocket League,72355.61,19247.43,36.24%,140667,252950,Oct-20,17,22032826,1210744,243644,3196,263835,29653,1629,18.2
10,2020,RuneScape,8583.03,-,-,12508,1343400,Oct-20,150,827309,53500,20562,139,4137,1113,72,15.46
10,2020,Rust,48550.8,2120.27,4.57%,80422,252490,Oct-20,64,3181307,164491,13051,574,13628,4281,221,19.34
10,2020,SCP: Secret Laboratory,3934.47,-171.53,-4.18%,7238,700330,Oct-20,105,1334406,14942,117217,75,3116,1795,20,89.31
10,2020,SMITE,12330.07,-1431.66,-10.40%,22012,386360,Oct-20,48,4025077,193068,24937,532,15667,5417,259,20.85
10,2020,Sea of Thieves,6266.54,-3414.86,-35.27%,13235,1172620,Oct-20,66,2762466,244117,28813,832,24640,3717,328,11.32
10,2020,Slay the Spire,5708.81,204.06,3.71%,10695,646570,Oct-20,200,528444,14904,20710,47,2367,711,20,35.46
10,2020,Spelunky 2,2919.73,-,-,6937,418530,Oct-20,62,3308251,41976,41609,214,5131,4452,56,78.81
10,2020,Squad,7690.21,2764.49,56.12%,14790,393380,Oct-20,93,1500214,62291,40378,189,6289,2019,83,24.08
10,2020,Street Fighter V,1941.69,-105.46,-5.15%,3048,310950,Oct-20,75,2290912,47536,46923,136,4546,3083,63,48.19
10,2020,Subnautica,2224.1,-185.22,-7.69%,4427,264710,Oct-20,195,546799,48806,7467,139,6421,735,65,11.2
10,2020,The Elder Scrolls Online,19102.69,239.09,1.27%,32601,306130,Oct-20,83,2000336,101350,20405,253,6569,2692,136,19.74
10,2020,The Elder Scrolls V: Skyrim,5936.55,-258.72,-4.18%,10084,72850,Oct-20,163,744576,104009,8794,246,10574,1002,139,7.16
10,2020,The Forest,4543.26,297.28,7.00%,20294,242760,Oct-20,141,884412,57441,14154,329,10311,1190,77,15.4
10,2020,The Long Dark,1484.84,140.07,10.42%,3361,305620,Oct-20,153,819071,18424,9789,74,2002,1102,24,44.46
10,2020,The Witcher 3: Wild Hunt,13916.9,-4393.7,-24.00%,27402,292030,Oct-20,118,1134225,80839,20107,220,8626,1526,108,14.03
10,2020,They Are Billions,2709.22,162.9,6.40%,4647,644930,Oct-20,145,837259,9170,13488,29,675,1126,12,91.3
10,2020,Tom Clancy's Rainbow Six Siege,62956.21,-12587.13,-16.66%,114281,359550,Oct-20,29,10915005,1046300,55139,2528,123476,14690,1408,10.43
10,2020,VRChat,10093.03,-279.4,-2.69%,17812,438100,Oct-20,52,3862852,83931,73152,287,8686,5198,112,46.02
10,2020,Warframe,41298.79,-15032.09,-26.69%,69891,230410,Oct-20,106,1326209,120826,61550,356,9504,1784,162,10.98
10,2020,World of Warships,7725.14,-523.6,-6.35%,15604,552990,Oct-20,63,3226354,79571,23881,224,4485,4342,107,40.55
10,2020,Yu-Gi-Oh! Duel Links,8885.35,1322.42,17.49%,12947,601510,Oct-20,140,889811,22122,7843,58,2333,1197,29,40.22
11,2020,7 Days to Die,23321.81,5405.48,30.17%,37599,251570,Nov-20,108,1320899,137202,10068,346,10520,1837,190,9.63
11,2020,ARK: Survival Evolved,56425.6,14665.6,35.12%,98433,346110,Nov-20,83,1980616,239794,27252,626,20083,2754,333,8.26
11,2020,Albion Online,7767.72,-453.84,-5.52%,12254,761890,Nov-20,166,724280,46885,2748,108,2525,1007,65,15.45
11,2020,Among Us,114344.38,-62109.53,-35.20%,336108,945360,Nov-20,4,76950746,1328891,776257,5274,250289,107024,1848,57.91
11,2020,Apex Legends,74957.26,-,-,117193,1172470,Nov-20,12,43586635,2934376,266326,9790,241200,60621,4081,14.85
11,2020,Borderlands 3,5728.6,133.48,2.39%,15189,397540,Nov-20,174,683268,56902,13216,171,6740,950,79,12.01
11,2020,Brawlhalla,18146.77,1220.04,7.21%,30784,291550,Nov-20,37,6657396,98164,165626,258,18414,9259,136,67.82
11,2020,Call of Duty: Black Ops III,2974.68,-440.41,-12.90%,6583,311210,Nov-20,184,639184,127282,9635,437,19735,888,177,5.02
11,2020,Conqueror's Blade,3751.21,-10.32,-0.27%,10341,835570,Nov-20,162,750741,33235,15299,117,2024,1044,46,22.59
11,2020,Conqueror's Blade,5179.34,892.02,20.81%,12147,905370,Nov-20,162,750741,33235,15299,117,2024,1044,46,22.59
11,2020,Counter-Strike: Global Offensive,668754.58,55087.89,8.98%,1037464,730,Nov-20,6,60714096,1297659,551755,3544,139791,84442,1804,46.79
11,2020,DayZ,19362.78,909.1,4.93%,33979,221100,Nov-20,51,4027702,186618,35884,506,13146,5601,259,21.58
11,2020,Dead by Daylight,36283.14,2810.21,8.40%,75075,381210,Nov-20,19,19286691,995939,94557,3242,84563,26824,1385,19.37
11,2020,Destiny 2,99899.97,49090.57,96.62%,241843,1085660,Nov-20,21,18006507,1388181,402791,20975,78270,25043,1930,12.97
11,2020,Detroit: Become Human,669.08,281.2,72.50%,2289,1222140,Nov-20,157,793138,22626,18615,73,4764,1103,31,35.05
11,2020,Don't Starve Together,15836.72,1712.35,12.12%,34678,322330,Nov-20,133,1009920,52344,7894,141,7223,1404,72,19.29
11,2020,Dota 2,425904.83,19543.48,4.81%,711824,570,Nov-20,14,40955503,626431,222257,1585,30556,56961,871,65.38
11,2020,Euro Truck Simulator 2,19963.44,837.38,4.38%,44320,227300,Nov-20,127,1081559,101940,21960,444,11261,1504,141,10.61
11,2020,F1 2020,4690.66,-163.05,-3.36%,12572,1080110,Nov-20,132,1016547,71422,19347,593,10403,1413,99,14.23
11,2020,FINAL FANTASY XIV Online,12661.01,-2408.57,-15.98%,20458,39210,Nov-20,89,1826227,219617,36989,765,14818,2539,305,8.32
11,2020,Fallout 76,6679.08,244.9,3.81%,12735,1151340,Nov-20,193,586992,73962,17644,262,5948,816,102,7.94
11,2020,Farming Simulator 19,18502.49,1914.48,11.54%,40136,787860,Nov-20,122,1143995,93076,21901,320,7309,1591,129,12.29
11,2020,Football Manager 2021,38659.84,-,-,84149,1263850,Nov-20,93,1765883,33309,24785,333,2348,2456,46,53.02
11,2020,Friday the 13th: The Game,338.24,3.95,1.18%,1090,438740,Nov-20,183,648659,27330,114038,436,5445,902,38,23.73
11,2020,Garry's Mod,24014.45,1239.41,5.44%,41428,4000,Nov-20,186,631660,24053,27883,104,4995,878,33,26.26
11,2020,Ghostrunner,1225.16,-,-,5033,1139900,Nov-20,178,671474,34214,22853,203,8024,933,47,19.63
11,2020,Golf With Your Friends,859.04,226.02,35.71%,2304,431240,Nov-20,165,728203,14987,86370,86,5173,1012,20,48.59
11,2020,Grand Theft Auto V,76718.34,9525.31,14.18%,157355,271590,Nov-20,8,51712871,1359793,201218,4209,116010,71923,1891,38.03
11,2020,Hades,18029.89,-1557.22,-7.95%,30509,1145360,Nov-20,54,3456391,137448,23916,419,19081,4807,191,25.15
11,2020,Halo: The Master Chief Collection,9695.85,3432.69,54.81%,29520,976730,Nov-20,159,767952,107271,20384,509,14158,1068,149,7.16
11,2020,Hollow Knight,3941.05,840.81,27.12%,8364,367520,Nov-20,156,800853,139622,14176,392,17671,1113,194,5.74
11,2020,Hunt: Showdown,6242.3,1028.58,19.73%,16523,594650,Nov-20,101,1523797,97493,23308,313,7871,2119,135,15.63
11,2020,Knight Online,1628.19,-11.25,-0.69%,2720,389430,Nov-20,147,893744,14653,8136,61,786,1243,20,60.99
11,2020,MapleStory,1791.85,107.2,6.36%,3311,216150,Nov-20,71,2499864,70638,23520,194,4250,3476,98,35.39
11,2020,Microsoft Flight Simulator,4856.68,-766.34,-13.63%,9323,1250410,Nov-20,192,588700,41425,18605,143,3535,818,57,14.21
11,2020,Monster Hunter: World,24913.25,-22155.95,-47.07%,57301,582010,Nov-20,111,1230488,128856,12277,292,12875,1711,179,9.55
11,2020,Mortal Kombat 11,2675.26,1014.17,61.05%,7025,976310,Nov-20,109,1293205,72425,24474,375,9044,1798,100,17.86
11,2020,NBA 2K21,6033.57,-725.41,-10.73%,14029,1225330,Nov-20,30,10749389,516639,79724,1609,46969,14950,718,20.81
11,2020,Noita,2405.41,361.77,17.70%,3705,881100,Nov-20,152,858867,20665,19222,59,2681,1194,28,41.56
11,2020,Paladins,9265.41,1253.28,15.64%,16035,444090,Nov-20,161,763800,90933,2493,234,11469,1062,126,8.4
11,2020,Path of Exile,17842.89,-20594.38,-53.58%,37936,238960,Nov-20,47,4768549,136899,37191,661,6058,6632,190,34.83
11,2020,Phasmophobia,36602.96,-8390.08,-18.65%,99089,739630,Nov-20,25,13703352,1122042,132592,8907,163492,19058,1560,12.21
11,2020,Pummel Party,1130.52,171.41,17.87%,4949,880940,Nov-20,151,861215,16516,93228,123,5180,1197,22,52.14
11,2020,Raft,8591.71,-3576.69,-29.39%,22023,648800,Nov-20,80,2025716,73908,37642,244,11533,2817,102,27.41
11,2020,Red Dead Redemption 2,14466.65,-1622.73,-10.09%,28593,1174180,Nov-20,100,1571602,221669,27629,572,20393,2185,308,7.09
11,2020,Resident Evil 2,1084.55,204.01,23.17%,2428,883710,Nov-20,181,665067,47195,8355,327,7028,924,65,14.09
11,2020,RimWorld,14769.24,918.22,6.63%,20737,294100,Nov-20,149,884181,35940,15872,96,2691,1229,49,24.6
11,2020,Rocket League,67550.39,-4805.22,-6.64%,128577,252950,Nov-20,20,19132066,1160498,147604,3245,248683,26609,1614,16.49
11,2020,RuneScape,7133.66,-1449.38,-16.89%,12340,1343400,Nov-20,180,666714,49850,8816,148,3551,927,69,13.37
11,2020,Rust,55408.03,6857.23,14.12%,101365,252490,Nov-20,40,6303313,211478,50077,752,17076,8766,294,29.81
11,2020,SMITE,13492.88,1162.81,9.43%,22689,386360,Nov-20,53,3995849,204422,24941,579,16327,5557,284,19.55
11,2020,Sea of Thieves,10692.52,4425.98,70.63%,27087,1172620,Nov-20,56,3432018,290694,42929,877,29024,4773,404,11.81
11,2020,Sid Meier's Civilization VI,33946.42,1452.5,4.47%,53338,289070,Nov-20,194,583169,28971,10788,116,3424,811,40,20.13
11,2020,Slay the Spire,6139.61,430.8,7.55%,9696,646570,Nov-20,123,1129617,16845,9803,50,2650,1571,23,67.06
11,2020,Spelunky 2,1625.54,-1294.19,-44.33%,2817,418530,Nov-20,107,1324181,22249,13735,70,2659,1841,30,59.52
11,2020,Squad,5711.32,-1978.89,-25.73%,10307,393380,Nov-20,175,682590,35418,27700,118,3748,949,49,19.27
11,2020,Stardew Valley,13803.92,1743.87,14.46%,22453,413150,Nov-20,150,878089,79119,15858,217,11995,1221,110,11.1
11,2020,Street Fighter V,2119.55,177.86,9.16%,3314,310950,Nov-20,88,1833880,45469,44026,117,4290,2550,63,40.33
11,2020,Subnautica,2761.67,537.57,24.17%,4950,264710,Nov-20,173,694559,56220,9955,176,7272,966,78,12.35
11,2020,Teardown,1955.85,-,-,6734,1167630,Nov-20,84,1966486,14577,53899,79,3463,2735,20,134.9
11,2020,Terraria,30765.52,3940.52,14.69%,45815,105600,Nov-20,195,575874,96416,16798,253,12317,800,134,5.97
11,2020,The Elder Scrolls Online,16956.13,-2146.56,-11.24%,33807,306130,Nov-20,78,2148749,86462,21296,231,5922,2988,120,24.85
11,2020,The Elder Scrolls V: Skyrim,6165.86,229.31,3.86%,10453,72850,Nov-20,154,815667,108492,21018,261,11542,1134,150,7.52
11,2020,The Forest,8396.19,3852.94,84.81%,25440,242760,Nov-20,145,921826,92843,26888,345,14729,1282,129,9.93
11,2020,The Witcher 3: Wild Hunt,17111.12,3194.22,22.95%,37517,292030,Nov-20,144,926853,86758,15692,249,9719,1289,120,10.68
11,2020,They Are Billions,3362.64,653.42,24.12%,6167,644930,Nov-20,112,1224093,9771,15967,31,757,1702,13,125.28
11,2020,Tom Clancy's Rainbow Six Siege,55307.46,-7648.75,-12.15%,94968,359550,Nov-20,29,11429341,850246,82802,2217,103334,15896,1182,13.44
11,2020,VRChat,11845.63,1752.6,17.36%,19368,438100,Nov-20,52,4023302,92517,50325,360,9832,5595,128,43.49
11,2020,War Thunder,28444.6,7482.61,35.70%,55865,236390,Nov-20,94,1723826,89507,28053,345,7856,2397,124,19.26
11,2020,Warframe,39914.02,-1384.76,-3.35%,68553,230410,Nov-20,105,1355076,116308,46086,268,9360,1884,161,11.65
11,2020,World of Warships,7108.52,-616.63,-7.98%,14343,552990,Nov-20,68,2603755,72500,11263,203,4157,3621,100,35.91
11,2020,Yakuza: Like a Dragon,5031.06,-,-,9508,1235140,Nov-20,48,4592032,93368,41207,540,4851,6386,129,49.18
11,2020,Yu-Gi-Oh! Duel Links,8252.98,-632.36,-7.12%,11299,601510,Nov-20,177,674357,22301,5505,71,2248,937,31,30.24
12,2020,7 Days to Die,21441.63,-1880.18,-8.06%,35208,251570,Dec-20,109,1389434,129851,9909,339,10519,1870,174,10.7
12,2020,A Way Out,334.1,-199.52,-37.39%,1090,1222700,Dec-20,192,544924,23367,51334,91,4762,733,31,23.32
12,2020,ARK: Survival Evolved,56324.05,-101.54,-0.18%,86471,346110,Dec-20,86,1984514,270661,14509,695,22907,2670,364,7.33
12,2020,Albion Online,7093.44,-674.27,-8.68%,11038,761890,Dec-20,179,678411,43987,2635,105,2439,913,59,15.42
12,2020,Among Us,66538.53,-47805.85,-41.81%,181843,945360,Dec-20,11,50435363,898171,493501,3332,178817,67880,1208,56.15
12,2020,Apex Legends,64469.75,-10487.5,-13.99%,112076,1172470,Dec-20,15,35472272,2536048,149460,5828,208690,47741,3413,13.99
12,2020,Bloons TD 6,12286.64,8201.58,200.77%,32151,960090,Dec-20,100,1570568,27015,66316,132,5600,2113,36,58.14
12,2020,Brawlhalla,16424.52,-1722.25,-9.49%,27963,291550,Dec-20,142,971429,98801,69884,258,19467,1307,132,9.83
12,2020,Conqueror's Blade,3405.47,-345.73,-9.22%,10365,835570,Dec-20,163,797975,30474,47589,101,1815,1073,41,26.19
12,2020,Conqueror's Blade,4516.59,-662.75,-12.80%,11757,905370,Dec-20,163,797975,30474,47589,101,1815,1073,41,26.19
12,2020,Counter-Strike: Global Offensive,717803.75,49049.17,7.33%,1164396,730,Dec-20,9,60757021,1426365,387473,3961,154721,81772,1919,42.6
12,2020,Cuphead,1158.56,397.11,52.15%,2270,268910,Dec-20,132,1056322,37553,88216,119,8998,1421,50,28.13
12,2020,Cyberpunk 2077,332395.65,-,-,830387,1091500,Dec-20,7,63683090,2587517,1126038,35125,232288,85710,3482,24.61
12,2020,DayZ,22811.98,3449.2,17.81%,40337,221100,Dec-20,34,8114860,236150,59851,605,17342,10921,317,34.36
12,2020,Dead by Daylight,35632.18,-650.96,-1.79%,54526,381210,Dec-20,19,19981739,1048473,79655,2857,83419,26893,1411,19.06
12,2020,Destiny 2,67000.69,-32899.28,-32.93%,139723,1085660,Dec-20,35,8042552,773754,55622,2931,56761,10824,1041,10.39
12,2020,Detroit: Become Human,612.76,-56.32,-8.42%,1777,1222140,Dec-20,168,751628,19625,90525,75,4721,1011,26,38.3
12,2020,Don't Starve Together,19534.92,3698.2,23.35%,40791,322330,Dec-20,97,1617267,63050,13977,158,8416,2176,84,25.65
12,2020,Dota 2,422552.32,-3352.52,-0.79%,697833,570,Dec-20,13,42881664,631156,243589,1506,30337,57714,849,67.94
12,2020,Euro Truck Simulator 2,23951.65,3988.21,19.98%,53896,227300,Dec-20,122,1198546,126271,27353,503,14023,1613,169,9.49
12,2020,F1 2020,6471.88,1781.23,37.97%,14862,1080110,Dec-20,91,1717209,79714,73381,548,13025,2311,107,21.54
12,2020,FINAL FANTASY XIV Online,14751.09,2090.09,16.51%,23767,39210,Dec-20,56,3444967,435487,29413,2459,21285,4636,586,7.91
12,2020,Fallout 76,7044.36,365.28,5.47%,11484,1151340,Dec-20,199,515422,79420,3226,201,6147,693,106,6.49
12,2020,Farming Simulator 19,18016.72,-485.77,-2.63%,36707,787860,Dec-20,116,1307920,91228,35698,304,7371,1760,122,14.34
12,2020,Football Manager 2021,51566.79,12906.94,33.39%,89937,1263850,Dec-20,84,2070512,40356,24131,146,2673,2786,54,51.31
12,2020,For Honor,3216.85,384.36,13.57%,5877,304390,Dec-20,180,670253,49644,8576,191,6249,902,66,13.5
12,2020,Garry's Mod,24362.55,348.1,1.45%,41597,4000,Dec-20,184,606323,25966,10635,103,5359,816,34,23.35
12,2020,Golf It!,1002.09,220.2,28.16%,2588,571740,Dec-20,110,1376590,7291,97994,45,2630,1852,9,188.81
12,2020,Golf With Your Friends,943.66,84.62,9.85%,2838,431240,Dec-20,113,1338418,18122,75556,85,6190,1801,24,73.86
12,2020,Grand Theft Auto V,106914.27,30195.93,39.36%,258539,271590,Dec-20,8,61709131,1807602,262859,6530,172265,83054,2432,34.14
12,2020,Hades,17602.44,-427.45,-2.37%,29764,1145360,Dec-20,76,2364714,128707,74738,384,19608,3182,173,18.37
12,2020,Halo: The Master Chief Collection,9032.1,-663.75,-6.85%,17191,976730,Dec-20,149,900982,114148,27725,394,14703,1212,153,7.89
12,2020,Hollow Knight,5034.23,1093.18,27.74%,9573,367520,Dec-20,135,1018361,106854,25159,291,13017,1370,143,9.53
12,2020,Hunt: Showdown,7204.06,961.76,15.41%,15539,594650,Dec-20,59,3239790,122757,35387,368,9150,4360,165,26.39
12,2020,Knight Online,1673.53,45.34,2.78%,2756,389430,Dec-20,140,990958,18586,9769,73,949,1333,25,53.32
12,2020,Left 4 Dead 2,18330.04,-50.64,-0.28%,33893,550,Dec-20,183,617853,56808,35057,223,13301,831,76,10.88
12,2020,MapleStory,2494.31,702.46,39.20%,3956,216150,Dec-20,67,2785839,101260,20464,427,6435,3749,136,27.51
12,2020,Microsoft Flight Simulator,5346.04,489.36,10.08%,12086,1250410,Dec-20,194,543186,42871,13445,140,3603,731,57,12.67
12,2020,Monster Hunter: World,25810.45,897.2,3.60%,55776,582010,Dec-20,129,1070676,127412,10939,304,13576,1441,171,8.4
12,2020,Mortal Kombat 11,2490.35,-184.92,-6.91%,5129,976310,Dec-20,119,1246965,65024,18466,204,8410,1678,87,19.18
12,2020,NBA 2K21,8511.98,2478.42,41.08%,17152,1225330,Dec-20,42,5744707,531210,151940,1555,46862,7731,714,10.81
12,2020,Outlast,350.53,-75.47,-17.72%,1052,238320,Dec-20,197,519209,27662,97966,107,8728,698,37,18.77
12,2020,Outward,1767.09,1266.98,253.34%,4664,794260,Dec-20,164,786290,12620,16433,56,1443,1058,16,62.31
12,2020,Oxygen Not Included,10220,4313.28,73.02%,19511,457140,Dec-20,181,636007,22579,13469,80,2367,855,30,28.17
12,2020,Paladins,8752.76,-512.64,-5.53%,14585,444090,Dec-20,166,773159,89813,6197,225,11337,1040,120,8.61
12,2020,Path of Exile,12697.63,-5145.26,-28.84%,36730,238960,Dec-20,50,3886274,117463,30439,949,5413,5230,158,33.09
12,2020,Phasmophobia,21998.04,-14604.92,-39.90%,45537,739630,Dec-20,36,6922034,639238,88767,2373,110260,9316,860,10.83
12,2020,Pummel Party,1834.85,704.33,62.30%,7565,880940,Dec-20,127,1098967,26644,42748,193,8066,1479,35,41.25
12,2020,Raft,11313.76,2722.05,31.68%,30391,648800,Dec-20,53,3790376,104430,65152,450,17047,5101,140,36.3
12,2020,Red Dead Redemption 2,17280,2813.34,19.45%,31958,1174180,Dec-20,93,1676641,277439,27213,739,27546,2256,373,6.04
12,2020,RimWorld,14277.14,-492.11,-3.33%,22168,294100,Dec-20,153,876688,35331,6435,99,2771,1179,47,24.81
12,2020,Rocket League,65765.07,-1785.32,-2.64%,135714,252950,Dec-20,17,22353684,1246148,139113,3372,265728,30085,1677,17.94
12,2020,RuneScape,5611.48,-1522.18,-21.34%,8161,1343400,Dec-20,169,748311,48068,8018,120,3281,1007,64,15.57
12,2020,Rust,61171.65,5763.61,10.40%,97445,252490,Dec-20,20,19209195,251897,330443,877,21980,25853,339,76.26
12,2020,SMITE,12195.26,-1297.62,-9.62%,20848,386360,Dec-20,55,3510922,200209,12971,555,16680,4725,269,17.54
12,2020,Sea of Thieves,13250.22,2557.7,23.92%,45381,1172620,Dec-20,45,4201273,318665,57023,1151,33662,5654,428,13.18
12,2020,Sid Meier's Civilization VI,32816.95,-1129.47,-3.33%,55126,289070,Dec-20,189,549659,27764,10852,101,3352,739,37,19.8
12,2020,Slay the Spire,7279.22,1139.61,18.56%,10297,646570,Dec-20,112,1342640,21279,9087,59,3196,1807,28,63.1
12,2020,Spelunky 2,1610.01,-15.53,-0.96%,3303,418530,Dec-20,73,2527333,21363,24251,74,2650,3401,28,118.3
12,2020,Stardew Valley,29620.71,15816.79,114.58%,89311,413150,Dec-20,74,2525032,154976,30624,715,23020,3398,208,16.29
12,2020,Street Fighter V,2117.99,-1.56,-0.07%,3235,310950,Dec-20,104,1487591,46113,21371,119,4282,2002,62,32.26
12,2020,Terraria,28858.27,-1907.25,-6.20%,43285,105600,Dec-20,172,731117,98903,5486,265,13033,984,133,7.39
12,2020,The Elder Scrolls Online,17804.64,848.52,5.00%,29617,306130,Dec-20,79,2258462,94068,29125,251,6811,3039,126,24.01
12,2020,The Elder Scrolls V: Skyrim,5799.18,-366.68,-5.95%,9478,72850,Dec-20,144,934734,138481,8384,356,15122,1258,186,6.75
12,2020,The Forest,10561.9,2165.71,25.79%,29909,242760,Dec-20,137,1006939,121462,34903,649,19827,1355,163,8.29
12,2020,The Witcher 3: Wild Hunt,21141.69,4030.56,23.56%,41042,292030,Dec-20,151,886772,78731,15231,235,9657,1193,105,11.26
12,2020,They Are Billions,2874.49,-488.16,-14.52%,4899,644930,Dec-20,157,849148,8944,11545,28,630,1142,12,94.94
12,2020,Tom Clancy's Rainbow Six Siege,70721.5,15414.04,27.87%,123374,359550,Dec-20,29,11040735,1049311,63981,2589,124865,14859,1412,10.52
12,2020,VRChat,12744.08,898.45,7.58%,20742,438100,Dec-20,54,3699886,101031,51764,393,10451,4979,135,36.62
12,2020,War Thunder,27036.2,-1408.4,-4.95%,49784,236390,Dec-20,101,1550956,93093,24085,335,7859,2087,125,16.66
12,2020,Warframe,35990.05,-3923.97,-9.83%,70305,230410,Dec-20,131,1061985,117687,31573,327,9720,1429,158,9.02
12,2020,World of Warships,7361.13,252.62,3.55%,14254,552990,Dec-20,57,3411814,77748,62728,198,4202,4591,104,43.88
12,2020,Yakuza: Like a Dragon,2245,-2786.06,-55.38%,4740,1235140,Dec-20,82,2143165,58497,29447,206,3992,2884,78,36.64
12,2020,Yu-Gi-Oh! Duel Links,7631.56,-621.42,-7.53%,10377,601510,Dec-20,160,837947,21668,6328,63,2236,1127,29,38.67
1,2021,7 Days to Die,25366.69,3925.06,18.31%,39581,251570,Jan-21,105,1554041,165771,26704,404,12949,2091,223,9.37
1,2021,ARK: Survival Evolved,63160.05,6836,12.14%,92006,346110,Jan-21,77,2435003,362311,12065,948,31588,3277,487,6.72
1,2021,Albion Online,7280.04,186.6,2.63%,12394,761890,Jan-21,181,676357,45861,4929,110,2791,910,61,14.75
1,2021,Among Us,42007.22,-24531.31,-36.87%,118868,945360,Jan-21,15,31244138,661043,269117,2436,139022,42051,889,47.26
1,2021,Apex Legends,71766.74,7296.99,11.32%,129928,1172470,Jan-21,14,36579530,2836621,154317,7377,232847,49232,3817,12.9
1,2021,Beat Saber,2125.97,422.27,24.79%,3991,620980,Jan-21,179,706799,54513,151270,166,10656,951,73,12.97
1,2021,Bloons TD 6,19866.81,7580.17,61.69%,43590,960090,Jan-21,37,6791171,76607,70898,235,13867,9140,103,88.65
1,2021,Brawlhalla,16032.66,-391.86,-2.39%,28076,291550,Jan-21,150,908423,104203,27011,276,21347,1222,140,8.72
1,2021,Counter-Strike: Global Offensive,743209.66,25405.91,3.54%,1124553,730,Jan-21,9,60899705,1669538,592921,4598,178120,81964,2247,36.48
1,2021,Cuphead,1243.06,84.5,7.29%,2194,268910,Jan-21,186,644974,42554,132109,119,9828,868,57,15.16
1,2021,Cyberpunk 2077,82146.66,-250248.99,-75.29%,225670,1091500,Jan-21,58,3525001,445251,32236,1632,43231,4744,599,7.92
1,2021,DayZ,26336.03,3524.05,15.45%,45236,221100,Jan-21,47,4805164,282908,65761,682,20551,6467,380,16.98
1,2021,Dead by Daylight,36342.49,710.31,1.99%,53583,381210,Jan-21,20,20368547,1164712,70745,2752,94512,27413,1567,17.49
1,2021,Destiny 2,44864.92,-22135.76,-33.04%,79290,1085660,Jan-21,40,6369404,614106,22283,1826,46462,8572,826,10.37
1,2021,Don't Starve Together,20806.9,1271.98,6.51%,42565,322330,Jan-21,80,2385739,70084,88541,177,8984,3210,94,34.04
1,2021,Dota 2,432671.65,10119.33,2.39%,694613,570,Jan-21,13,39545934,721543,153186,1810,33400,53224,971,54.81
1,2021,Dyson Sphere Program,25524.93,-,-,59339,1366540,Jan-21,153,892900,23271,32120,190,2463,1201,31,38.37
1,2021,Eco,1821.28,755.56,70.90%,4935,382310,Jan-21,108,1456513,15318,10414,69,1092,1960,20,95.09
1,2021,Euro Truck Simulator 2,24090.05,138.39,0.58%,51312,227300,Jan-21,129,1180039,139367,16386,526,14904,1588,187,8.47
1,2021,F1 2020,4943.12,-1528.76,-23.62%,12096,1080110,Jan-21,127,1222014,91876,62152,677,14024,1644,123,13.3
1,2021,FINAL FANTASY XIV Online,16917.22,2166.13,14.68%,24876,39210,Jan-21,68,2870817,368697,16337,1711,21760,3863,496,7.79
1,2021,Farming Simulator 19,18998.34,981.63,5.45%,37332,787860,Jan-21,107,1466833,105204,18862,372,8484,1974,141,13.94
1,2021,Football Manager 2021,55982.74,4415.95,8.56%,93775,1263850,Jan-21,104,1571728,40765,23864,141,2844,2115,54,38.56
1,2021,Garry's Mod,28054.43,3691.88,15.15%,46668,4000,Jan-21,200,562151,31882,39103,134,6751,756,42,17.63
1,2021,Golf With Your Friends,1237.61,293.95,31.15%,3448,431240,Jan-21,163,789887,26727,26974,130,8871,1063,35,29.55
1,2021,Grand Theft Auto V,101250.59,-5663.68,-5.30%,184941,271590,Jan-21,8,74060698,2032778,327587,5660,185072,99677,2735,36.43
1,2021,Green Hell,3032.6,1260.43,71.12%,13035,815370,Jan-21,174,725328,27552,24390,184,4167,976,37,26.33
1,2021,Hades,18775.48,1173.04,6.66%,35048,1145360,Jan-21,84,2359831,147655,125095,447,21202,3176,198,15.98
1,2021,Halo: The Master Chief Collection,8410.73,-621.37,-6.88%,17114,976730,Jan-21,147,951013,131563,48982,428,16571,1279,177,7.23
1,2021,Hollow Knight,6291.04,1256.82,24.97%,9879,367520,Jan-21,126,1235736,117767,7507,294,13886,1663,158,10.49
1,2021,Hunt: Showdown,7484.3,280.24,3.89%,15265,594650,Jan-21,106,1489352,135410,5736,389,10147,2004,182,11
1,2021,Knight Online,1784.95,111.42,6.66%,2952,389430,Jan-21,137,1075366,19016,5481,82,1029,1447,25,56.55
1,2021,Left 4 Dead 2,19585.17,1255.14,6.85%,34475,550,Jan-21,182,662445,64943,108971,227,14564,891,87,10.2
1,2021,MapleStory,2519.12,24.8,0.99%,3849,216150,Jan-21,64,3028698,107564,18630,309,6319,4076,144,28.16
1,2021,Microsoft Flight Simulator,5348.92,2.87,0.05%,8893,1250410,Jan-21,185,648000,49575,8605,157,4269,872,66,13.07
1,2021,Monster Hunter: World,30795.24,4984.79,19.31%,56758,582010,Jan-21,103,1589793,162954,15800,334,16711,2139,219,9.76
1,2021,Mortal Kombat 11,2276.38,-213.97,-8.59%,4593,976310,Jan-21,138,1070881,64856,25101,173,8600,1441,87,16.51
1,2021,Mount & Blade II: Bannerlord,13377.37,3543.27,36.03%,20790,261550,Jan-21,193,582576,18957,24455,54,1909,784,25,30.73
1,2021,My Summer Car,870.02,192.89,28.49%,1652,516750,Jan-21,146,989802,8507,10874,32,893,1332,11,116.35
1,2021,NBA 2K21,10441.62,1929.64,22.67%,17652,1225330,Jan-21,43,5951306,620744,38259,1840,55995,8009,835,9.59
1,2021,Paladins,10025.56,1272.79,14.54%,17456,444090,Jan-21,151,906252,109374,6450,274,14054,1219,147,8.29
1,2021,Path of Exile,47685.61,34987.98,275.55%,157091,238960,Jan-21,19,21259181,360277,295628,4123,16957,28612,484,59.01
1,2021,Phasmophobia,20104.56,-1893.48,-8.61%,42360,739630,Jan-21,45,5523702,588735,66599,1901,103416,7434,792,9.38
1,2021,Pummel Party,2159.46,324.61,17.69%,7168,880940,Jan-21,90,1921301,33507,185358,211,9616,2585,45,57.34
1,2021,Raft,12998.21,1684.45,14.89%,30747,648800,Jan-21,69,2792826,138873,55492,442,21549,3758,186,20.11
1,2021,Red Dead Redemption 2,19504.35,2224.35,12.87%,32225,1174180,Jan-21,96,1798371,296283,33914,699,27793,2420,398,6.07
1,2021,Resident Evil 2,1557.17,457.18,41.56%,3600,883710,Jan-21,184,650717,62450,6327,217,9432,875,84,10.42
1,2021,RimWorld,18661.34,4384.21,30.71%,26982,294100,Jan-21,120,1262018,45851,18532,117,3546,1698,61,27.52
1,2021,Rocket League,59449.16,-6315.92,-9.60%,112482,252950,Jan-21,18,23152587,1395752,147234,3824,293877,31160,1878,16.59
1,2021,RuneScape,5998.22,386.74,6.89%,8839,1343400,Jan-21,161,792101,52051,6024,128,3488,1066,70,15.22
1,2021,Rust,142117.25,80945.6,132.33%,244394,252490,Jan-21,2,190468488,1147089,1373791,3249,91592,256350,1543,166.05
1,2021,SMITE,14784.05,2588.78,21.23%,31169,386360,Jan-21,32,7767850,259115,97040,873,20972,10454,348,29.98
1,2021,Satisfactory,10306.14,958.73,10.26%,19316,526870,Jan-21,188,614380,58877,5676,178,5464,826,79,10.43
1,2021,Sea of Thieves,21555.18,8304.96,62.68%,52916,1172620,Jan-21,46,5265966,475480,62563,1582,49740,7087,639,11.08
1,2021,Sid Meier's Civilization VI,36731.49,3914.54,11.93%,65951,289070,Jan-21,177,709830,34751,13914,122,4034,955,46,20.43
1,2021,Skul: The Hero Slayer,4038.7,3832.27,1856.42%,18876,1147560,Jan-21,95,1831057,32768,39947,207,5316,2464,44,55.88
1,2021,Slay the Spire,8104.45,825.23,11.34%,11077,646570,Jan-21,91,1870558,25323,11970,63,3741,2517,34,73.87
1,2021,Spelunky 2,1600.01,-9.99,-0.62%,2836,418530,Jan-21,71,2625405,22369,37679,61,2679,3533,30,117.37
1,2021,Stardew Valley,57166.55,27545.84,93.00%,94479,413150,Jan-21,35,7548952,316734,42766,767,37286,10160,426,23.83
1,2021,Street Fighter V,2275.2,157.21,7.42%,3459,310950,Jan-21,111,1388220,49038,31577,128,4588,1868,66,28.31
1,2021,Subnautica,4079.69,1063.35,35.25%,6876,264710,Jan-21,158,809434,87455,11097,240,11658,1089,117,9.26
1,2021,Terraria,34045.3,5187.03,17.97%,47087,105600,Jan-21,99,1665269,120082,46914,326,15868,2241,161,13.87
1,2021,The Elder Scrolls Online,19150.22,1345.58,7.56%,33069,306130,Jan-21,66,2898143,114003,107828,343,8218,3900,153,25.42
1,2021,The Elder Scrolls V: Skyrim,6282.77,483.59,8.34%,10446,72850,Jan-21,113,1350545,167379,109306,391,17560,1817,225,8.07
1,2021,The Forest,13559.27,2997.37,28.38%,32817,242760,Jan-21,97,1668115,229930,32135,682,32810,2245,309,7.25
1,2021,The Witcher 3: Wild Hunt,20702.44,-439.25,-2.08%,42783,292030,Jan-21,157,842700,85842,9851,221,9031,1134,115,9.82
1,2021,They Are Billions,3027.55,153.06,5.32%,5070,644930,Jan-21,143,1031923,11001,11826,33,762,1388,14,93.8
1,2021,Tom Clancy's Rainbow Six Siege,77717.42,6995.92,9.89%,123637,359550,Jan-21,23,17494442,1270903,106881,3415,148541,23545,1710,13.77
1,2021,VRChat,14910.12,2166.03,17.00%,26251,438100,Jan-21,59,3403258,109989,35446,531,12124,4580,148,30.94
1,2021,War Thunder,27477.69,441.49,1.63%,39887,236390,Jan-21,162,791050,91247,17876,233,8555,1064,122,8.67
1,2021,Warframe,36124.14,134.09,0.37%,60019,230410,Jan-21,139,1062294,126643,66610,311,10055,1429,170,8.39
1,2021,World of Warships,8055,693.87,9.43%,14059,552990,Jan-21,61,3101612,84013,13211,216,4737,4174,113,36.92
1,2021,Yu-Gi-Oh! Duel Links,9546.31,1914.75,25.09%,13780,601510,Jan-21,155,879106,25782,8161,70,2797,1183,34,34.1
2,2021,7 Days to Die,20527.75,-4838.93,-19.08%,31843,251570,Feb-21,169,786041,117774,4592,362,9989,1171,175,6.67
2,2021,ARK: Survival Evolved,61785.58,-1374.48,-2.18%,98637,346110,Feb-21,32,9847443,353330,386433,1074,31582,14675,526,27.87
2,2021,Albion Online,8025.07,745.03,10.23%,12360,761890,Feb-21,190,644603,42837,2853,118,2706,960,63,15.05
2,2021,Among Us,24485.51,-17521.71,-41.71%,75133,945360,Feb-21,21,19534202,385226,324430,1883,83756,29112,574,50.71
2,2021,Apex Legends,120982.64,49215.9,68.58%,196799,1172470,Feb-21,9,51757131,4059568,208798,13184,303619,77134,6050,12.75
2,2021,Bloons TD 6,15613.83,-4252.97,-21.41%,30405,960090,Feb-21,60,3288484,55612,60468,173,10659,4900,82,59.13
2,2021,Brawlhalla,16945.96,913.3,5.70%,34169,291550,Feb-21,89,1831704,102370,64576,302,20922,2729,152,17.89
2,2021,Counter-Strike: Global Offensive,741013.24,-2196.42,-0.30%,1123485,730,Feb-21,8,67578481,1507029,607485,4460,161814,100713,2245,44.84
2,2021,Cuphead,1023.95,-219.11,-17.63%,1720,268910,Feb-21,197,614312,32868,18368,114,7997,915,48,18.69
2,2021,Cyberpunk 2077,24704.84,-57441.83,-69.93%,47115,1091500,Feb-21,136,1065782,138333,10938,455,15549,1588,206,7.7
2,2021,DEVOUR,774.05,-,-,1932,1274570,Feb-21,113,1278438,34363,55735,190,12628,1905,51,37.2
2,2021,DayZ,22224.47,-4111.56,-15.61%,38533,221100,Feb-21,61,3259000,220244,21776,636,15926,4856,328,14.8
2,2021,Dead by Daylight,35348.46,-994.04,-2.74%,52322,381210,Feb-21,23,18129050,1060997,62534,2641,87275,27017,1581,17.09
2,2021,Destiny 2,59394.05,14529.12,32.38%,131640,1085660,Feb-21,34,7879773,669141,48725,3560,48714,11743,997,11.78
2,2021,Don't Starve Together,19482.79,-1324.11,-6.36%,40203,322330,Feb-21,99,1652574,58179,11898,173,7575,2462,86,28.4
2,2021,Dota 2,404832.13,-27839.52,-6.43%,651615,570,Feb-21,11,38907873,614150,218653,1725,29522,57984,915,63.35
2,2021,Dyson Sphere Program,31810.51,6285.57,24.63%,59243,1366540,Feb-21,149,979492,44594,11842,171,3376,1459,66,21.96
2,2021,Eco,2954.61,1133.33,62.23%,5100,382310,Feb-21,171,777870,17702,7898,74,1373,1159,26,43.94
2,2021,Euro Truck Simulator 2,23637.94,-452.1,-1.88%,51888,227300,Feb-21,116,1266768,128869,18014,563,14176,1887,192,9.83
2,2021,F1 2020,4261.89,-681.24,-13.78%,9378,1080110,Feb-21,110,1312181,86543,125228,770,13273,1955,128,15.16
2,2021,FINAL FANTASY XIV Online,18882.69,1965.47,11.62%,31117,39210,Feb-21,57,3542519,341041,149058,1578,23172,5279,508,10.39
2,2021,Farming Simulator 19,17830.03,-1168.31,-6.15%,36777,787860,Feb-21,141,1018756,94302,22841,379,7917,1518,140,10.8
2,2021,Football Manager 2021,53572.39,-2410.35,-4.31%,91247,1263850,Feb-21,126,1186072,35315,17779,146,2647,1767,52,33.59
2,2021,For The King,3405.23,2106.17,162.13%,8079,527230,Feb-21,148,984284,37744,15511,198,5982,1466,56,26.08
2,2021,Grand Theft Auto V,90647.64,-10602.95,-10.47%,146438,271590,Feb-21,3,137704722,2006058,506815,6008,175699,205223,2989,68.64
2,2021,Graveyard Keeper,869.89,-411.06,-32.09%,1894,599140,Feb-21,198,613821,6608,21608,33,772,914,9,92.89
2,2021,Green Hell,3843.81,811.21,26.75%,10479,815370,Feb-21,186,664863,30036,8658,175,4062,990,44,22.14
2,2021,Hades,10849.07,-7926.41,-42.22%,16939,1145360,Feb-21,154,928825,82026,13691,293,12981,1384,122,11.32
2,2021,Halo: The Master Chief Collection,7089.05,-1321.68,-15.71%,13696,976730,Feb-21,167,798375,116349,9576,436,14564,1189,173,6.86
2,2021,Hollow Knight,4686.84,-1604.21,-25.50%,6538,367520,Feb-21,161,847552,97617,8155,262,12087,1263,145,8.68
2,2021,Hunt: Showdown,7984.55,500.25,6.68%,15859,594650,Feb-21,104,1558365,127639,15080,424,9625,2322,190,12.21
2,2021,Knight Online,1905.4,120.45,6.75%,3154,389430,Feb-21,128,1137498,19169,9343,90,1022,1695,28,59.34
2,2021,Krunker,1232.54,-,-,2209,1408720,Feb-21,193,630011,42642,6545,127,7008,938,63,14.77
2,2021,Little Nightmares,1420.07,540.76,61.50%,4331,424840,Feb-21,98,1657923,88858,167445,311,22692,2470,132,18.66
2,2021,Little Nightmares II,2615.66,-,-,5368,860510,Feb-21,35,7557622,201706,125493,1893,35743,11263,300,37.47
2,2021,MapleStory,2179.46,-339.66,-13.48%,3486,216150,Feb-21,78,2311577,75930,17923,239,4500,3444,113,30.44
2,2021,Monster Hunter: World,23905.37,-6889.87,-22.37%,42501,582010,Feb-21,105,1446242,125510,10045,284,13394,2155,187,11.52
2,2021,Mortal Kombat 11,1992.87,-283.51,-12.45%,3528,976310,Feb-21,151,957819,57812,22058,173,8128,1427,86,16.57
2,2021,NBA 2K21,13009.57,2567.95,24.59%,22954,1225330,Feb-21,45,5018522,569698,55725,1873,56514,7479,849,8.81
2,2021,Paladins,10083.53,57.97,0.58%,18501,444090,Feb-21,150,966274,103530,10995,283,13735,1440,154,9.33
2,2021,Path of Exile,46919.9,-765.71,-1.61%,90539,238960,Feb-21,26,13332160,284633,57055,739,11971,19869,424,46.84
2,2021,Persona 5 Strikers,5607.3,-,-,8654,1382330,Feb-21,176,742400,59978,29003,692,7242,1106,89,12.38
2,2021,Phasmophobia,13464.19,-6640.37,-33.03%,29465,739630,Feb-21,48,4551582,389312,127078,1489,75014,6783,580,11.69
2,2021,Pummel Party,1620.44,-539.02,-24.96%,5138,880940,Feb-21,158,890896,23063,42923,167,6548,1327,34,38.63
2,2021,Raft,8089.17,-4909.04,-37.77%,18015,648800,Feb-21,179,735188,68022,30894,223,11644,1095,101,10.81
2,2021,Red Dead Redemption 2,16650.69,-2853.66,-14.63%,27539,1174180,Feb-21,107,1397803,250765,12422,632,24205,2083,373,5.57
2,2021,Resident Evil 2,1492.34,-64.83,-4.16%,2704,883710,Feb-21,183,698444,64309,7393,205,9370,1040,95,10.86
2,2021,RimWorld,18423.33,-238.01,-1.28%,26260,294100,Feb-21,72,2682212,40948,31519,139,3188,3997,61,65.5
2,2021,Rocket League,53723.01,-5726.15,-9.63%,103429,252950,Feb-21,20,19693087,1170093,227721,3652,254500,29348,1743,16.83
2,2021,RuneScape,6609.23,611.01,10.19%,11196,1343400,Feb-21,123,1204025,48099,11971,130,3330,1794,71,25.03
2,2021,Rust,117742.27,-24374.98,-17.15%,224276,252490,Feb-21,10,44335563,599060,331005,3092,47558,66073,892,74.01
2,2021,SMITE,15981.31,1197.26,8.10%,27349,386360,Feb-21,39,6148540,263254,32803,809,20975,9163,392,23.36
2,2021,Sea of Thieves,15068.31,-6486.87,-30.09%,27909,1172620,Feb-21,38,6371289,442012,62017,1504,46006,9495,658,14.41
2,2021,Sid Meier's Civilization VI,41715.13,4983.63,13.57%,68161,289070,Feb-21,192,631600,33025,16346,131,3848,941,49,19.12
2,2021,Skul: The Hero Slayer,4875.68,836.97,20.72%,14281,1147560,Feb-21,199,613499,30246,15343,166,4754,914,45,20.28
2,2021,Slay the Spire,7475.97,-628.48,-7.75%,10380,646570,Feb-21,137,1054926,21336,10390,67,3109,1572,31,49.44
2,2021,Spelunky 2,1181.92,-418.1,-26.13%,2059,418530,Feb-21,94,1758754,17035,17324,57,1966,2621,25,103.24
2,2021,Stardew Valley,38304.69,-18861.87,-32.99%,59709,413150,Feb-21,65,2936151,234020,38244,643,30846,4375,348,12.55
2,2021,Street Fighter V,3044.38,769.18,33.81%,8140,310950,Feb-21,74,2621017,58800,80091,275,6016,3906,87,44.58
2,2021,Subnautica,3039.09,-1040.61,-25.51%,4937,264710,Feb-21,196,620721,63448,6780,191,8854,925,94,9.78
2,2021,Terraria,37535.76,3490.46,10.25%,55078,105600,Feb-21,84,2078713,123196,265103,352,16843,3097,183,16.87
2,2021,The Elder Scrolls Online,19912.28,762.06,3.98%,31886,306130,Feb-21,82,2154523,115778,24024,314,8304,3210,172,18.61
2,2021,The Elder Scrolls V: Skyrim,5996.39,-286.38,-4.56%,10565,72850,Feb-21,103,1578407,144049,21571,385,15531,2352,214,10.96
2,2021,The Forest,11746.37,-1812.9,-13.37%,31612,242760,Feb-21,147,989231,140607,42419,512,22350,1474,209,7.04
2,2021,The Witcher 3: Wild Hunt,17799.54,-2902.9,-14.02%,38603,292030,Feb-21,185,666938,70960,9912,226,8201,993,105,9.4
2,2021,Tom Clancy's Rainbow Six Siege,72382.76,-5334.66,-6.86%,113338,359550,Feb-21,16,25312837,1115909,187752,3167,135002,37724,1663,22.68
2,2021,UNO,458.12,-185.49,-28.82%,1573,470220,Feb-21,139,1026057,9710,56379,53,5118,1529,14,105.67
2,2021,Undertale,1110.95,-292.91,-20.86%,1544,391540,Feb-21,134,1084629,26015,145487,87,5237,1616,38,41.69
2,2021,VRChat,14662.89,-247.23,-1.66%,24673,438100,Feb-21,76,2536536,97655,15110,432,10783,3780,145,25.97
2,2021,Valheim,210302.24,-,-,498478,892970,Feb-21,14,35735732,1510021,188897,5307,118705,53257,2250,23.67
2,2021,War Thunder,28602.47,1124.78,4.09%,43065,236390,Feb-21,166,812089,88999,15154,256,8391,1210,132,9.12
2,2021,Warframe,39209.96,3085.81,8.54%,61032,230410,Feb-21,119,1241519,128364,77367,376,10538,1850,191,9.67
2,2021,World of Warships,11574.22,3519.22,43.69%,353413,552990,Feb-21,68,2824319,71447,15909,222,4533,4209,106,39.53
2,2021,Yu-Gi-Oh! Duel Links,8718.71,-827.6,-8.67%,12586,601510,Feb-21,163,830267,24971,7013,75,2686,1237,37,33.25
3,2021,7 Days to Die,16245.43,-4282.32,-20.86%,25858,251570,Mar-21,185,842696,100094,15201,247,8310,1134,134,8.42
3,2021,ARK: Survival Evolved,49320.37,-12465.2,-20.17%,76387,346110,Mar-21,38,7594388,308626,95571,883,26067,10221,415,24.61
3,2021,Albion Online,8451.71,426.65,5.32%,12918,761890,Mar-21,163,1076818,51590,22069,127,3193,1449,69,20.87
3,2021,Among Us,16490.54,-7994.97,-32.65%,130138,945360,Mar-21,21,17254354,304483,697975,3026,70224,23222,409,56.67
3,2021,Apex Legends,126121.06,5138.42,4.25%,228439,1172470,Mar-21,9,61043473,4108227,207842,9184,317439,82158,5529,14.86
3,2021,Bloons TD 6,19728.83,4115,26.35%,53891,960090,Mar-21,67,3293239,80739,55085,392,14771,4432,108,40.79
3,2021,Brawlhalla,18431.4,1485.45,8.77%,30790,291550,Mar-21,70,3187012,117130,56144,314,23868,4289,157,27.21
3,2021,Conan Exiles,8994.87,-58.97,-0.65%,16909,440900,Mar-21,117,1647641,49831,28156,183,3168,2217,67,33.06
3,2021,Conqueror's Blade,4261.17,444.8,11.66%,14819,835570,Mar-21,93,2265771,43993,37282,141,2830,3049,59,51.5
3,2021,Conqueror's Blade,5755.76,747.22,14.92%,14928,905370,Mar-21,93,2265771,43993,37282,141,2830,3049,59,51.5
3,2021,Counter-Strike: Global Offensive,740927.82,-85.42,-0.01%,1198581,730,Mar-21,8,72375036,1626300,454393,4379,170319,97409,2188,44.5
3,2021,DOOM Eternal,3674.15,1404.67,61.89%,14954,782330,Mar-21,124,1548785,77391,31258,644,11917,2084,104,20.01
3,2021,DayZ,20095.31,-2129.16,-9.58%,34161,221100,Mar-21,53,4986200,209877,46770,528,14625,6710,282,23.76
3,2021,Dead by Daylight,34166.04,-1182.41,-3.35%,56338,381210,Mar-21,16,22897007,1222214,115771,3487,93299,30816,1644,18.73
3,2021,Destiny 2,53350.61,-6043.44,-10.18%,87476,1085660,Mar-21,39,7515558,653695,37292,1927,47769,10115,879,11.5
3,2021,Don't Starve Together,13276.22,-6206.57,-31.86%,27733,322330,Mar-21,177,929084,45418,12039,120,6126,1250,61,20.46
3,2021,Dota 2,390412.76,-14419.37,-3.56%,648875,570,Mar-21,10,39978562,659629,230592,1597,31292,53806,887,60.61
3,2021,Euro Truck Simulator 2,20985.94,-2652,-11.22%,46816,227300,Mar-21,142,1269626,137622,12224,530,14626,1708,185,9.23
3,2021,F1 2020,5107.53,845.64,19.84%,18907,1080110,Mar-21,139,1299915,100154,13982,853,15346,1749,134,12.98
3,2021,FINAL FANTASY XIV Online,17149.87,-1732.82,-9.18%,27143,39210,Mar-21,73,3053416,337230,32552,1356,22233,4109,453,9.05
3,2021,Farming Simulator 19,17057.49,-772.55,-4.33%,35327,787860,Mar-21,176,934091,95046,22755,340,7989,1257,127,9.83
3,2021,Football Manager 2021,49133.99,-4438.39,-8.28%,81527,1263850,Mar-21,88,2427671,41250,25122,147,3080,3267,55,58.85
3,2021,Forza Horizon 4,10623.73,-,-,25882,1293830,Mar-21,168,1020514,109747,32832,350,17902,1373,147,9.3
3,2021,Foxhole,2075.24,1517.46,272.05%,5682,505460,Mar-21,196,795755,14808,23387,71,1089,1071,19,53.74
3,2021,Grand Theft Auto V,89792.84,-854.8,-0.94%,183227,271590,Mar-21,2,184577838,2255433,589654,6387,186339,248422,3035,81.84
3,2021,Hades,9738.14,-1110.93,-10.24%,18007,1145360,Mar-21,198,782541,74412,8254,229,11850,1053,100,10.52
3,2021,Halo: The Master Chief Collection,6170.15,-918.9,-12.96%,11548,976730,Mar-21,174,978257,124598,9037,416,15554,1316,167,7.85
3,2021,Hearts of Iron IV,23973.87,-502.8,-2.05%,41869,394360,Mar-21,181,903931,18433,15509,77,1917,1216,24,49.04
3,2021,Hollow Knight,3824.61,-862.23,-18.40%,6070,367520,Mar-21,125,1532720,102956,24404,264,11996,2062,138,14.89
3,2021,Hunt: Showdown,10214.58,2230.03,27.93%,32288,594650,Mar-21,78,2740591,177759,22457,713,12759,3688,239,15.42
3,2021,It Takes Two,4547.01,-,-,12526,1426210,Mar-21,44,6461272,67385,164233,1063,11324,8696,90,95.89
3,2021,Kingdom Come: Deliverance,4016.23,1229.69,44.13%,12353,379430,Mar-21,193,807025,18947,11036,64,1716,1086,25,42.59
3,2021,Knight Online,1929.32,23.92,1.26%,3108,389430,Mar-21,159,1097521,20478,7482,95,1006,1477,27,53.6
3,2021,Krunker,881.47,-351.08,-28.48%,1779,1408720,Mar-21,166,1046079,46575,20570,135,7053,1407,62,22.46
3,2021,Little Nightmares,773.77,-646.29,-45.51%,1581,424840,Mar-21,108,1802350,81702,96201,255,21493,2425,109,22.06
3,2021,Little Nightmares II,906.64,-1709.02,-65.34%,2096,860510,Mar-21,64,3604723,109987,102873,396,22752,4851,148,32.77
3,2021,Loop Hero,24741.08,-,-,51078,1282730,Mar-21,45,6219389,96115,62410,483,12397,8370,129,64.71
3,2021,MapleStory,2227.88,48.42,2.22%,3873,216150,Mar-21,109,1773551,57778,44176,178,3364,2387,77,30.7
3,2021,Monster Hunter: World,20324.15,-3581.21,-14.98%,40090,582010,Mar-21,141,1278248,128585,14073,271,14470,1720,173,9.94
3,2021,Mortal Kombat 11,1922.27,-70.59,-3.54%,4134,976310,Mar-21,149,1168460,61754,15310,167,8586,1572,83,18.92
3,2021,NBA 2K21,12959.19,-50.38,-0.39%,23476,1225330,Mar-21,42,6750916,662084,60656,1978,65326,9086,891,10.2
3,2021,Old School RuneScape,2841.24,-,-,4884,1343370,Mar-21,55,4508503,134233,35661,290,7597,6067,180,33.59
3,2021,Paladins,9616.02,-467.5,-4.64%,19137,444090,Mar-21,160,1095842,111236,10166,296,14767,1474,149,9.85
3,2021,Path of Exile,20261.83,-26658.07,-56.82%,43963,238960,Mar-21,49,5439201,154609,33094,677,7425,7320,208,35.18
3,2021,Persona 5 Strikers,1860.01,-3747.29,-66.83%,5803,1382330,Mar-21,188,825510,67831,14734,319,5713,1111,91,12.17
3,2021,Phasmophobia,12110.13,-1354.06,-10.06%,26308,739630,Mar-21,57,4207413,394927,143516,1412,76392,5662,531,10.65
3,2021,Project Zomboid,2065.29,272.3,15.19%,4630,108600,Mar-21,105,1914851,20123,33336,94,2032,2577,27,95.16
3,2021,Pummel Party,1328.28,-292.16,-18.03%,3897,880940,Mar-21,164,1072195,24134,73933,144,7059,1443,32,44.43
3,2021,Ranch Simulator,761.03,-,-,3194,1119730,Mar-21,167,1025525,13182,49322,138,2415,1380,17,77.8
3,2021,Red Dead Redemption 2,13544.06,-3106.63,-18.66%,26285,1174180,Mar-21,129,1463478,232951,9322,539,22133,1969,313,6.28
3,2021,RimWorld,14895.8,-3527.53,-19.15%,21941,294100,Mar-21,146,1194670,40103,15127,103,2941,1607,53,29.79
3,2021,Rocket League,50493.82,-3229.19,-6.01%,94672,252950,Mar-21,14,25444384,1192179,196842,3294,247798,34245,1604,21.34
3,2021,RuneScape,6315.54,-293.69,-4.44%,9431,1343400,Mar-21,104,1933902,51367,13743,116,3388,2602,69,37.65
3,2021,Rust,86369.82,-31372.45,-26.65%,167088,252490,Mar-21,18,20138055,375331,254303,1804,29571,27103,505,53.65
3,2021,SMITE,15210.07,-771.23,-4.83%,27386,386360,Mar-21,43,6689265,256344,30367,683,20396,9003,345,26.09
3,2021,Satisfactory,9466.93,1644,21.02%,23574,526870,Mar-21,65,3411038,71964,51153,355,6481,4590,96,47.4
3,2021,Sea of Thieves,10706,-4362.31,-28.95%,22070,1172620,Mar-21,50,5311760,398412,48689,1298,39818,7149,536,13.33
3,2021,Slay the Spire,6319.74,-1156.22,-15.47%,8773,646570,Mar-21,197,789689,19529,10229,56,2957,1062,26,40.44
3,2021,Spelunky 2,909.12,-272.8,-23.08%,1467,418530,Mar-21,153,1122100,16069,8340,48,1659,1510,21,69.83
3,2021,Stardew Valley,33180.94,-5123.75,-13.38%,51990,413150,Mar-21,77,2876985,240202,90497,626,31660,3872,323,11.98
3,2021,Street Fighter V,3057.64,13.27,0.44%,4873,310950,Mar-21,92,2300039,66026,10201,162,6256,3095,88,34.84
3,2021,Subnautica,2571.31,-467.78,-15.39%,4388,264710,Mar-21,172,994045,130791,19417,1085,20341,1337,176,7.6
3,2021,Terraria,29778.55,-7757.2,-20.67%,45035,105600,Mar-21,189,823099,113601,37757,324,15383,1107,152,7.25
3,2021,The Elder Scrolls Online,20190.13,277.85,1.40%,36373,306130,Mar-21,76,2896516,118576,46484,320,8248,3898,159,24.43
3,2021,The Elder Scrolls V: Skyrim,5467.72,-528.67,-8.82%,9661,72850,Mar-21,144,1219600,148229,31694,361,16214,1641,199,8.23
3,2021,The Forest,6565.12,-5181.24,-44.11%,11806,242760,Mar-21,194,800538,108245,37547,326,17943,1077,145,7.4
3,2021,They Are Billions,2511.25,-158.79,-5.95%,4260,644930,Mar-21,135,1392138,9321,21213,29,642,1873,12,149.36
3,2021,Tom Clancy's Rainbow Six Siege,85157.21,12774.45,17.65%,199830,359550,Mar-21,19,19542906,1212667,149283,3623,147485,26302,1632,16.12
3,2021,UNO,693.22,235.1,51.32%,2147,470220,Mar-21,180,906085,13028,74828,86,6451,1219,17,69.55
3,2021,VRChat,14577.21,-85.68,-0.58%,25572,438100,Mar-21,69,3229145,108499,33323,408,11455,4346,146,29.76
3,2021,Valheim,178435.44,-31866.8,-15.15%,405826,892970,Mar-21,25,14494631,1110959,83090,3747,91766,19508,1495,13.05
3,2021,War Thunder,30023.21,1420.74,4.97%,54451,236390,Mar-21,147,1193428,102472,11840,301,9318,1606,137,11.65
3,2021,Warframe,42951.59,3741.63,9.54%,83221,230410,Mar-21,123,1586172,143870,51367,351,11616,2134,193,11.03
3,2021,World of Warships,7274.21,-4300.01,-37.15%,15662,552990,Mar-21,80,2671901,76545,26690,225,4823,3596,103,34.91
3,2021,XCOM 2,5093.6,-2153.01,-29.71%,8304,268500,Mar-21,137,1344412,18427,16784,57,1611,1809,24,72.96
3,2021,Yakuza: Like a Dragon,1618.37,504.84,45.34%,3658,1235140,Mar-21,130,1458903,29970,36820,80,2139,1963,40,48.68
3,2021,Yu-Gi-Oh! Duel Links,8224.2,-494.51,-5.67%,12586,601510,Mar-21,186,826649,24128,14527,73,2527,1112,32,34.26
4,2021,7 Days to Die,19251.16,3005.73,18.50%,46402,251570,Apr-21,182,867372,110696,7781,322,9378,1206,153,7.84
4,2021,ARK: Survival Evolved,46678.07,-2642.3,-5.36%,73572,346110,Apr-21,49,5068243,278648,41143,729,23231,7049,387,18.19
4,2021,Albion Online,8394.75,-56.96,-0.67%,12383,761890,Apr-21,175,923519,53246,21820,133,3241,1284,74,17.34
4,2021,Among Us,19749.26,3258.72,19.76%,97580,945360,Apr-21,20,19448312,348499,374767,4332,87073,27049,484,55.81
4,2021,Apex Legends,124905.13,-1215.93,-0.96%,217728,1172470,Apr-21,9,51425055,3688671,171721,8110,297846,71523,5130,13.94
4,2021,Bloons TD 6,13766.78,-5962.05,-30.22%,23885,960090,Apr-21,171,988794,47391,53024,187,9595,1375,65,20.86
4,2021,Brawlhalla,19101.36,669.96,3.63%,33311,291550,Apr-21,98,2060394,110718,54268,296,23526,2865,153,18.61
4,2021,Conqueror's Blade,5913.67,1652.5,38.78%,15842,835570,Apr-21,169,1006794,42052,18498,128,2686,1400,58,23.94
4,2021,Conqueror's Blade,6292.66,536.9,9.33%,13762,905370,Apr-21,169,1006794,42052,18498,128,2686,1400,58,23.94
4,2021,Counter-Strike: Global Offensive,723346.52,-17581.31,-2.37%,1148077,730,Apr-21,8,70072819,1464933,421485,4173,158206,97458,2037,47.83
4,2021,Cuphead,801.39,-88.22,-9.92%,1332,268910,Apr-21,196,795329,31721,90364,98,7795,1106,44,25.07
4,2021,Cyberpunk 2077,12994.52,-151.32,-1.15%,25322,1091500,Apr-21,176,916993,87070,31013,260,10261,1275,121,10.53
4,2021,DEVOUR,1037.72,568.71,121.26%,4747,1274570,Apr-21,146,1221180,38331,108766,367,13959,1698,53,31.86
4,2021,DayZ,19622.58,-472.73,-2.35%,34882,221100,Apr-21,51,4590955,202421,46726,554,14354,6385,281,22.68
4,2021,Dead by Daylight,37867.2,3701.15,10.83%,55071,381210,Apr-21,18,21524630,1221415,126113,2953,99018,29936,1698,17.62
4,2021,Destiny 2,45629.18,-7721.43,-14.47%,95209,1085660,Apr-21,43,6615780,551326,33739,1734,41859,9201,766,12
4,2021,Detroit: Become Human,518.93,171.51,49.36%,1463,1222140,Apr-21,162,1063297,28204,65115,105,5261,1478,39,37.7
4,2021,Dota 2,413784.97,23372.21,5.99%,705534,570,Apr-21,10,49785357,666178,372593,1658,32754,69242,926,74.73
4,2021,Euro Truck Simulator 2,25081.27,4095.33,19.51%,59999,227300,Apr-21,89,2368702,161066,56965,839,17581,3294,224,14.71
4,2021,F1 2020,7961.54,2854.01,55.88%,17429,1080110,Apr-21,108,1847152,141336,35727,1178,19617,2569,196,13.07
4,2021,FINAL FANTASY XIV Online,17901.33,751.45,4.38%,30178,39210,Apr-21,74,3038611,337502,31515,1738,22985,4226,469,9
4,2021,Farming Simulator 19,17310.13,252.64,1.48%,34536,787860,Apr-21,200,771697,91602,11019,319,7942,1073,127,8.42
4,2021,Football Manager 2021,46778.2,-2355.79,-4.79%,80787,1263850,Apr-21,135,1298725,37517,16353,143,2801,1806,52,34.62
4,2021,Forza Horizon 4,12156.17,1532.44,14.42%,40228,1293830,Apr-21,144,1243281,105621,32793,313,17417,1729,146,11.77
4,2021,Grand Theft Auto V,92647.8,2854.96,3.18%,178142,271590,Apr-21,2,239438984,2508876,1105818,7043,211141,333016,3489,95.44
4,2021,Hades,6366.55,-3371.59,-34.62%,11114,1145360,Apr-21,197,794472,52755,36447,152,8663,1104,73,15.06
4,2021,Halo: The Master Chief Collection,8495.4,2325.25,37.69%,20644,976730,Apr-21,128,1485825,127741,96356,472,15844,2066,177,11.63
4,2021,Hollow Knight,3526.4,-298.21,-7.80%,5649,367520,Apr-21,148,1175037,85114,19766,238,10681,1634,118,13.81
4,2021,Hunt: Showdown,14804.4,4589.82,44.93%,32579,594650,Apr-21,55,4121765,220198,43946,700,16139,5732,306,18.72
4,2021,It Takes Two,6908.36,2361.35,51.93%,21439,1426210,Apr-21,26,13667970,289118,227571,1072,41757,19009,402,47.27
4,2021,Knight Online,2066.34,137.02,7.10%,3219,389430,Apr-21,161,1064513,17693,7158,80,906,1480,24,60.17
4,2021,Krunker,681.15,-200.32,-22.73%,1103,1408720,Apr-21,124,1554454,42279,10114,129,6368,2161,58,36.77
4,2021,Little Nightmares,434.09,-339.68,-43.90%,2320,424840,Apr-21,157,1092222,42456,120572,165,11886,1519,59,25.73
4,2021,Little Nightmares II,385.94,-520.7,-57.43%,819,860510,Apr-21,139,1284290,43150,103021,159,9605,1786,60,29.76
4,2021,MapleStory,2279.74,51.86,2.33%,3652,216150,Apr-21,116,1694026,50587,53285,198,2899,2356,70,33.49
4,2021,Mortal Kombat 11,3053.82,1131.55,58.87%,7213,976310,Apr-21,121,1598509,74444,122129,244,11741,2223,103,21.47
4,2021,NBA 2K21,11910.05,-1049.14,-8.10%,22291,1225330,Apr-21,44,6326716,623787,48763,1944,61785,8799,867,10.14
4,2021,No Man's Sky,9470.57,3635.88,62.31%,20871,275850,Apr-21,114,1727360,69289,37133,306,7368,2402,96,24.93
4,2021,Old School RuneScape,1791.03,-1050.21,-36.96%,2768,1343370,Apr-21,52,4429010,124172,16226,272,6620,6159,172,35.67
4,2021,Paladins,10127.52,511.5,5.32%,19000,444090,Apr-21,173,959169,110331,8348,333,14644,1334,153,8.69
4,2021,Path of Exile,44080.69,23818.86,117.56%,155138,238960,Apr-21,21,19124620,317139,319087,4075,16702,26598,441,60.3
4,2021,Phasmophobia,10952.19,-1157.94,-9.56%,23424,739630,Apr-21,63,3722731,348415,112098,1213,68338,5177,484,10.68
4,2021,Project Zomboid,3952.27,1886.97,91.37%,7069,108600,Apr-21,104,1923704,35762,14323,96,3065,2675,49,53.79
4,2021,Pummel Party,2305.31,977.03,73.56%,9207,880940,Apr-21,125,1536232,30852,53580,225,8857,2136,42,49.79
4,2021,Red Dead Redemption 2,12409.31,-1134.75,-8.38%,24230,1174180,Apr-21,142,1270179,206854,6814,510,19964,1766,287,6.14
4,2021,Resident Evil 2,1566.51,673.88,75.49%,4153,883710,Apr-21,170,1006434,70902,11349,217,10665,1399,98,14.19
4,2021,RimWorld,14487.47,-408.34,-2.74%,20736,294100,Apr-21,186,856442,36788,8621,97,2682,1191,51,23.28
4,2021,Rocket League,53606.67,3112.85,6.16%,110344,252950,Apr-21,13,26303228,1326664,214487,3937,241744,36583,1845,19.83
4,2021,RuneScape,6425.35,109.81,1.74%,9292,1343400,Apr-21,122,1596587,49347,10180,126,3073,2220,68,32.35
4,2021,Rust,77590.25,-8779.57,-10.17%,147933,252490,Apr-21,29,12773408,295481,121978,1390,23343,17765,410,43.23
4,2021,SMITE,14326.54,-883.53,-5.81%,23387,386360,Apr-21,45,6298557,224634,36563,630,18181,8760,312,28.04
4,2021,Satisfactory,14190.72,4723.78,49.90%,32831,526870,Apr-21,111,1799886,88912,68029,341,7601,2503,123,20.24
4,2021,Sea of Thieves,18630.92,7924.92,74.02%,46670,1172620,Apr-21,34,10301651,449242,141852,1578,45956,14327,624,22.93
4,2021,Slay the Spire,5456.54,-863.2,-13.66%,7304,646570,Apr-21,145,1237764,16238,34377,50,2526,1721,22,76.23
4,2021,Stardew Valley,27172.58,-6008.36,-18.11%,42500,413150,Apr-21,117,1693474,188307,9956,523,26055,2355,261,8.99
4,2021,Street Fighter V,3127.75,70.1,2.29%,6141,310950,Apr-21,91,2331060,61996,43406,192,5938,3242,86,37.6
4,2021,Subnautica,2953.07,381.77,14.85%,5014,264710,Apr-21,141,1270453,212990,13557,782,28062,1766,296,5.96
4,2021,Terraria,27998.64,-1779.92,-5.98%,44708,105600,Apr-21,195,796745,99521,6828,237,13824,1108,138,8.01
4,2021,The Binding of Isaac: Rebirth,46062.43,37549.53,441.09%,70483,250900,Apr-21,166,1030810,41360,24535,151,8046,1433,57,24.92
4,2021,The Elder Scrolls Online,23377.61,3187.48,15.79%,43272,306130,Apr-21,96,2131362,121315,24078,326,9116,2964,168,17.57
4,2021,The Elder Scrolls V: Skyrim,5297.27,-170.45,-3.12%,8979,72850,Apr-21,158,1090193,129131,26371,319,14122,1516,179,8.44
4,2021,The Forest,12266.53,5701.41,86.84%,63683,242760,Apr-21,140,1273549,114555,18421,457,19589,1771,159,11.12
4,2021,The Isle,4870.92,1679.52,52.63%,9039,376210,Apr-21,70,3296422,31034,94380,124,3000,4584,43,106.22
4,2021,The Witcher 3: Wild Hunt,18818.8,3405.54,22.09%,43867,292030,Apr-21,178,904161,80352,17776,241,8593,1257,111,11.25
4,2021,Tom Clancy's Rainbow Six Siege,74616.41,-10540.8,-12.38%,142422,359550,Apr-21,14,24165335,1095416,138589,3308,135325,33609,1523,22.06
4,2021,Totally Accurate Battlegrounds,5673.85,5267.18,1295.22%,15569,823130,Apr-21,120,1606679,39344,79789,187,12797,2234,54,40.84
4,2021,VRChat,14977.49,400.28,2.75%,25744,438100,Apr-21,68,3598670,103832,35099,406,11202,5005,144,34.66
4,2021,Valheim,69367.02,-109068.42,-61.12%,159037,892970,Apr-21,62,3725719,336813,31020,1133,31305,5181,468,11.06
4,2021,Warframe,46416.38,3464.79,8.07%,79251,230410,Apr-21,137,1293535,141460,53964,457,12131,1799,196,9.14
4,2021,World of Warships,6993.11,-281.1,-3.86%,13218,552990,Apr-21,84,2548919,67218,17882,205,4484,3545,93,37.92
4,2021,XCOM 2,3953.44,-1140.16,-22.38%,6746,268500,Apr-21,131,1428596,15779,38141,54,1381,1986,21,90.54
4,2021,Yu-Gi-Oh! Duel Links,8409.22,185.02,2.25%,11727,601510,Apr-21,184,863882,23770,6170,68,2468,1201,33,36.34
5,2021,7 Days to Die,20461.78,1210.62,6.29%,37820,251570,May-21,101,2021678,129747,44237,315,10609,2720,174,15.58
5,2021,Albion Online,8167.24,-227.51,-2.71%,11716,761890,May-21,188,856273,54122,4834,134,3252,1152,72,15.82
5,2021,Among Us,11343.55,-8405.71,-42.56%,28242,945360,May-21,29,10960963,205990,234081,959,51402,14752,277,53.21
5,2021,Apex Legends,164238.01,39332.88,31.49%,330879,1172470,May-21,9,68053310,4565820,363341,15570,339210,91592,6145,14.9
5,2021,Arma 3,17034.21,4000.79,30.70%,37235,107410,May-21,161,1035720,68382,17343,383,5744,1393,92,15.15
5,2021,Assetto Corsa Competizione,2034.44,38.64,1.94%,5342,805550,May-21,156,1059584,44333,17655,327,4083,1426,59,23.9
5,2021,Brawlhalla,17410.66,-1690.7,-8.85%,28175,291550,May-21,80,2951881,107873,53799,302,21967,3972,145,27.36
5,2021,Conan Exiles,10291.86,1348.98,15.08%,25414,440900,May-21,121,1518017,61966,120347,405,4752,2043,83,24.5
5,2021,Conqueror's Blade,5619.56,-294.1,-4.97%,14860,835570,May-21,136,1229572,37778,29131,112,2284,1654,50,32.55
5,2021,Conqueror's Blade,5100.64,-1192.02,-18.94%,12731,905370,May-21,136,1229572,37778,29131,112,2284,1654,50,32.55
5,2021,Counter-Strike: Global Offensive,659888.89,-63457.63,-8.77%,1087197,730,May-21,8,75670449,1380646,551182,3620,140856,101844,1858,54.81
5,2021,DEVOUR,1173.57,135.85,13.09%,4208,1274570,May-21,143,1164214,46228,59402,269,16601,1566,62,25.18
5,2021,DayZ,21313.27,1690.69,8.62%,35936,221100,May-21,37,8555283,211674,63804,535,15030,11514,284,40.42
5,2021,Days Gone,15114.91,-,-,27380,1259420,May-21,61,3952290,215854,45869,980,21378,5319,290,18.31
5,2021,Dead by Daylight,40602.49,2735.3,7.22%,86430,381210,May-21,17,24916466,1311702,256602,3644,100877,33534,1765,19
5,2021,Destiny 2,70137.75,24508.58,53.71%,187504,1085660,May-21,28,11013320,905331,232547,18012,60430,14822,1218,12.16
5,2021,Detroit: Become Human,459.28,-59.65,-11.49%,1368,1222140,May-21,196,831018,32823,56330,112,5188,1118,44,25.32
5,2021,Don't Starve Together,17920.55,5152.28,40.35%,45968,322330,May-21,138,1198410,57317,8642,187,8016,1612,77,20.91
5,2021,Dota 2,415144.96,1360,0.33%,672307,570,May-21,11,48762361,692413,269874,1594,33157,65629,931,70.42
5,2021,Dread Hunger,227.53,177.76,357.15%,606,1418630,May-21,89,2604618,10003,60658,39,1043,3505,13,260.38
5,2021,Euro Truck Simulator 2,22917.26,-2164,-8.63%,48629,227300,May-21,109,1731551,151111,14390,620,16272,2330,203,11.46
5,2021,F1 2020,7668.94,-292.6,-3.68%,22642,1080110,May-21,100,2145228,154386,41063,1150,17800,2887,207,13.9
5,2021,Farming Simulator 19,17065.33,-244.79,-1.41%,34683,787860,May-21,176,919250,88128,23985,301,7389,1237,118,10.43
5,2021,Football Manager 2021,45337.9,-1440.3,-3.08%,74675,1263850,May-21,163,996009,30969,41991,122,2246,1340,41,32.16
5,2021,Forza Horizon 4,7695.53,-4460.65,-36.69%,16945,1293830,May-21,189,848076,89976,27233,276,14569,1141,121,9.43
5,2021,Grand Theft Auto V,84756.76,-7891.05,-8.52%,146011,271590,May-21,2,253419456,2510018,1140656,6978,197818,341075,3378,100.96
5,2021,Halo: The Master Chief Collection,6098.17,-2397.23,-28.22%,12912,976730,May-21,187,861688,108035,4788,380,13242,1159,145,7.98
5,2021,Hollow Knight,3219.73,-306.67,-8.70%,5092,367520,May-21,158,1042943,78627,8855,208,9828,1403,105,13.26
5,2021,Hunt: Showdown,9413.64,-5390.76,-36.41%,18632,594650,May-21,96,2209787,150752,27549,437,11224,2974,202,14.66
5,2021,It Takes Two,4083.79,-2824.57,-40.89%,13059,1426210,May-21,81,2921152,149157,39805,575,24734,3931,200,19.58
5,2021,Knight Online,2169.94,103.6,5.01%,3240,389430,May-21,160,1036207,17436,6539,79,899,1394,23,59.43
5,2021,MapleStory,2542.65,262.91,11.53%,3634,216150,May-21,116,1555038,53032,11486,143,2902,2092,71,29.32
5,2021,Microsoft Flight Simulator,4422.59,-833.66,-15.86%,7560,1250410,May-21,190,845919,38938,32663,124,3209,1138,52,21.72
5,2021,Mortal Kombat 11,2995.16,-58.66,-1.92%,5840,976310,May-21,159,1037894,82291,25247,236,12766,1396,110,12.61
5,2021,Motorsport Manager,1247.87,238.94,23.68%,2462,415200,May-21,63,3721665,5076,41062,23,451,5008,6,733.19
5,2021,NBA 2K21,15551.45,3641.4,30.57%,31311,1225330,May-21,42,6262351,622863,72056,1692,61714,8428,838,10.05
5,2021,NieR Replicant ver.1.22474487139...,3789.68,-11234.13,-74.78%,13824,1113560,May-21,120,1521543,131173,23891,617,10181,2047,176,11.6
5,2021,Old School RuneScape,1347.32,-443.71,-24.77%,2039,1343370,May-21,57,4496558,119991,17234,260,6122,6051,161,37.47
5,2021,Paladins,9131.96,-995.56,-9.83%,15908,444090,May-21,179,908401,103476,2953,273,13557,1222,139,8.78
5,2021,Path of Exile,39555.23,-4525.46,-10.27%,92312,238960,May-21,32,10343013,253729,38087,710,11055,13920,341,40.76
5,2021,Phasmophobia,10053.44,-898.74,-8.21%,21975,739630,May-21,72,3111697,312625,120398,1112,63099,4188,420,9.95
5,2021,PowerWash Simulator,820.45,-,-,1585,1290000,May-21,167,984762,4322,41937,34,921,1325,5,227.85
5,2021,Project Zomboid,4151.58,199.31,5.04%,6782,108600,May-21,129,1358365,30301,11414,82,2376,1828,40,44.83
5,2021,Pummel Party,1575.87,-729.44,-31.64%,5466,880940,May-21,166,987039,24567,38865,161,7428,1328,33,40.18
5,2021,Red Dead Redemption 2,12319.38,-89.93,-0.72%,23909,1174180,May-21,92,2393621,226533,35997,563,22259,3221,304,10.57
5,2021,Resident Evil 4,1077.63,184.75,20.69%,1816,254700,May-21,172,941333,57196,22816,177,8187,1266,76,16.46
5,2021,Resident Evil Village,30494.9,-,-,106631,1196590,May-21,10,50416020,1585610,645130,15093,146083,67854,2134,31.8
5,2021,RimWorld,14855.82,368.36,2.54%,20751,294100,May-21,153,1085780,37834,11494,101,2758,1461,50,28.7
5,2021,Rocket League,45315.47,-8291.2,-15.47%,88665,252950,May-21,20,19810785,1221957,211266,3402,197580,26663,1644,16.21
5,2021,RuneScape,6358.99,-66.37,-1.03%,9891,1343400,May-21,139,1191608,48822,6467,122,3121,1603,65,24.41
5,2021,Rust,76870.61,-719.63,-0.93%,144083,252490,May-21,21,16960026,357485,169083,1259,29675,22826,481,47.44
5,2021,SMITE,14203.09,-123.45,-0.86%,23487,386360,May-21,41,6284626,226595,30989,630,17342,8458,304,27.74
5,2021,Sea of Thieves,13472.58,-5158.34,-27.69%,43761,1172620,May-21,51,4919816,367260,31852,1165,36744,6621,494,13.4
5,2021,Slay the Spire,5460.52,3.98,0.07%,7222,646570,May-21,127,1385757,16977,23695,49,2566,1865,22,81.63
5,2021,SnowRunner,3185.66,-,-,5833,1465360,May-21,183,893033,66243,47446,304,6766,1201,89,13.48
5,2021,Stardew Valley,23174.54,-3998.04,-14.71%,35440,413150,May-21,118,1545964,163658,20185,419,22844,2080,220,9.45
5,2021,Street Fighter V,2816.06,-311.69,-9.97%,4620,310950,May-21,75,3024586,58220,61443,143,5149,4070,78,51.95
5,2021,Subnautica,4261.19,1308.12,44.30%,9091,264710,May-21,107,1817538,139518,41657,408,18827,2446,187,13.03
5,2021,Subnautica: Below Zero,11033.35,9134.58,481.08%,42057,848450,May-21,31,10802952,209081,156942,1398,20369,14539,281,51.67
5,2021,Terraria,33019.91,5021.27,17.93%,55027,105600,May-21,111,1686797,110945,27374,293,14927,2270,149,15.2
5,2021,The Elder Scrolls Online,18979.04,-4398.57,-18.82%,31115,306130,May-21,115,1560438,101685,16216,253,7296,2100,136,15.35
5,2021,The Elder Scrolls V: Skyrim,4881.7,-415.57,-7.85%,8498,72850,May-21,197,828381,85645,6923,210,9446,1114,115,9.67
5,2021,The Forest,7739.41,-4527.12,-36.91%,25808,242760,May-21,184,873547,100922,17302,305,17033,1175,135,8.66
5,2021,Tom Clancy's Rainbow Six Siege,58274.07,-16342.34,-21.90%,108281,359550,May-21,15,26824339,886413,272726,2353,104693,36102,1193,30.26
5,2021,VRChat,14663.24,-314.24,-2.10%,24149,438100,May-21,87,2773437,100726,17096,410,10389,3732,135,27.53
5,2021,Valheim,34890.17,-34476.85,-49.70%,80466,892970,May-21,124,1479545,166549,35251,511,16029,1991,224,8.88
5,2021,Warframe,46683.85,267.46,0.58%,77193,230410,May-21,132,1297450,140753,55140,362,11324,1746,189,9.22
5,2021,World of Tanks,1593.49,-,-,4196,1407200,May-21,48,5263256,161306,31828,509,9273,7083,217,32.63
5,2021,World of Warships,7812.48,819.36,11.72%,14760,552990,May-21,62,3821336,74553,47531,205,4757,5143,100,51.26
5,2021,Yu-Gi-Oh! Duel Links,9350.53,941.31,11.19%,15216,601510,May-21,170,962933,23682,6548,70,2429,1296,31,40.66
6,2021,7 Days to Die,18995.53,-1466.25,-7.17%,33225,251570,Jun-21,148,971682,124726,13911,315,9857,1351,173,7.79
6,2021,Albion Online,8480.16,312.92,3.83%,12568,761890,Jun-21,179,788040,50828,3405,118,3113,1096,70,15.5
6,2021,Among Us,9608.1,-1735.45,-15.30%,21992,945360,Jun-21,37,7218194,174475,98832,683,45982,10039,242,41.37
6,2021,Apex Legends,136439.9,-27798.11,-16.93%,266591,1172470,Jun-21,11,47734908,3411757,237569,8470,257377,66390,4745,13.99
6,2021,Brawlhalla,15979.47,-1431.2,-8.22%,27237,291550,Jun-21,103,1722154,92425,62934,253,19306,2395,128,18.63
6,2021,Conan Exiles,14304.56,4012.71,38.99%,27382,440900,Jun-21,163,876417,95683,28389,329,6483,1218,133,9.16
6,2021,Conqueror's Blade,4983.44,-636.12,-11.32%,14719,835570,Jun-21,157,902262,27207,10730,79,1800,1254,37,33.16
6,2021,Conqueror's Blade,3886.63,-1214.01,-23.80%,10516,905370,Jun-21,157,902262,27207,10730,79,1800,1254,37,33.16
6,2021,Counter-Strike: Global Offensive,549347.08,-110541.81,-16.75%,929940,730,Jun-21,9,55332904,1162096,363798,2995,116511,76958,1616,47.61
6,2021,DayZ,19221.3,-2091.97,-9.82%,34348,221100,Jun-21,62,3576018,168977,31503,472,11779,4973,235,21.16
6,2021,Days Gone,6137.19,-8977.72,-59.40%,15801,1259420,Jun-21,102,1744926,139526,20177,559,12762,2426,194,12.51
6,2021,Dead by Daylight,48768.51,8166.02,20.11%,105052,381210,Jun-21,13,27062728,1491480,142345,5148,118689,37639,2074,18.14
6,2021,Destiny 2,56889.73,-13248.02,-18.89%,108306,1085660,Jun-21,38,6834275,576112,36165,1968,43132,9505,801,11.86
6,2021,Detroit: Become Human,662.82,203.54,44.32%,3036,1222140,Jun-21,150,933950,31354,69232,103,4839,1298,43,29.79
6,2021,Don't Starve Together,18631.89,711.34,3.97%,43457,322330,Jun-21,113,1536491,53431,10156,166,7215,2136,74,28.76
6,2021,Dota 2,421509.96,6365,1.53%,734277,570,Jun-21,8,62316260,653133,375582,1544,31893,86670,908,95.41
6,2021,Dread Hunger,191.38,-36.16,-15.89%,466,1418630,Jun-21,162,878374,6847,49594,33,691,1221,9,128.29
6,2021,Dying Light,15512.54,7448.77,92.37%,35493,239140,Jun-21,164,865330,96610,17955,308,13478,1203,134,8.96
6,2021,Eternal Return,5565.38,-578.76,-9.42%,12520,1049590,Jun-21,83,2211308,63803,13637,185,4718,3075,88,34.66
6,2021,Euro Truck Simulator 2,20423.92,-2493.35,-10.88%,41191,227300,Jun-21,114,1511405,116222,13232,500,13595,2102,161,13
6,2021,F1 2020,7178.54,-490.41,-6.39%,16932,1080110,Jun-21,105,1683376,114073,50240,1027,14227,2341,158,14.76
6,2021,Farming Simulator 19,15219.95,-1845.38,-10.81%,31315,787860,Jun-21,140,1074652,69549,210885,232,6173,1494,96,15.45
6,2021,Football Manager 2021,44544.28,-793.62,-1.75%,72023,1263850,Jun-21,168,838878,26176,23150,114,2060,1166,36,32.05
6,2021,Forza Horizon 4,9072.06,1376.53,17.89%,37610,1293830,Jun-21,151,932089,93013,26479,256,15741,1296,129,10.02
6,2021,Going Medieval,6087.28,-,-,14600,1029780,Jun-21,129,1262155,25812,32446,118,3069,1755,35,48.9
6,2021,Grand Theft Auto V,88915.4,4158.64,4.91%,155599,271590,Jun-21,2,170602312,2134054,609223,5930,165667,237277,2968,79.94
6,2021,Halo: The Master Chief Collection,7233.68,1135.5,18.62%,18718,976730,Jun-21,142,1041629,125144,12754,497,16028,1448,174,8.32
6,2021,Hearts of Iron IV,25084.48,-858.45,-3.31%,38987,394360,Jun-21,187,760015,15667,13689,70,1717,1057,21,48.51
6,2021,Hollow Knight,4470.76,1251.03,38.86%,10582,367520,Jun-21,131,1245065,79561,9750,222,10279,1731,110,15.65
6,2021,Hunt: Showdown,8820.17,-593.47,-6.30%,17715,594650,Jun-21,91,2057980,136452,21021,403,10192,2862,189,15.08
6,2021,It Takes Two,3515.4,-568.38,-13.92%,12717,1426210,Jun-21,108,1625406,89958,62420,285,16048,2260,125,18.07
6,2021,Krunker,646.06,8.09,1.27%,1138,1408720,Jun-21,101,1835131,33858,11594,91,5193,2552,47,54.2
6,2021,Little Nightmares II,438.29,173.13,65.29%,1111,860510,Jun-21,199,695130,27581,43518,105,6128,966,38,25.2
6,2021,MapleStory,2657.39,114.74,4.51%,3965,216150,Jun-21,99,1865697,62138,25713,183,3456,2594,86,30.03
6,2021,Mortal Kombat 11,2173.57,-821.59,-27.43%,4620,976310,Jun-21,166,845389,59145,17200,171,8658,1175,82,14.29
6,2021,Motorsport Manager,1061.73,-186.14,-14.92%,2329,415200,Jun-21,127,1280209,3334,37447,17,360,1780,4,383.99
6,2021,Muck,9166.51,-,-,16708,1625450,Jun-21,197,701456,31741,60091,112,8591,975,44,22.1
6,2021,NBA 2K21,14191.63,-1359.82,-8.74%,26851,1225330,Jun-21,36,7501153,564077,81081,1594,56371,10432,784,13.3
6,2021,Old School RuneScape,1179.36,-167.96,-12.47%,1773,1343370,Jun-21,45,4790184,109840,21413,247,5649,6662,152,43.61
6,2021,Overcooked! 2,1291.47,-171.3,-11.71%,4681,728880,Jun-21,195,715442,79740,31697,823,29331,995,110,8.97
6,2021,PUBG: BATTLEGROUNDS,179338.27,-5362.95,-2.90%,427913,578080,Jun-21,21,14126661,525825,114182,1173,31325,19647,731,26.87
6,2021,Paladins,8321.33,-810.63,-8.88%,13985,444090,Jun-21,171,811570,90750,8791,228,11968,1128,126,8.94
6,2021,Path of Exile,13292.76,-26262.47,-66.39%,28019,238960,Jun-21,61,3630759,94545,30352,531,4946,5049,131,38.4
6,2021,Phantasy Star Online 2 New Genesis,16145.33,12586.98,353.73%,59197,1056640,Jun-21,188,741489,39313,40845,1563,8049,1031,54,18.86
6,2021,Phasmophobia,10602.37,548.92,5.46%,22996,739630,Jun-21,64,3368535,289151,30857,1601,60703,4685,402,11.65
6,2021,PowerWash Simulator,1436.13,615.68,75.04%,2677,1290000,Jun-21,132,1211959,15088,25337,54,3153,1685,20,80.33
6,2021,Project Zomboid,3419.79,-731.79,-17.63%,5681,108600,Jun-21,190,732815,21565,8293,63,1873,1019,29,33.98
6,2021,Pummel Party,1423.46,-152.41,-9.67%,6454,880940,Jun-21,174,811001,16923,50915,102,5513,1127,23,47.92
6,2021,Raft,8314.01,3106.25,59.65%,26323,648800,Jun-21,176,797686,53028,53128,195,9486,1109,73,15.04
6,2021,Red Dead Redemption 2,12047.46,-271.92,-2.21%,20701,1174180,Jun-21,79,2538340,207537,40996,528,20446,3530,288,12.23
6,2021,Resident Evil Village,4401.08,-26093.82,-85.57%,9699,1196590,Jun-21,47,4694663,234473,50271,1072,32479,6529,326,20.02
6,2021,RimWorld,16031.31,1175.48,7.91%,22271,294100,Jun-21,111,1545679,35606,10940,98,2811,2149,49,43.41
6,2021,Rocket League,39573.4,-5742.07,-12.67%,73369,252950,Jun-21,20,15732922,956952,187081,2614,159895,21881,1330,16.44
6,2021,RuneScape,5401.92,-957.06,-15.05%,7801,1343400,Jun-21,180,786808,43773,6257,110,2715,1094,60,17.97
6,2021,Rust,79341.51,2470.9,3.21%,133566,252490,Jun-21,34,7557859,317127,73289,1226,26294,10511,441,23.83
6,2021,SMITE,13399.37,-803.72,-5.66%,22103,386360,Jun-21,42,5909967,198588,28848,565,16082,8219,276,29.76
6,2021,Sea of Thieves,24421.3,10948.73,81.27%,62889,1172620,Jun-21,28,9385102,603159,204660,5106,64653,13052,838,15.56
6,2021,Slay the Spire,5963.25,502.73,9.21%,10381,646570,Jun-21,158,899934,17539,31556,53,2704,1251,24,51.31
6,2021,Sniper Ghost Warrior Contracts 2,2125.44,-,-,6961,1338770,Jun-21,183,778271,16694,82154,134,2273,1082,23,46.62
6,2021,SnowRunner,2280.32,-905.35,-28.42%,4430,1465360,Jun-21,189,741451,56983,50189,205,5451,1031,79,13.01
6,2021,Stardew Valley,22241.37,-933.17,-4.03%,36513,413150,Jun-21,124,1327638,137454,99539,377,19901,1846,191,9.66
6,2021,Street Fighter V,2184.94,-631.11,-22.41%,4148,310950,Jun-21,106,1674735,42567,49837,119,4126,2329,59,39.34
6,2021,Subnautica: Below Zero,4086.34,-6947.01,-62.96%,10522,848450,Jun-21,121,1403450,73478,14327,360,8477,1951,102,19.1
6,2021,Terraria,31688.26,-1331.65,-4.03%,49750,105600,Jun-21,55,4250171,103355,102719,274,13218,5911,143,41.12
6,2021,The Elder Scrolls Online,21282.8,2303.76,12.14%,39789,306130,Jun-21,65,3295774,115167,25683,337,8257,4583,160,28.62
6,2021,The Elder Scrolls V: Skyrim,4288.38,-593.32,-12.15%,7043,72850,Jun-21,137,1173276,75555,61216,179,8459,1631,105,15.53
6,2021,The Last Spell,3271.83,-,-,6723,1105670,Jun-21,88,2121147,15772,46913,69,1523,2950,21,134.49
6,2021,The Witcher 3: Wild Hunt,17441.56,630.38,3.75%,34733,292030,Jun-21,104,1693882,76610,18333,228,7842,2355,106,22.11
6,2021,Tom Clancy's Rainbow Six Siege,54960.64,-3313.42,-5.69%,100214,359550,Jun-21,22,13584592,786440,76794,2291,94803,18893,1093,17.27
6,2021,VRChat,14327.89,-335.35,-2.29%,23598,438100,Jun-21,74,2838800,93244,36452,403,9710,3948,129,30.44
6,2021,Valheim,20198.47,-14691.69,-42.11%,37931,892970,Jun-21,125,1303912,91751,220135,277,9912,1813,127,14.21
6,2021,War Thunder,24871.47,-670.46,-2.62%,39776,236390,Jun-21,196,704459,73613,8812,223,7035,979,102,9.57
6,2021,Warframe,39622.26,-7061.59,-15.13%,69028,230410,Jun-21,133,1201597,122075,22785,283,9394,1671,169,9.84
6,2021,World of Tanks,1361.17,-232.32,-14.58%,2423,1407200,Jun-21,56,4180869,127693,30557,397,7669,5814,177,32.74
6,2021,World of Warships,7438.77,-373.7,-4.78%,14732,552990,Jun-21,78,2567372,61906,24343,194,4011,3570,86,41.47
6,2021,Yu-Gi-Oh! Duel Links,9933.88,583.35,6.24%,13862,601510,Jun-21,135,1197294,25058,12166,80,2641,1665,34,47.78
7,2021,7 Days to Die,19237.55,242.02,1.27%,32761,251570,Jul-21,138,1249874,124013,28696,289,9748,1682,166,10.08
7,2021,Among Us,8558.73,-1049.37,-10.92%,19576,945360,Jul-21,55,4331608,136112,112417,508,35164,5829,183,31.82
7,2021,Apex Legends,131151.07,-5288.83,-3.88%,262129,1172470,Jul-21,10,47318823,3370855,216112,7107,263707,63686,4536,14.04
7,2021,Brawlhalla,15176.69,-802.77,-5.02%,26729,291550,Jul-21,73,2747377,98115,59799,252,20554,3697,132,28
7,2021,Conqueror's Blade,6471.17,1487.73,29.85%,18608,835570,Jul-21,95,1996791,36865,56150,166,2038,2687,49,54.16
7,2021,Conqueror's Blade,3661.95,-224.68,-5.78%,9619,905370,Jul-21,95,1996791,36865,56150,166,2038,2687,49,54.16
7,2021,Counter-Strike: Global Offensive,506067.36,-43279.72,-7.88%,763523,730,Jul-21,7,58658860,1107453,696447,2513,112617,78948,1490,52.97
7,2021,DayZ,19122.29,-99.02,-0.52%,32102,221100,Jul-21,28,11185731,179726,292278,481,13496,15054,241,62.24
7,2021,Dead by Daylight,62487.74,13719.23,28.13%,96393,381210,Jul-21,14,30128892,1721062,82335,4294,137795,40550,2316,17.51
7,2021,Death's Door,2102.21,-,-,3740,894020,Jul-21,123,1350342,28499,54916,287,4463,1817,38,47.38
7,2021,Destiny 2,52279.26,-4610.48,-8.10%,116526,1085660,Jul-21,40,6593873,531155,93427,2180,40601,8874,714,12.41
7,2021,Detroit: Become Human,1178.97,516.15,77.87%,3143,1222140,Jul-21,181,800812,37948,13376,114,5708,1077,51,21.1
7,2021,Dota 2,423156.18,1646.22,0.39%,707406,570,Jul-21,11,42539578,677045,403938,1508,33330,57253,911,62.83
7,2021,Dread Hunger,191.37,-0.01,0.00%,410,1418630,Jul-21,165,919558,6233,68993,30,679,1237,8,147.53
7,2021,Eternal Return,5509.71,-55.67,-1.00%,12393,1049590,Jul-21,118,1471910,60453,19836,179,4525,1981,81,24.35
7,2021,Euro Truck Simulator 2,22110.24,1686.33,8.26%,42335,227300,Jul-21,144,1194187,122958,10772,464,14434,1607,165,9.71
7,2021,F1 2021,9996.49,-,-,24268,1134570,Jul-21,57,4237467,97565,47515,697,13175,5703,131,43.43
7,2021,Farming Simulator 19,17039.74,1819.79,11.96%,32422,787860,Jul-21,196,734652,92123,8851,294,8291,988,123,7.97
7,2021,Football Manager 2021,46609.28,2065,4.64%,74698,1263850,Jul-21,199,696341,27205,4301,99,2010,937,36,25.6
7,2021,For Honor,3656.08,677.62,22.75%,7421,304390,Jul-21,164,924074,60361,10707,262,7743,1243,81,15.31
7,2021,Forza Horizon 4,15263.84,6191.78,68.25%,39317,1293830,Jul-21,186,782995,95859,11728,283,16056,1053,129,8.17
7,2021,Garry's Mod,27564.67,2486.44,9.91%,39573,4000,Jul-21,170,881806,23573,67430,79,4843,1186,31,37.41
7,2021,Grand Theft Auto V,112995.42,24080.02,27.08%,218784,271590,Jul-21,2,142539300,2344127,476100,6212,196492,191842,3154,60.81
7,2021,Grounded,2595.21,1812.54,231.59%,31923,962130,Jul-21,169,886410,39885,19665,285,7159,1193,53,22.22
7,2021,Halo: The Master Chief Collection,10024.35,2790.67,38.58%,17595,976730,Jul-21,132,1302584,153906,13885,481,19830,1753,207,8.46
7,2021,Hollow Knight,6961.71,2490.95,55.72%,11768,367520,Jul-21,136,1277041,94395,15354,247,11902,1718,127,13.53
7,2021,Hunt: Showdown,9984.13,1163.96,13.20%,21287,594650,Jul-21,85,2352686,158700,27170,497,12187,3166,213,14.82
7,2021,It Takes Two,3304.12,-211.29,-6.01%,10384,1426210,Jul-21,157,985086,64974,43634,203,11863,1325,87,15.16
7,2021,Knight Online,1559.96,-241.17,-13.39%,2678,389430,Jul-21,176,837806,12647,8989,51,692,1127,17,66.25
7,2021,Left 4 Dead 2,20029.06,3369.6,20.23%,37870,550,Jul-21,150,1059607,61374,98740,210,13979,1426,82,17.26
7,2021,MapleStory,2368.02,-289.37,-10.89%,3446,216150,Jul-21,98,1874826,66939,13834,206,3728,2523,90,28.01
7,2021,Microsoft Flight Simulator,5012.78,902.08,21.94%,19580,1250410,Jul-21,185,794256,47846,25594,488,6348,1068,64,16.6
7,2021,Monster Hunter Stories 2: Wings of Ruin,16310.01,-,-,34947,1277400,Jul-21,63,3291372,137162,39406,776,8874,4429,184,24
7,2021,Motorsport Manager,1033.47,-28.26,-2.66%,2229,415200,Jul-21,173,859522,2339,23478,17,295,1156,3,367.47
7,2021,Muck,9995.45,828.94,9.04%,14179,1625450,Jul-21,119,1469109,49767,77763,141,13408,1977,66,29.52
7,2021,NBA 2K21,14165.01,-26.62,-0.19%,25627,1225330,Jul-21,50,4656932,560234,52898,1520,57255,6267,754,8.31
7,2021,Old School RuneScape,1224.8,45.44,3.85%,1718,1343370,Jul-21,49,4848691,112803,27580,255,6088,6525,151,42.98
7,2021,Orcs Must Die! 3,7347.33,-,-,13129,1522820,Jul-21,158,981887,13234,44463,156,2092,1321,17,74.19
7,2021,Outlast,453.91,131.32,40.71%,974,238320,Jul-21,192,760868,35785,92514,133,10924,1024,48,21.26
7,2021,Overcooked! 2,1425.84,134.37,10.40%,5128,728880,Jul-21,180,804291,35314,82590,210,13544,1082,47,22.78
7,2021,PICO PARK,1768.85,1738.48,5723.90%,16394,1509960,Jul-21,148,1110261,5387,75081,116,2072,1494,7,206.1
7,2021,PUBG: BATTLEGROUNDS,186249.97,6911.7,3.85%,413274,578080,Jul-21,24,14617672,572549,190860,1125,36808,19673,770,25.53
7,2021,Paladins,8829.61,508.29,6.11%,15277,444090,Jul-21,131,1308430,102636,6637,268,13038,1761,138,12.75
7,2021,Path of Exile,19382.86,6090.1,45.82%,116106,238960,Jul-21,27,12196528,162960,183102,2797,8966,16415,219,74.84
7,2021,Phasmophobia,10811.1,208.74,1.97%,19723,739630,Jul-21,67,2954843,278818,151428,935,59659,3976,375,10.6
7,2021,Project Zomboid,3576.2,156.41,4.57%,5839,108600,Jul-21,149,1085946,21140,8554,59,1993,1461,28,51.37
7,2021,Pummel Party,1779.42,355.96,25.01%,6728,880940,Jul-21,146,1121697,21588,75919,135,6850,1509,29,51.96
7,2021,Raft,9591.78,1277.77,15.37%,24048,648800,Jul-21,183,797044,59761,15225,191,10172,1072,80,13.34
7,2021,Ranch Simulator,996.69,667.63,202.89%,3056,1119730,Jul-21,195,737753,9174,44631,49,1339,992,12,80.42
7,2021,Red Dead Redemption 2,17004.41,4956.95,41.15%,28222,1174180,Jul-21,97,1968299,285507,22715,1029,28440,2649,384,6.89
7,2021,Resident Evil Village,1788.98,-2612.11,-59.35%,3334,1196590,Jul-21,122,1368358,120968,29449,331,17738,1841,162,11.31
7,2021,RimWorld,25239.43,9208.12,57.44%,50850,294100,Jul-21,53,4464933,60281,34657,291,4680,6009,81,74.07
7,2021,Rocket League,36164.4,-3409,-8.61%,66502,252950,Jul-21,32,9481467,923405,56276,2143,155609,12761,1242,10.27
7,2021,Rogue Company,6576.48,-,-,11977,872200,Jul-21,127,1327270,139896,80768,526,20532,1786,188,9.49
7,2021,RuneScape,4901.77,-500.15,-9.26%,6925,1343400,Jul-21,197,727039,40883,7311,112,2689,978,55,17.78
7,2021,Rust,92823.79,13482.28,16.99%,147757,252490,Jul-21,15,29623778,375046,402922,1103,31052,39870,504,78.99
7,2021,SMITE,12841.91,-557.46,-4.16%,23180,386360,Jul-21,46,5131103,198075,40070,611,16122,6905,266,25.9
7,2021,Sea of Thieves,21719.35,-2701.95,-11.06%,50314,1172620,Jul-21,39,7121195,502637,48829,1656,54840,9584,676,14.17
7,2021,Slay the Spire,7129.84,1166.59,19.56%,10831,646570,Jul-21,116,1527404,20818,7630,54,2915,2055,28,73.37
7,2021,Splitgate,3715,3378.55,1004.20%,45597,677620,Jul-21,189,775354,115267,16575,1697,25184,1043,155,6.73
7,2021,Stardew Valley,28479.55,6238.17,28.05%,41572,413150,Jul-21,128,1322042,144335,15647,372,20654,1779,194,9.16
7,2021,Street Fighter V,1871.8,-313.15,-14.33%,3285,310950,Jul-21,105,1619968,37429,62848,96,3499,2180,50,43.28
7,2021,Swords of Legends Online,7550.35,-,-,18701,1418100,Jul-21,167,906359,56691,15157,639,4054,1219,76,15.99
7,2021,Terraria,31090.64,-597.62,-1.89%,42378,105600,Jul-21,91,2119549,101076,58558,233,12716,2852,136,20.97
7,2021,The Elder Scrolls Online,18759.61,-2523.19,-11.86%,31391,306130,Jul-21,82,2441553,98655,24511,259,7232,3286,132,24.75
7,2021,The Elder Scrolls V: Skyrim,4695.26,406.88,9.49%,7592,72850,Jul-21,130,1317226,88522,10112,199,9663,1772,119,14.88
7,2021,The Forest,10301.29,1866.76,22.13%,27317,242760,Jul-21,156,988237,93139,26836,267,16574,1330,125,10.61
7,2021,The Witcher 3: Wild Hunt,19869.14,2427.58,13.92%,38753,292030,Jul-21,177,836800,78722,39324,236,8341,1126,105,10.63
7,2021,Tom Clancy's Rainbow Six Siege,53474.02,-1486.63,-2.70%,89513,359550,Jul-21,23,15066933,726801,75729,1556,91421,20278,978,20.73
7,2021,VRChat,15228.66,900.77,6.29%,23746,438100,Jul-21,65,3009785,101386,31816,361,10362,4050,136,29.69
7,2021,Warframe,51614.78,11992.53,30.27%,181509,230410,Jul-21,47,4924434,181661,554440,829,13645,6627,244,27.11
7,2021,World of Tanks,1241.22,-119.95,-8.81%,2056,1407200,Jul-21,62,3697632,130470,21108,385,7931,4976,175,28.34
7,2021,World of Warships,6936.28,-502.49,-6.76%,12355,552990,Jul-21,77,2611862,60656,24199,157,3917,3515,81,43.06
7,2021,Yu-Gi-Oh! Duel Links,9325.69,-608.19,-6.12%,13867,601510,Jul-21,172,860297,22889,7817,59,2501,1157,30,37.59
8,2021,7 Days to Die,19302.12,64.57,0.34%,29869,251570,Aug-21,95,2494751,130400,26935,312,10174,3357,175,19.13
8,2021,Aliens: Fireteam Elite,10048.31,-,-,15550,1549970,Aug-21,77,3015624,71646,198891,1015,10094,4058,96,42.09
8,2021,Among Us,8616.86,58.13,0.68%,17436,945360,Aug-21,47,5647046,135827,214019,474,35178,7600,182,41.58
8,2021,Apex Legends,169528.17,38377.1,29.26%,330476,1172470,Aug-21,4,92864047,4709072,404843,13378,349077,124985,6337,19.72
8,2021,Bless Unleashed,40266.19,-,-,76273,1254120,Aug-21,132,1348131,86828,46486,463,6737,1814,116,15.53
8,2021,Bloons TD 6,14279.87,1225.43,9.39%,24403,960090,Aug-21,99,2357666,33747,92797,97,6979,3173,45,69.86
8,2021,Brawlhalla,16728.26,1551.56,10.22%,28759,291550,Aug-21,72,3325208,96127,50227,237,19918,4475,129,34.59
8,2021,Car Mechanic Simulator 2021,10035.99,-,-,22530,1190000,Aug-21,190,772477,37536,28784,173,4374,1039,50,20.58
8,2021,Counter-Strike: Global Offensive,512081.96,6014.6,1.19%,802544,730,Aug-21,9,49822431,1099409,378388,2538,114949,67055,1479,45.32
8,2021,DayZ,21483.87,2361.59,12.35%,35452,221100,Aug-21,51,5102121,194801,165655,553,13839,6866,262,26.19
8,2021,Days Gone,3271.78,346.89,11.86%,7576,1259420,Aug-21,186,830574,66200,36614,176,6538,1117,89,12.55
8,2021,Dead by Daylight,51128.06,-11359.69,-18.18%,75217,381210,Aug-21,12,30390294,1635924,171906,3583,130295,40902,2201,18.58
8,2021,Destiny 2,57238.51,4959.26,9.49%,177734,1085660,Aug-21,36,7905861,604130,287418,4114,47529,10640,813,13.09
8,2021,Detroit: Become Human,606.18,-572.79,-48.58%,1159,1222140,Aug-21,111,1896026,34496,38941,100,5360,2551,46,54.96
8,2021,Don't Starve Together,17867.09,-83.87,-0.47%,35976,322330,Aug-21,157,1033776,41284,12738,125,5504,1391,55,25.04
8,2021,Dota 2,424980.17,1823.99,0.43%,699613,570,Aug-21,10,42716591,731191,218368,1701,35607,57492,984,58.42
8,2021,Eternal Return,6328.53,818.82,14.86%,13447,1049590,Aug-21,63,3852658,70744,43827,213,5623,5185,95,54.46
8,2021,Euro Truck Simulator 2,20431.67,-1678.58,-7.59%,37986,227300,Aug-21,121,1558495,118738,59792,427,13441,2097,159,13.13
8,2021,F1 2021,6998.41,-2998.08,-29.99%,17747,1134570,Aug-21,81,2864567,107744,36976,706,13604,3855,145,26.59
8,2021,Farming Simulator 19,18390.82,1351.08,7.93%,37393,787860,Aug-21,191,771211,101111,4480,303,8693,1037,136,7.63
8,2021,Football Manager 2021,48688.4,2079.12,4.46%,76226,1263850,Aug-21,197,744650,29340,7649,102,2016,1002,39,25.38
8,2021,Friday the 13th: The Game,312.44,76.36,32.34%,1473,438740,Aug-21,126,1428457,34992,194748,707,7408,1922,47,40.82
8,2021,Garry's Mod,27399.51,-165.16,-0.60%,41736,4000,Aug-21,184,841428,25620,37143,85,4816,1132,34,32.84
8,2021,Grand Theft Auto V,118900.57,5905.15,5.23%,214591,271590,Aug-21,2,144558823,2270925,500974,5598,179725,194561,3056,63.66
8,2021,Hades,6160.69,-2156,-25.92%,9150,1145360,Aug-21,117,1606051,122032,69311,551,18247,2161,164,13.16
8,2021,Halo: The Master Chief Collection,7843.47,-2180.88,-21.76%,14904,976730,Aug-21,149,1077872,131100,30099,475,16948,1450,176,8.22
8,2021,Hollow Knight,6951,-10.71,-0.15%,12781,367520,Aug-21,158,1026305,92229,60266,237,11550,1381,124,11.13
8,2021,Hunt: Showdown,11914.58,1930.45,19.34%,34248,594650,Aug-21,70,3360771,190105,33652,732,13090,4523,255,17.68
8,2021,It Takes Two,2837.61,-466.5,-14.12%,8829,1426210,Aug-21,155,1053898,50647,29823,146,9331,1418,68,20.81
8,2021,Knight Online,1552.56,-7.4,-0.47%,2574,389430,Aug-21,172,888521,28621,5166,98,1855,1195,38,31.04
8,2021,Madden NFL 22,1376.27,-,-,2881,1519350,Aug-21,76,3050125,149576,32817,1040,15873,4105,201,20.39
8,2021,MapleStory,2216.64,-151.38,-6.39%,3277,216150,Aug-21,101,2272946,58633,14448,161,3026,3059,78,38.77
8,2021,Microsoft Flight Simulator,5619.31,606.53,12.10%,11573,1250410,Aug-21,199,737207,51750,8383,181,5937,992,69,14.25
8,2021,Monster Hunter: World,19024.02,712.7,3.89%,38707,582010,Aug-21,182,848377,94148,6421,228,9527,1141,126,9.01
8,2021,Mortal Kombat 11,1619.62,-447.42,-21.65%,3423,976310,Aug-21,194,757777,45601,19546,147,6295,1019,61,16.62
8,2021,NBA 2K21,11348.28,-2816.73,-19.89%,22243,1225330,Aug-21,66,3577765,438379,34110,1308,44062,4815,590,8.16
8,2021,Old School RuneScape,1356.97,132.16,10.79%,1878,1343370,Aug-21,41,6607188,114511,38151,247,6175,8892,154,57.7
8,2021,PICO PARK,2253.15,484.31,27.38%,6619,1509960,Aug-21,73,3282350,32527,136886,198,12366,4417,43,100.91
8,2021,PUBG: BATTLEGROUNDS,184828.4,-1421.57,-0.76%,444355,578080,Aug-21,26,11881892,570068,68265,1125,35792,15991,767,20.84
8,2021,Paladins,8351.15,-478.46,-5.42%,13974,444090,Aug-21,108,1919897,100063,10009,250,12301,2583,134,19.19
8,2021,Path of Exile,29790.83,10407.97,53.70%,64671,238960,Aug-21,25,12077642,207242,71993,533,8446,16255,278,58.28
8,2021,Phasmophobia,14746.8,3935.69,36.40%,61917,739630,Aug-21,48,5626125,372777,130230,2717,75441,7572,501,15.09
8,2021,Project Zomboid,5131.48,1555.28,43.49%,8534,108600,Aug-21,42,6405060,38270,67832,131,3675,8620,51,167.37
8,2021,Red Dead Redemption 2,15925.78,-1078.62,-6.34%,26771,1174180,Aug-21,68,3507479,301287,17146,743,27189,4720,405,11.64
8,2021,Resident Evil Village,1234.71,-554.27,-30.98%,2218,1196590,Aug-21,185,841354,74917,11496,228,11226,1132,100,11.23
8,2021,RimWorld,29457.9,4218.47,16.71%,45856,294100,Aug-21,67,3560934,65991,24705,179,4454,4792,88,53.96
8,2021,Rocket League,36723.7,559.3,1.55%,73581,252950,Aug-21,30,10321054,914357,90265,2668,149188,13891,1230,11.29
8,2021,Rogue Company,3328.82,-3247.66,-49.38%,7906,872200,Aug-21,174,883489,152604,12490,474,21330,1189,205,5.79
8,2021,Rust,83332.2,-9491.59,-10.23%,155634,252490,Aug-21,35,8198469,314468,48474,1264,25073,11034,423,26.07
8,2021,SMITE,13596.04,754.14,5.87%,24248,386360,Aug-21,49,5297826,202713,29015,596,16025,7130,272,26.13
8,2021,Sea of Thieves,11112.29,-10607.06,-48.84%,19422,1172620,Aug-21,58,4382507,299685,33262,818,31220,5898,403,14.62
8,2021,Slay the Spire,7535.38,405.54,5.69%,10843,646570,Aug-21,165,930816,20169,24987,59,2976,1252,27,46.15
8,2021,Splitgate,36262,32547,876.10%,67724,677620,Aug-21,44,6007505,748783,104035,2493,142346,8085,1007,8.02
8,2021,Stardew Valley,30567.1,2087.55,7.33%,49612,413150,Aug-21,137,1242964,146885,7435,365,20710,1672,197,8.46
8,2021,Street Fighter V,2523.5,651.7,34.82%,6692,310950,Aug-21,78,2998899,50704,56550,204,4768,4036,68,59.15
8,2021,The Ascent,3149.26,-,-,13930,979690,Aug-21,192,769332,49378,18351,341,8880,1035,66,15.58
8,2021,The Elder Scrolls Online,19317.74,558.13,2.98%,35630,306130,Aug-21,93,2522235,101213,26130,263,7787,3394,136,24.92
8,2021,The Elder Scrolls V: Skyrim,4946.66,251.4,5.35%,8311,72850,Aug-21,144,1129690,97133,13372,228,10454,1520,130,11.63
8,2021,The Forest,5849.23,-4452.06,-43.22%,9593,242760,Aug-21,173,887484,85566,10069,223,14358,1194,115,10.37
8,2021,Tom Clancy's Rainbow Six Siege,49906.2,-3567.82,-6.67%,93643,359550,Aug-21,24,12148236,675741,131162,1548,82532,16350,909,17.98
8,2021,Tribes of Midgard,9719.8,-,-,30930,858820,Aug-21,83,2815143,95772,55090,405,11355,3788,128,29.39
8,2021,VRChat,16353.51,1124.85,7.39%,26106,438100,Aug-21,80,2881719,101904,33384,289,10707,3878,137,28.28
8,2021,Warframe,50753.51,-861.27,-1.67%,74329,230410,Aug-21,113,1830235,159520,106550,404,11690,2463,214,11.47
8,2021,World of Tanks,1551.84,310.62,25.03%,3125,1407200,Aug-21,53,4978095,150448,51325,517,8946,6699,202,33.09
8,2021,World of Warships,7534.35,598.06,8.62%,13522,552990,Aug-21,79,2898257,70494,31930,198,4451,3900,94,41.11
8,2021,Yu-Gi-Oh! Duel Links,10060.57,734.87,7.88%,14198,601510,Aug-21,187,818667,22190,9408,60,2397,1101,29,36.89
9,2021,7 Days to Die,18453.27,-848.85,-4.40%,31215,251570,Sep-21,144,1071395,114887,9869,287,9019,1490,159,9.33
9,2021,Albion Online,6676.69,-1169.75,-14.91%,10718,761890,Sep-21,194,745192,35062,22243,87,2408,1036,48,21.25
9,2021,Among Us,6927.84,-1689.02,-19.60%,16851,945360,Sep-21,50,4703977,107946,107621,446,28497,6542,150,43.58
9,2021,Apex Legends,139647.96,-29880.22,-17.63%,273617,1172470,Sep-21,6,68691621,3511300,330106,9081,273660,95537,4883,19.56
9,2021,Bloons TD 6,19383.82,5103.96,35.74%,38111,960090,Sep-21,62,3684920,46245,88640,151,9343,5125,64,79.68
9,2021,Brawlhalla,16329.35,-398.91,-2.38%,26521,291550,Sep-21,86,2277195,80944,67826,258,17243,3167,112,28.13
9,2021,Conqueror's Blade,5678.29,-1135.5,-16.66%,16544,835570,Sep-21,130,1269640,26139,14681,85,1529,1765,36,48.57
9,2021,Conqueror's Blade,2396.34,-448.37,-15.76%,6961,905370,Sep-21,130,1269640,26139,14681,85,1529,1765,36,48.57
9,2021,Counter-Strike: Global Offensive,512350.92,268.96,0.05%,942519,730,Sep-21,7,61533744,1007538,725327,2823,105073,85582,1401,61.07
9,2021,DEATHLOOP,7914.91,-,-,20050,1252330,Sep-21,45,5285183,87875,145605,1000,11199,7350,122,60.14
9,2021,DEVOUR,1103.71,623.49,129.83%,5573,1274570,Sep-21,196,723182,29526,56083,345,11026,1005,41,24.49
9,2021,DayZ,20207.77,-1276.11,-5.94%,34974,221100,Sep-21,53,4335216,181083,30464,501,12745,6029,251,23.94
9,2021,Dead by Daylight,51390.73,262.68,0.51%,82776,381210,Sep-21,13,28737986,1617065,118509,3998,126846,39969,2249,17.77
9,2021,Destiny 2,89845.19,32606.68,56.97%,147513,1085660,Sep-21,30,9679016,825205,46150,2616,59911,13461,1147,11.73
9,2021,Detroit: Become Human,1019.48,413.3,68.18%,4632,1222140,Sep-21,150,978554,32680,37152,110,5182,1360,45,29.94
9,2021,Don't Starve Together,15029.51,-2837.58,-15.88%,33365,322330,Sep-21,156,935691,39507,7384,116,5053,1301,54,23.68
9,2021,Dota 2,391082.08,-33898.09,-7.98%,666838,570,Sep-21,12,34807412,682811,161687,1785,33889,48410,949,50.98
9,2021,Eternal Return,5802.66,-525.87,-8.31%,11942,1049590,Sep-21,100,1852894,59702,20617,203,4605,2577,83,31.04
9,2021,Euro Truck Simulator 2,20302.21,-129.46,-0.63%,43880,227300,Sep-21,153,962200,106786,8249,401,12867,1338,148,9.01
9,2021,F1 2021,7447.45,449.04,6.42%,23097,1134570,Sep-21,102,1835745,99161,59441,808,13264,2553,137,18.51
9,2021,Foxhole,2189.81,14.34,0.66%,5586,505460,Sep-21,168,878250,8115,29538,54,674,1221,11,108.23
9,2021,Gang Beasts,705.53,331.77,88.77%,1903,285900,Sep-21,151,963505,17534,101775,87,6728,1340,24,54.95
9,2021,Garry's Mod,21523.45,-5876.05,-21.45%,39242,4000,Sep-21,199,712712,17637,88018,80,3711,991,24,40.41
9,2021,Gas Station Simulator,5549.67,-,-,12205,1149620,Sep-21,64,3606054,44019,72958,282,7089,5015,61,81.92
9,2021,Grand Theft Auto V,81232.2,-37668.37,-31.68%,151408,271590,Sep-21,2,144525900,1891853,591485,5085,139075,201009,2631,76.39
9,2021,Grand Theft Auto: San Andreas,1138.88,-468.38,-29.14%,1938,12120,Sep-21,134,1234833,33983,31966,96,5274,1717,47,36.34
9,2021,Hades,5372.79,-787.9,-12.79%,8308,1145360,Sep-21,126,1323367,85469,30944,288,12949,1840,118,15.48
9,2021,Halo: The Master Chief Collection,6082.48,-1760.99,-22.45%,11439,976730,Sep-21,185,802745,108974,8919,382,13421,1116,151,7.37
9,2021,Hollow Knight,4829.64,-2121.36,-30.52%,8588,367520,Sep-21,136,1219729,80915,17303,219,10106,1696,112,15.07
9,2021,Hunt: Showdown,13959.09,2044.52,17.16%,30658,594650,Sep-21,52,4483242,218205,36555,676,16042,6235,303,20.55
9,2021,Knight Online,1549.8,-2.76,-0.18%,2439,389430,Sep-21,152,962901,25234,7348,84,1568,1339,35,38.16
9,2021,MIR4,30876.43,19801.91,178.81%,41962,1623660,Sep-21,166,883013,61962,13253,233,4023,1228,86,14.25
9,2021,Madden NFL 22,1439.93,63.65,4.63%,4282,1519350,Sep-21,70,3215549,182984,75515,678,18442,4472,254,17.57
9,2021,MapleStory,2253.78,37.14,1.68%,3265,216150,Sep-21,98,1922613,57130,11891,154,2927,2674,79,33.65
9,2021,Monster Hunter: World,15486.47,-3537.55,-18.60%,31712,582010,Sep-21,178,816891,88592,5445,204,8535,1136,123,9.22
9,2021,NBA 2K21,6442.62,-4905.67,-43.23%,15133,1225330,Sep-21,148,998741,123311,37370,856,16710,1389,171,8.1
9,2021,NBA 2K22,11514.1,-,-,20325,1644960,Sep-21,23,13176255,767654,159548,7171,58275,18325,1067,17.16
9,2021,No Man's Sky,17826.82,12720.43,249.11%,38538,275850,Sep-21,76,2870501,110066,40493,400,10355,3992,153,26.08
9,2021,Old School RuneScape,1210.03,-146.94,-10.83%,1830,1343370,Sep-21,44,5306324,110883,96187,273,6192,7380,154,47.86
9,2021,Outer Wilds,696.4,235.17,50.99%,7936,753640,Sep-21,180,811907,12328,32318,243,1807,1129,17,65.86
9,2021,PGA TOUR 2K21,841.19,92.1,12.29%,1474,1016120,Sep-21,192,766623,13255,23671,61,1899,1066,18,57.84
9,2021,PICO PARK,1125.11,-1128.04,-50.06%,3710,1509960,Sep-21,140,1116633,20399,47026,170,8276,1553,28,54.74
9,2021,PUBG: BATTLEGROUNDS,167102.12,-17726.28,-9.59%,400709,578080,Sep-21,31,9638682,499144,66587,1093,30872,13405,694,19.31
9,2021,Paladins,7479.4,-871.76,-10.44%,13621,444090,Sep-21,113,1603600,85173,14610,225,10365,2230,118,18.83
9,2021,Path of Exile,14356.77,-15434.05,-51.81%,28338,238960,Sep-21,51,4702386,103462,29420,467,4652,6540,143,45.45
9,2021,Pathfinder: Wrath of the Righteous,24523.5,-,-,46563,1184370,Sep-21,73,2968802,56394,48925,309,2577,4129,78,52.64
9,2021,Phasmophobia,19121.67,4374.87,29.67%,43362,739630,Sep-21,37,6608987,472967,118322,1912,92019,9191,657,13.97
9,2021,Potion Craft,4020.7,-,-,7010,1210320,Sep-21,200,704446,9982,30075,93,2733,979,13,70.57
9,2021,Project Zomboid,5157.61,26.13,0.51%,8454,108600,Sep-21,40,6031562,49085,51679,138,3961,8388,68,122.88
9,2021,Red Dead Redemption 2,14932.94,-992.85,-6.23%,28444,1174180,Sep-21,56,4145477,270922,41207,673,23856,5765,376,15.3
9,2021,RimWorld,20348.73,-9109.17,-30.92%,31984,294100,Sep-21,132,1245890,42754,12638,128,3218,1732,59,29.14
9,2021,Rocket League,33150.16,-3573.54,-9.73%,64001,252950,Sep-21,29,9691864,759162,108616,2223,125139,13479,1055,12.77
9,2021,RuneScape,4798.22,-601.63,-11.14%,7290,1343400,Sep-21,160,910659,39867,9628,101,2686,1266,55,22.84
9,2021,Rust,69502.99,-13829.21,-16.60%,122359,252490,Sep-21,20,16145621,272467,154424,1060,20625,22455,378,59.26
9,2021,SMITE,13233.73,-362.32,-2.66%,22960,386360,Sep-21,46,5061198,185960,35828,548,14859,7039,258,27.22
9,2021,Sea of Thieves,10290.88,-821.41,-7.39%,25817,1172620,Sep-21,54,4323755,286395,36290,1036,27652,6013,398,15.1
9,2021,Slay the Spire,6678.51,-856.87,-11.37%,9160,646570,Sep-21,175,850634,18420,26250,56,2754,1183,25,46.18
9,2021,Splitgate,12622.87,-23639.13,-65.19%,34868,677620,Sep-21,135,1220606,234243,27673,1168,50306,1697,325,5.21
9,2021,Stardew Valley,24320.88,-6246.22,-20.43%,36516,413150,Sep-21,127,1309929,129694,18372,357,18322,1821,180,10.1
9,2021,Storybook Brawl,1728.6,491.25,39.70%,2770,1367020,Sep-21,190,771537,11840,9073,32,740,1073,16,65.16
9,2021,Street Fighter V,2177.79,-345.71,-13.70%,3735,310950,Sep-21,118,1516963,42010,38843,117,3745,2109,58,36.11
9,2021,Tales of Arise,22382.51,-,-,60274,740130,Sep-21,60,3887606,276115,46190,1418,15551,5406,384,14.08
9,2021,The Elder Scrolls Online,16778.49,-2539.25,-13.14%,29507,306130,Sep-21,114,1592475,81218,23511,225,5726,2214,112,19.61
9,2021,The Elder Scrolls V: Skyrim,4583.21,-363.45,-7.35%,7793,72850,Sep-21,171,870699,85618,18102,210,9121,1210,119,10.17
9,2021,The Forest,4541.66,-1307.57,-22.35%,8708,242760,Sep-21,193,746891,64193,22736,188,11002,1038,89,11.64
9,2021,Timberborn,7732.06,-,-,12354,1062090,Sep-21,184,803891,15023,23006,79,2152,1118,20,53.51
9,2021,Tom Clancy's Rainbow Six Siege,51139.69,1233.49,2.47%,111554,359550,Sep-21,22,14175292,654994,68568,1763,80001,19715,910,21.64
9,2021,VRChat,15274.2,-1079.31,-6.60%,26175,438100,Sep-21,81,2611440,90853,35315,296,9357,3632,126,28.74
9,2021,Valheim,32988.16,15662.25,90.40%,109793,892970,Sep-21,88,2274303,170748,31133,884,16743,3163,237,13.32
9,2021,Vampire: The Masquerade - Bloodhunt,9486.05,-,-,20433,760160,Sep-21,49,4742914,175793,77990,899,33568,6596,244,26.98
9,2021,War Thunder,25179.81,593.23,2.41%,43439,236390,Sep-21,197,723003,75333,8659,225,6892,1005,104,9.6
9,2021,Warframe,46968.35,-3785.16,-7.46%,82680,230410,Sep-21,121,1488429,142190,60540,528,10358,2070,197,10.47
9,2021,World War Z: Aftermath,3023.24,-,-,6587,699130,Sep-21,177,818846,12257,59249,103,1880,1138,17,66.81
9,2021,World of Tanks,1568.59,16.75,1.08%,2944,1407200,Sep-21,55,4295650,145182,53473,470,8722,5974,201,29.59
9,2021,World of Warships,7289.85,-244.49,-3.25%,14757,552990,Sep-21,78,2733290,65587,28441,197,3950,3801,91,41.67
9,2021,XCOM 2,3865.73,-492.77,-11.31%,6276,268500,Sep-21,176,848096,13369,16161,45,1074,1179,18,63.44
9,2021,Yu-Gi-Oh! Duel Links,8630.43,-1430.13,-14.22%,21377,601510,Sep-21,155,942312,24351,16281,109,2399,1310,33,38.7
10,2021,7 Days to Die,15402.84,-3050.43,-16.53%,32013,251570,Oct-21,144,971803,96589,9631,237,7697,1307,129,10.06
10,2021,Among Us,6362.05,-565.79,-8.17%,14264,945360,Oct-21,59,3924174,93048,95616,338,23806,5281,125,42.17
10,2021,Apex Legends,128529.43,-11118.53,-7.96%,248669,1172470,Oct-21,9,59167820,3259366,276142,6699,231430,79633,4386,18.15
10,2021,Back 4 Blood,29702.43,-,-,65873,924970,Oct-21,19,15471617,622033,218357,5158,80553,20823,837,24.87
10,2021,Bloons TD 6,17944.85,-1438.97,-7.42%,35137,960090,Oct-21,87,2156927,36865,101002,104,7364,2902,49,58.51
10,2021,Brawlhalla,17164.82,835.46,5.12%,33866,291550,Oct-21,57,4028758,82301,57919,225,16749,5422,110,48.95
10,2021,Conqueror's Blade,5241.51,-436.78,-7.69%,15411,835570,Oct-21,181,747788,22917,8787,88,1177,1006,30,32.63
10,2021,Conqueror's Blade,2068.89,-327.45,-13.66%,5694,905370,Oct-21,181,747788,22917,8787,88,1177,1006,30,32.63
10,2021,Counter-Strike: Global Offensive,512435.85,84.93,0.02%,864966,730,Oct-21,6,70180423,956368,655467,2555,97136,94455,1287,73.38
10,2021,DEVOUR,1656.99,553.28,50.13%,4381,1274570,Oct-21,101,1741013,55123,90207,350,18784,2343,74,31.58
10,2021,DayZ,21963.53,1755.77,8.69%,39337,221100,Oct-21,66,3200092,173044,12042,442,11688,4306,232,18.49
10,2021,Dead by Daylight,50161.46,-1229.28,-2.39%,100416,381210,Oct-21,14,25103532,1615849,106217,4100,125179,33786,2174,15.54
10,2021,Demon Slayer -Kimetsu no Yaiba- The Hinokami Chronicles,3098.63,-,-,7939,1490890,Oct-21,106,1641397,93397,57275,950,15889,2209,125,17.57
10,2021,Destiny 2,66614.57,-23230.62,-25.86%,127770,1085660,Oct-21,39,7418269,631194,47109,1881,46976,9984,849,11.75
10,2021,Don't Starve Together,14748.95,-280.56,-1.87%,39838,322330,Oct-21,162,822210,34080,8429,108,4616,1106,45,24.13
10,2021,Dota 2,450761.44,59679.37,15.26%,752482,570,Oct-21,4,98815597,701658,1636441,1895,34983,132995,944,140.83
10,2021,Eternal Return,5513.7,-288.95,-4.98%,15145,1049590,Oct-21,121,1333494,50239,11030,166,3544,1794,67,26.54
10,2021,Euro Truck Simulator 2,20166.66,-135.54,-0.67%,48697,227300,Oct-21,141,1001108,109627,10989,441,12057,1347,147,9.13
10,2021,F1 2021,5913.87,-1533.59,-20.59%,13971,1134570,Oct-21,122,1318991,87376,43538,616,11147,1775,117,15.1
10,2021,FIFA 22,26633.57,-,-,51573,1506830,Oct-21,11,56575841,1099509,362051,4767,104675,76145,1479,51.46
10,2021,For Honor,2955.69,-542.43,-15.51%,5401,304390,Oct-21,167,801613,49455,9279,159,5936,1078,66,16.21
10,2021,Foxhole,2774.44,584.63,26.70%,5373,505460,Oct-21,86,2221916,14458,19281,45,862,2990,19,153.68
10,2021,Gas Station Simulator,1798.25,-3751.43,-67.60%,5047,1149620,Oct-21,136,1042229,24395,26988,118,4455,1402,32,42.72
10,2021,Goose Goose Duck,994.41,416.36,72.03%,3159,1568590,Oct-21,193,677157,16508,22737,87,3377,911,22,41.02
10,2021,Grand Theft Auto V,73027.34,-8204.86,-10.10%,136046,271590,Oct-21,3,136934555,1813736,466495,4935,126104,184299,2441,75.5
10,2021,Halo: The Master Chief Collection,7286.09,1203.61,19.79%,20159,976730,Oct-21,190,695530,99941,7375,344,11705,936,134,6.96
10,2021,Hearts of Iron IV,25042.98,-186.79,-0.74%,44911,394360,Oct-21,198,655665,14621,9832,60,1503,882,19,44.84
10,2021,Hollow Knight,4023.94,-805.7,-16.68%,10520,367520,Oct-21,158,832957,67344,11344,171,8559,1121,90,12.37
10,2021,Hunt: Showdown,11364.45,-2594.64,-18.59%,29766,594650,Oct-21,88,2127690,163632,20826,688,11319,2863,220,13
10,2021,Inscryption,10964.13,-,-,17044,1092790,Oct-21,65,3240073,46734,100025,334,6870,4360,62,69.33
10,2021,Knight Online,1536.39,-13.41,-0.87%,2469,389430,Oct-21,172,774203,20680,6032,84,1195,1041,27,37.44
10,2021,Legion TD 2,3176.63,2843.84,854.55%,5696,469600,Oct-21,98,1838070,19246,23295,56,1596,2473,25,95.5
10,2021,MIR4,46058.81,15182.38,49.17%,66095,1623660,Oct-21,130,1173283,71949,6725,300,4452,1579,96,16.31
10,2021,Madden NFL 22,1856.91,416.98,28.96%,4039,1519350,Oct-21,97,1857113,197555,18795,730,19053,2499,265,9.4
10,2021,MapleStory,2013.77,-240.01,-10.65%,3109,216150,Oct-21,108,1605498,55260,10163,149,2549,2160,74,29.05
10,2021,NBA 2K22,9193.04,-2321.06,-20.16%,16649,1644960,Oct-21,40,7088474,587377,40443,1846,40905,9540,790,12.07
10,2021,New World,410170.71,-,-,913027,1063730,Oct-21,5,87344597,2688555,460974,9893,132349,117556,3618,32.49
10,2021,Old School RuneScape,1369.57,159.54,13.19%,2146,1343370,Oct-21,37,7997347,124954,94410,427,6518,10763,168,64
10,2021,Outer Wilds,1794.98,1098.58,157.75%,6441,753640,Oct-21,180,750777,25710,13404,159,3015,1010,34,29.2
10,2021,Outlast,266.33,51.25,23.83%,1297,238320,Oct-21,184,723241,42925,19831,389,12360,973,57,16.85
10,2021,PUBG: BATTLEGROUNDS,158437.88,-8664.24,-5.18%,393496,578080,Oct-21,33,8826257,468261,138684,1005,27517,11879,630,18.85
10,2021,Paladins,7576.11,96.71,1.29%,13687,444090,Oct-21,118,1406043,83511,8848,220,10290,1892,112,16.84
10,2021,Path of Exile,25924.34,11567.57,80.57%,148447,238960,Oct-21,22,13766314,185833,231491,3098,9193,18528,250,74.08
10,2021,Phasmophobia,17361.98,-1759.69,-9.20%,68797,739630,Oct-21,38,7525698,508808,168685,3699,96685,10128,684,14.79
10,2021,Poppy Playtime,499.87,-,-,1930,1721470,Oct-21,142,996362,16320,53561,231,12354,1340,21,61.05
10,2021,Project Zomboid,4705.81,-451.8,-8.76%,8001,108600,Oct-21,173,771401,29632,9162,77,2432,1038,39,26.03
10,2021,Red Dead Redemption 2,12560.39,-2372.54,-15.89%,23229,1174180,Oct-21,84,2442580,228596,30356,568,19504,3287,307,10.69
10,2021,Resident Evil 2,1013.01,288.44,39.81%,2572,883710,Oct-21,163,821080,58004,9026,243,8381,1105,78,14.16
10,2021,Resident Evil Village,1215.31,343.21,39.35%,3549,1196590,Oct-21,154,874496,66653,18189,357,9731,1176,89,13.12
10,2021,RimWorld,16765.36,-3583.37,-17.61%,24198,294100,Oct-21,143,981726,33853,11545,102,2447,1321,45,29
10,2021,Rocket League,32073.88,-1076.28,-3.25%,58467,252950,Oct-21,21,14322020,720940,131916,1747,113324,19275,970,19.87
10,2021,Rust,65556.99,-3946,-5.68%,106571,252490,Oct-21,44,5644041,227141,29377,769,16815,7596,305,24.85
10,2021,SMITE,11843.49,-1390.23,-10.51%,20424,386360,Oct-21,50,4644039,167122,19292,444,12854,6250,224,27.79
10,2021,Sea of Thieves,8330,-1960.88,-19.05%,17813,1172620,Oct-21,60,3918984,230438,35156,641,21802,5274,310,17.01
10,2021,Stardew Valley,22414.12,-1906.76,-7.84%,35687,413150,Oct-21,127,1247692,112081,26219,283,15883,1679,150,11.13
10,2021,Street Fighter V,1938.17,-239.62,-11.00%,3366,310950,Oct-21,92,2047909,38608,36931,102,3381,2756,51,53.04
10,2021,Terraria,28707.56,3473.2,13.76%,63430,105600,Oct-21,178,756582,101006,13737,369,11990,1018,135,7.49
10,2021,The Elder Scrolls Online,17133.01,354.52,2.11%,28273,306130,Oct-21,119,1391644,80704,46536,218,5540,1873,108,17.24
10,2021,The Forest,5462.58,920.91,20.28%,36688,242760,Oct-21,191,688811,61243,37572,239,10906,927,82,11.25
10,2021,The Riftbreaker,8987.19,-,-,21506,780310,Oct-21,146,938008,24365,24012,153,2771,1262,32,38.5
10,2021,They Are Billions,3156.99,371.44,13.33%,5768,644930,Oct-21,150,897759,8513,14773,33,584,1208,11,105.46
10,2021,Timberborn,5168.79,-2563.26,-33.15%,11224,1062090,Oct-21,174,770673,14035,21789,50,1742,1037,18,54.91
10,2021,Tom Clancy's Rainbow Six Siege,43016.48,-8123.21,-15.88%,79691,359550,Oct-21,30,9926370,553131,62293,1312,66372,13359,744,17.95
10,2021,Tribes of Midgard,997.86,-874.26,-46.70%,2720,858820,Oct-21,166,808086,7017,39241,37,1232,1087,9,115.16
10,2021,VRChat,16100.41,826.21,5.41%,28621,438100,Oct-21,73,2896931,95304,57270,324,10025,3898,128,30.4
10,2021,Valheim,25589.39,-7398.77,-22.43%,61020,892970,Oct-21,189,696040,104172,7718,323,9331,936,140,6.68
10,2021,Vampire: The Masquerade - Bloodhunt,2425.77,-7060.29,-74.43%,5810,760160,Oct-21,109,1536024,48389,200432,165,8688,2067,65,31.74
10,2021,War Thunder,25086.5,-93.31,-0.37%,42419,236390,Oct-21,169,791912,71648,10507,248,6621,1065,96,11.05
10,2021,Warframe,39866.36,-7101.99,-15.12%,71407,230410,Oct-21,111,1516360,114141,22379,280,8483,2040,153,13.28
10,2021,World of Tanks,1529.94,-38.65,-2.46%,3011,1407200,Oct-21,51,4486237,134139,26327,452,8089,6038,180,33.44
10,2021,World of Warships,7125.62,-164.23,-2.25%,13004,552990,Oct-21,71,3048721,61756,17806,175,3541,4103,83,49.37
10,2021,Yu-Gi-Oh! Duel Links,10486.57,1856.14,21.51%,15267,601510,Oct-21,132,1114949,24956,8511,68,2519,1500,33,44.68
11,2021,7 Days to Die,17949.57,2546.72,16.53%,31008,251570,Nov-21,166,884544,103636,12544,271,8079,1230,144,8.54
11,2021,Age of Empires IV,27228.96,-,-,64911,1466860,Nov-21,23,14531594,143576,125471,589,13835,20210,199,101.21
11,2021,Among Us,9498.31,3136.26,49.30%,25917,945360,Nov-21,40,8457061,121569,418698,661,32847,11762,169,69.57
11,2021,Apex Legends,136245.89,7716.46,6.00%,318330,1172470,Nov-21,5,58698013,3486336,283675,11894,247467,81638,4848,16.84
11,2021,Assetto Corsa,4820.63,-207.77,-4.13%,9502,244210,Nov-21,176,784266,19639,79819,87,3163,1090,27,39.93
11,2021,Back 4 Blood,10872.31,-18830.12,-63.40%,25337,924970,Nov-21,87,2446110,200227,27004,927,30880,3402,278,12.22
11,2021,Black Desert,15049.11,-517.15,-3.32%,20060,582660,Nov-21,67,3233367,112693,20663,242,5381,4497,156,28.69
11,2021,Bloons TD 6,14994.19,-2950.66,-16.44%,27591,960090,Nov-21,193,676028,27982,84576,88,5843,940,38,24.16
11,2021,Brawlhalla,15781.66,-1383.16,-8.06%,26200,291550,Nov-21,65,3719979,76635,73518,213,15650,5173,106,48.54
11,2021,Counter-Strike: Global Offensive,548161.67,35725.82,6.97%,935593,730,Nov-21,4,79981393,951598,1916027,2590,97574,111239,1323,84.05
11,2021,Crab Game,26059,-,-,56042,1782210,Nov-21,26,14040416,210386,283331,1003,71834,19527,292,66.74
11,2021,DayZ,24475.87,2512.33,11.44%,45973,221100,Nov-21,54,4350637,182166,27004,503,11879,6050,253,23.88
11,2021,Dead by Daylight,44958.69,-5202.77,-10.37%,76930,381210,Nov-21,15,22907506,1439147,116915,3971,106571,31860,2001,15.92
11,2021,Destiny 2,44240.95,-22373.62,-33.59%,76188,1085660,Nov-21,48,5456719,438805,37732,1349,34533,7589,610,12.44
11,2021,Don't Starve Together,20821.37,6072.42,41.17%,60155,322330,Nov-21,146,1087869,43738,12747,143,6317,1513,60,24.87
11,2021,Dota 2,448860.53,-1900.91,-0.42%,747506,570,Nov-21,10,37073193,747851,223679,1934,36951,51562,1040,49.57
11,2021,Eternal Return,5752.59,238.89,4.33%,14620,1049590,Nov-21,126,1399603,49602,14713,177,3813,1946,68,28.22
11,2021,Euro Truck Simulator 2,23556.09,3389.43,16.81%,51087,227300,Nov-21,173,797994,102628,14186,402,12354,1109,142,7.78
11,2021,F1 2021,6151.82,237.95,4.02%,17100,1134570,Nov-21,124,1419494,88026,83044,746,11049,1974,122,16.13
11,2021,FIFA 22,25651.07,-982.5,-3.69%,58904,1506830,Nov-21,12,35562828,767737,240764,2767,80957,49461,1067,46.32
11,2021,Farming Simulator 22,48346.36,-,-,96402,1248130,Nov-21,61,3971111,110369,51853,1458,10257,5523,153,35.98
11,2021,Football Manager 2022,43464.38,19311.38,79.95%,81440,1569040,Nov-21,122,1446729,40622,14079,216,2779,2012,56,35.61
11,2021,Forza Horizon 5,39903.36,-,-,80745,1551360,Nov-21,32,10862769,558153,95582,3840,78257,15108,776,19.46
11,2021,Gas Station Simulator,809.9,-988.35,-54.96%,1884,1149620,Nov-21,199,617396,8015,26865,38,1716,858,11,77.03
11,2021,Grand Theft Auto V,73217.07,189.72,0.26%,136818,271590,Nov-21,2,129608680,1752977,442304,5022,123262,180262,2438,73.94
11,2021,Grand Theft Auto: San Andreas,1296.71,272.66,26.63%,2660,12120,Nov-21,108,1777616,61369,89290,529,11402,2472,85,28.97
11,2021,Gunfire Reborn,7352.91,4734.54,180.82%,30850,1217060,Nov-21,163,911874,26210,36016,178,4529,1268,36,34.79
11,2021,Halo Infinite,102732.34,-,-,256619,1240440,Nov-21,20,17361164,885858,246594,9955,124265,24146,1232,19.6
11,2021,Halo: The Master Chief Collection,6981.36,-304.73,-4.18%,13613,976730,Nov-21,153,957469,95947,51627,392,11734,1331,133,9.98
11,2021,Hearts of Iron IV,28972.28,3929.3,15.69%,68019,394360,Nov-21,179,752153,17619,11991,148,1774,1046,24,42.69
11,2021,Hollow Knight,5387.52,1363.57,33.89%,10685,367520,Nov-21,189,693203,67497,12196,191,8689,964,93,10.27
11,2021,Hunt: Showdown,13127.07,1762.62,15.51%,28185,594650,Nov-21,47,6051208,197815,86010,707,12747,8416,275,30.59
11,2021,Inscryption,4850.35,-6113.79,-55.76%,11794,1092790,Nov-21,142,1160005,43105,23285,204,6419,1613,59,26.91
11,2021,Jurassic World Evolution 2,6987.59,-,-,17298,1244460,Nov-21,86,2531647,50663,85807,687,5238,3521,70,49.97
11,2021,Knight Online,1458.54,-77.85,-5.07%,2424,389430,Nov-21,200,607581,23773,3361,89,1152,845,33,25.56
11,2021,MIR4,78132.54,32073.73,69.64%,97125,1623660,Nov-21,98,1943009,94315,15176,326,5297,2702,131,20.6
11,2021,Madden NFL 22,1959.14,102.23,5.51%,4178,1519350,Nov-21,99,1940851,203169,41864,782,20198,2699,282,9.55
11,2021,MapleStory,2213.48,199.72,9.92%,3322,216150,Nov-21,115,1579298,52787,20302,156,2370,2196,73,29.92
11,2021,Marvel's Guardians of the Galaxy,2217.97,-,-,7339,1088850,Nov-21,116,1559922,69692,36037,363,7677,2169,96,22.38
11,2021,Monster Hunter: World,13001.21,-2058.95,-13.67%,26674,582010,Nov-21,198,635375,69110,5487,169,6686,883,96,9.19
11,2021,Mount & Blade II: Bannerlord,13073.66,1360.18,11.61%,21420,261550,Nov-21,96,2068240,16834,25515,53,1341,2876,23,122.86
11,2021,Myth of Empires,23644.07,-,-,43703,1371580,Nov-21,100,1935875,30442,31643,192,2028,2692,42,63.59
11,2021,NBA 2K22,9300.77,107.72,1.17%,18500,1644960,Nov-21,60,4058518,368095,30012,1161,29197,5644,511,11.03
11,2021,New World,155169.01,-255001.7,-62.17%,357188,1063730,Nov-21,27,13659455,577759,69589,2006,35996,18997,803,23.64
11,2021,Old School RuneScape,1282.01,-87.56,-6.39%,1982,1343370,Nov-21,49,5148481,103317,29474,247,5245,7160,143,49.83
11,2021,PUBG: BATTLEGROUNDS,141261.19,-17176.69,-10.84%,341570,578080,Nov-21,31,11206589,424044,126328,920,25888,15586,589,26.43
11,2021,Paladins,7109.91,-466.2,-6.15%,12818,444090,Nov-21,133,1319958,76761,15917,203,9269,1835,106,17.2
11,2021,Path of Exile,36272.8,10348.46,39.92%,77811,238960,Nov-21,35,10322137,213084,37588,600,7940,14356,296,48.44
11,2021,Phasmophobia,15715.66,-1646.32,-9.48%,50647,739630,Nov-21,50,4826183,342883,97372,3704,68071,6712,476,14.08
11,2021,Poppy Playtime,904.17,404.3,80.88%,1716,1721470,Nov-21,149,1021527,20670,109391,261,15100,1420,28,49.42
11,2021,Red Dead Redemption 2,16116.48,3556.08,28.31%,40154,1174180,Nov-21,94,2155668,215793,27704,555,19226,2998,300,9.99
11,2021,RimWorld,15875.3,-890.06,-5.31%,22404,294100,Nov-21,143,1124899,31299,18133,83,2372,1564,43,35.94
11,2021,Rocket League,32455.03,381.14,1.19%,61347,252950,Nov-21,24,14404278,707964,140185,1883,111657,20033,984,20.35
11,2021,Rust,69650.06,4093.06,6.24%,120659,252490,Nov-21,36,9376880,235094,97021,829,17565,13041,326,39.89
11,2021,SMITE,12552.85,709.36,5.99%,21594,386360,Nov-21,52,4642400,163361,63028,434,12874,6456,227,28.42
11,2021,Satisfactory,14111.02,5779.37,69.37%,34145,526870,Nov-21,154,944693,66161,6886,219,5333,1313,92,14.28
11,2021,Sea of Thieves,7987.34,-342.66,-4.11%,21496,1172620,Nov-21,72,3029065,201918,23962,678,20613,4212,280,15
11,2021,Slay the Spire,6765.6,-389.82,-5.45%,11044,646570,Nov-21,181,746569,14849,21912,45,2277,1038,20,50.28
11,2021,Stardew Valley,23206.18,792.06,3.53%,35441,413150,Nov-21,150,979678,106535,9166,304,15679,1362,148,9.2
11,2021,Street Fighter V,2135.46,197.3,10.18%,5436,310950,Nov-21,107,1783581,39954,29734,129,3580,2480,55,44.64
11,2021,Super Auto Pets,4149.68,2636.23,174.19%,7879,1714040,Nov-21,81,2675950,18311,72375,88,3734,3721,25,146.14
11,2021,Terraria,38330.96,9623.4,33.52%,84258,105600,Nov-21,183,739329,95239,6796,274,12436,1028,132,7.76
11,2021,The Elder Scrolls Online,15780.55,-1352.47,-7.89%,29494,306130,Nov-21,131,1327010,71938,19022,180,5043,1845,100,18.45
11,2021,The Elder Scrolls V: Skyrim,4668.35,394.4,9.23%,8317,72850,Nov-21,66,3615858,126943,34621,491,11935,5029,176,28.48
11,2021,The Forest,9522.45,4059.87,74.32%,39049,242760,Nov-21,160,918521,63973,83148,238,11542,1277,88,14.36
11,2021,The Long Dark,2285.69,-700.55,-23.46%,4298,305620,Nov-21,194,645834,20623,5676,69,2221,898,28,31.32
11,2021,The Witcher 3: Wild Hunt,15460.05,1926.97,14.24%,31845,292030,Nov-21,186,726956,57846,7936,171,6108,1011,80,12.57
11,2021,They Are Billions,2899.46,-257.53,-8.16%,5253,644930,Nov-21,157,935968,7794,15991,25,522,1301,10,120.09
11,2021,Tom Clancy's Rainbow Six Siege,37857.97,-5158.51,-11.99%,71142,359550,Nov-21,38,8893528,487259,100813,1539,59928,12369,677,18.25
11,2021,Unpacking,615.91,-,-,1672,1135690,Nov-21,132,1322649,26443,42307,142,7502,1839,36,50.02
11,2021,VRChat,16615.32,514.91,3.20%,29072,438100,Nov-21,82,2672454,92522,24857,324,9751,3716,128,28.88
11,2021,War Thunder,26211.17,1124.67,4.48%,47647,236390,Nov-21,196,645300,71128,6286,215,6374,897,98,9.07
11,2021,Warframe,40776.13,909.77,2.28%,73093,230410,Nov-21,117,1556803,114407,78305,372,8644,2165,159,13.61
11,2021,World of Tanks,1685.16,155.22,10.15%,3420,1407200,Nov-21,56,4244286,138054,33708,494,8232,5903,192,30.74
11,2021,World of Warships,7425.77,300.15,4.21%,35676,552990,Nov-21,85,2531772,60233,24669,189,3507,3521,83,42.03
11,2021,Yu-Gi-Oh! Duel Links,8658.69,-1827.89,-17.43%,12422,601510,Nov-21,162,917353,23292,9046,71,2232,1275,32,39.38
12,2021,7 Days to Die,36753.32,18803.75,104.76%,61449,251570,Dec-21,79,2679730,199776,16537,683,14732,3606,268,13.41
12,2021,Age of Empires IV,15148.55,-12080.4,-44.37%,31721,1466860,Dec-21,51,4886529,60014,47531,196,5191,6576,80,81.42
12,2021,Among Us,8768.77,-729.54,-7.68%,18875,945360,Dec-21,46,5751558,158212,294779,648,38709,7740,212,36.35
12,2021,Apex Legends,122108.27,-14137.62,-10.38%,242823,1172470,Dec-21,9,46483936,3100762,238755,7141,218911,62562,4173,14.99
12,2021,Back 4 Blood,6647.62,-4224.69,-38.86%,13063,924970,Dec-21,179,762754,96514,19710,285,14288,1026,129,7.9
12,2021,Black Desert,16308.09,1258.98,8.37%,24346,582660,Dec-21,52,4844826,136273,71812,364,6351,6520,183,35.55
12,2021,Bloons TD Battles 2,6108.28,-,-,16814,1276390,Dec-21,171,799997,16695,18120,70,2954,1076,22,47.92
12,2021,Call of Duty: Black Ops III,3639.21,1261.29,53.04%,12114,311210,Dec-21,169,810040,73978,63438,264,11205,1090,99,10.95
12,2021,Conqueror's Blade,3316.3,-745.51,-18.35%,11516,835570,Dec-21,164,871498,21485,10038,91,1088,1172,28,40.56
12,2021,Conqueror's Blade,1743.45,-105.43,-5.70%,5458,905370,Dec-21,164,871498,21485,10038,91,1088,1172,28,40.56
12,2021,Counter-Strike: Global Offensive,546614.19,-1547.48,-0.28%,950586,730,Dec-21,10,45401155,914766,524450,2485,94162,61105,1231,49.63
12,2021,Crab Game,11416.11,-14642.89,-56.19%,48734,1782210,Dec-21,83,2403943,71549,124347,531,26835,3235,96,33.6
12,2021,DayZ,25982.52,1506.65,6.16%,44592,221100,Dec-21,60,4091440,194341,32021,527,13419,5506,261,21.05
12,2021,Dead by Daylight,44639.46,-319.23,-0.71%,73945,381210,Dec-21,17,22054352,1460164,110737,3607,120934,29682,1965,15.1
12,2021,Destiny 2,61768.45,17527.5,39.62%,154358,1085660,Dec-21,37,7599810,564719,70948,4175,41106,10228,760,13.46
12,2021,Detroit: Become Human,888.39,-264.8,-22.96%,1920,1222140,Dec-21,136,1123955,25291,99519,85,3941,1512,34,44.44
12,2021,Don't Starve Together,22581.47,1760.1,8.45%,49433,322330,Dec-21,130,1225529,45969,43086,115,6068,1649,61,26.66
12,2021,Dota 2,449297.37,436.83,0.10%,756170,570,Dec-21,11,43235580,714724,210062,1759,35356,58190,961,60.49
12,2021,Dread Hunger,161.53,70.73,77.89%,497,1418630,Dec-21,82,2464940,6122,42946,33,490,3317,8,402.64
12,2021,Dying Light,10122.5,4457.35,78.68%,21464,239140,Dec-21,144,1034319,47624,19982,157,6895,1392,64,21.72
12,2021,Escape Simulator,2176.76,1683.72,341.50%,6616,1435790,Dec-21,128,1231007,22459,69646,104,5739,1656,30,54.81
12,2021,Eternal Return,4818.92,-933.68,-16.23%,10652,1049590,Dec-21,141,1062852,47545,14694,142,3534,1430,63,22.35
12,2021,Euro Truck Simulator 2,22634.69,-921.4,-3.91%,49474,227300,Dec-21,145,1032590,101922,10640,391,12265,1389,137,10.13
12,2021,F1 2021,10286.64,4134.82,67.21%,25575,1134570,Dec-21,95,2075375,105664,20615,719,14764,2793,142,19.64
12,2021,FIFA 22,35464.71,9813.64,38.26%,75462,1506830,Dec-21,13,32133258,746730,239066,2609,82876,43247,1005,43.03
12,2021,Farming Simulator 22,33288.41,-15057.95,-31.15%,79854,1248130,Dec-21,68,3521857,199192,52545,791,13319,4740,268,17.68
12,2021,Five Nights at Freddy's: Security Breach,6370.55,-,-,11252,747660,Dec-21,42,6051686,146071,182578,991,25264,8144,196,41.43
12,2021,Football Manager 2022,49858.18,6393.8,14.71%,81693,1569040,Dec-21,134,1179637,32481,7468,143,2169,1587,43,36.32
12,2021,Forza Horizon 5,16211.78,-23691.58,-59.37%,31250,1551360,Dec-21,101,1868129,172689,27791,686,27939,2514,232,10.82
12,2021,GTFO,3319.52,2863.9,628.56%,11091,493520,Dec-21,178,764653,25093,26283,137,4416,1029,33,30.47
12,2021,Garry's Mod,22330.28,370.99,1.69%,38682,4000,Dec-21,196,630902,21753,24951,99,3537,849,29,29
12,2021,Goose Goose Duck,1762.04,443.83,33.67%,5847,1568590,Dec-21,116,1498535,19421,42006,87,3667,2016,26,77.16
12,2021,Grand Theft Auto V,91251.21,18034.14,24.63%,173538,271590,Dec-21,2,117017755,1944400,415255,5737,148924,157493,2616,60.18
12,2021,Hades,6371.04,625.82,10.89%,11055,1145360,Dec-21,194,656360,47075,27108,141,7287,883,63,13.94
12,2021,Halo Infinite,51889.26,-50843.08,-49.49%,147782,1240440,Dec-21,19,19484280,1050448,265291,7962,115398,26223,1413,18.55
12,2021,Hearts of Iron IV,30045.3,1073.03,3.70%,54975,394360,Dec-21,155,930691,17058,17299,74,1673,1252,22,54.56
12,2021,Hollow Knight,6510.02,1122.5,20.84%,12422,367520,Dec-21,157,922682,72486,15173,209,9509,1241,97,12.73
12,2021,Hunt: Showdown,15375.53,2248.47,17.13%,31351,594650,Dec-21,75,2869974,212839,32052,648,13283,3862,286,13.48
12,2021,Icarus,19469.52,-,-,52305,1149460,Dec-21,43,5949760,172296,81817,935,12648,8007,231,34.53
12,2021,Inscryption,6385.78,1535.43,31.66%,11268,1092790,Dec-21,150,974582,47451,22704,162,7022,1311,63,20.54
12,2021,It Takes Two,4668.78,2467.49,112.09%,19263,1426210,Dec-21,89,2177053,75642,139082,264,13500,2930,101,28.78
12,2021,Knight Online,1434.65,-23.89,-1.64%,2284,389430,Dec-21,182,754942,28697,8130,92,1174,1016,38,26.31
12,2021,Krunker,570.59,-235.93,-29.25%,1127,1408720,Dec-21,175,770614,23027,28974,71,3256,1037,30,33.47
12,2021,MIR4,71510.71,-6621.83,-8.48%,91672,1623660,Dec-21,114,1565522,69326,12005,223,3260,2107,93,22.58
12,2021,Madden NFL 22,2174.37,215.23,10.99%,4990,1519350,Dec-21,93,2094794,240047,26329,907,23726,2819,323,8.73
12,2021,MapleStory,2167.03,-46.45,-2.10%,3537,216150,Dec-21,108,1708207,60111,34604,193,2887,2299,80,28.42
12,2021,Monster Hunter: World,14083.76,1082.55,8.33%,27479,582010,Dec-21,184,751942,70949,5675,163,6916,1012,95,10.6
12,2021,Mount & Blade II: Bannerlord,15763.26,2689.61,20.57%,28061,261550,Dec-21,160,884359,19195,29150,58,1550,1190,25,46.07
12,2021,NBA 2K22,11339.28,2038.51,21.92%,19510,1644960,Dec-21,61,3995633,369813,40015,1247,29005,5377,497,10.8
12,2021,New World,83175.96,-71993.06,-46.40%,145038,1063730,Dec-21,29,9425992,292216,75379,765,16563,12686,393,32.26
12,2021,Noita,2517.96,416.18,19.80%,3792,881100,Dec-21,198,620983,13935,27826,41,1961,835,18,44.56
12,2021,Old School RuneScape,1089.76,-192.25,-15.00%,1575,1343370,Dec-21,54,4662991,103381,18844,232,5157,6275,139,45.1
12,2021,PUBG: BATTLEGROUNDS,153670.81,12409.62,8.78%,363839,578080,Dec-21,28,9992721,420507,112552,901,25772,13449,565,23.76
12,2021,Paladins,5820.56,-1289.34,-18.13%,10184,444090,Dec-21,147,1019903,66205,2805,172,8019,1372,89,15.41
12,2021,Path of Exile,16595.37,-19677.43,-54.25%,44935,238960,Dec-21,31,8737170,122866,96982,714,5029,11759,165,71.11
12,2021,Phasmophobia,17713.85,1998.19,12.71%,45800,739630,Dec-21,50,5010011,355079,77456,1900,64256,6742,477,14.11
12,2021,Pro Soccer Online,65.36,3.66,5.93%,243,1583320,Dec-21,199,619859,606,36182,20,84,834,0,1022.87
12,2021,Project Zomboid,20322.53,15363.87,309.84%,53071,108600,Dec-21,47,5607728,95138,94550,425,9127,7547,128,58.94
12,2021,Propnight,2178.6,-,-,3940,1549180,Dec-21,41,6906279,62311,124168,231,9671,9295,83,110.84
12,2021,Ready or Not,12636.23,-,-,19269,1144200,Dec-21,81,2530168,47519,116526,276,9233,3405,63,53.25
12,2021,Red Dead Redemption 2,22686.23,6569.75,40.76%,39284,1174180,Dec-21,92,2101833,226322,21245,585,20266,2828,304,9.29
12,2021,RimWorld,16159.64,284.35,1.79%,22119,294100,Dec-21,98,1995827,31020,18889,79,2340,2686,41,64.34
12,2021,Rocket League,30590.24,-1864.78,-5.75%,56007,252950,Dec-21,26,11762122,693610,262428,2215,114708,15830,933,16.96
12,2021,Rust,75604.11,5954.05,8.55%,125911,252490,Dec-21,39,7019783,255313,41718,927,20424,9447,343,27.49
12,2021,SMITE,12151.7,-401.15,-3.20%,19733,386360,Dec-21,59,4191326,164820,25123,454,12852,5641,221,25.43
12,2021,Satisfactory,16194.04,2083.02,14.76%,29876,526870,Dec-21,173,785593,61051,11755,198,4945,1057,82,12.87
12,2021,Sea of Thieves,13038.91,5051.58,63.24%,31079,1172620,Dec-21,56,4542475,261729,47241,855,26356,6113,352,17.36
12,2021,Sid Meier's Civilization VI,34026.19,2208.66,6.94%,52505,289070,Dec-21,153,941432,20757,31832,65,2245,1267,27,45.35
12,2021,Slay the Spire,7503.67,738.07,10.91%,11087,646570,Dec-21,137,1121740,16081,26616,45,2317,1509,21,69.76
12,2021,Stardew Valley,24951.71,1745.53,7.52%,39992,413150,Dec-21,148,1012639,117208,20482,334,17775,1362,157,8.64
12,2021,Street Fighter V,2222.17,86.71,4.06%,4268,310950,Dec-21,102,1814634,38970,53444,103,3505,2442,52,46.56
12,2021,Terraria,38408.77,77.81,0.20%,73393,105600,Dec-21,151,967498,91277,17752,235,11729,1302,122,10.6
12,2021,The Elder Scrolls Online,17003.84,1223.29,7.75%,26464,306130,Dec-21,117,1496850,71854,22314,189,5297,2014,96,20.83
12,2021,The Elder Scrolls V: Skyrim,4528.87,-139.48,-2.99%,7646,72850,Dec-21,86,2361057,89761,29759,262,8067,3177,120,26.3
12,2021,The Elder Scrolls V: Skyrim Special Edition,25915.72,-438.32,-1.66%,44625,489830,Dec-21,186,733964,82190,11520,214,8440,987,110,8.93
12,2021,The Long Dark,2737.83,452.13,19.78%,4909,305620,Dec-21,192,688245,23176,9719,62,2486,926,31,29.7
12,2021,The Witcher 3: Wild Hunt,25127.6,9667.55,62.53%,62211,292030,Dec-21,96,2036305,100453,24446,440,11791,2740,135,20.27
12,2021,Tom Clancy's Rainbow Six Siege,43674.12,5816.16,15.36%,83292,359550,Dec-21,36,7688187,567817,54163,1586,69242,10347,764,13.54
12,2021,VRChat,17798.75,1183.43,7.12%,28981,438100,Dec-21,67,3605238,98100,48264,315,10550,4852,132,36.75
12,2021,War Thunder,26581.67,370.5,1.41%,43703,236390,Dec-21,140,1066575,72279,10270,191,6311,1435,97,14.76
12,2021,Warframe,54651.19,13875.07,34.03%,118297,230410,Dec-21,97,2035272,175320,34248,1605,13809,2739,235,11.61
12,2021,World of Tanks,2296.49,611.33,36.28%,4454,1407200,Dec-21,38,7476632,177029,48576,605,10153,10062,238,42.23
12,2021,World of Warships,7478.34,52.57,0.71%,14182,552990,Dec-21,76,2778324,65818,23674,175,3667,3739,88,42.21
12,2021,Yu-Gi-Oh! Duel Links,7632.32,-1026.36,-11.85%,11115,601510,Dec-21,170,804649,20441,6349,57,1967,1082,27,39.36