Rank,Game,Month,Year,Hours_watched,Hours_streamed,Peak_viewers,Peak_channels,Streamers,Avg_viewers,Avg_channels,Avg_viewer_ratio
1,Fortnite,1,2019,126502656,10205058,649136,56274,1013016,170259,13734,12.4
2,League of Legends,1,2019,98976171,2245379,400257,6079,197058,133211,3022,44.08
3,Just Chatting,1,2019,59064487,803672,184542,1757,134201,79494,1081,73.49
4,Dota 2,1,2019,46512393,546394,444825,1462,42722,62600,735,85.13
5,Counter-Strike: Global Offensive,1,2019,30778297,1051447,187678,2895,159310,41424,1415,29.27
6,PLAYERUNKNOWN'S BATTLEGROUNDS,1,2019,29852076,1234877,127809,2604,117981,40177,1662,24.17
7,Hearthstone,1,2019,24477856,172747,92702,365,21526,32944,232,141.7
8,Overwatch,1,2019,22499093,1192726,88234,2784,146158,30281,1605,18.86
9,FIFA 19,1,2019,18618028,355185,284483,1434,61024,25057,478,52.42
10,World of Warcraft,1,2019,18179362,703606,156889,3736,49517,24467,946,25.84
11,Sea of Thieves,1,2019,17540235,356389,125641,1538,39381,23607,479,49.22
12,Call of Duty: Black Ops 4,1,2019,17042788,1689606,92619,4593,166283,22937,2274,10.09
13,Resident Evil 2,1,2019,16394917,449333,314244,6488,70644,22065,604,36.49
14,Grand Theft Auto V,1,2019,12142875,401455,70951,1190,57405,16343,540,30.25
15,Atlas,1,2019,12110031,187032,69614,637,10070,16298,251,64.75
16,Tom Clancy's Rainbow Six Siege,1,2019,12104301,923985,106550,2212,141494,16291,1243,13.1
17,Dead by Daylight,1,2019,11094559,492980,61337,1087,51812,14932,663,22.51
18,Minecraft,1,2019,10827913,398412,61475,1008,60229,14573,536,27.18
19,Super Smash Bros. Ultimate,1,2019,9942131,200867,91878,690,22367,13381,270,49.5
20,Path of Exile,1,2019,9575782,217870,35204,624,15886,12887,293,43.95
21,Slots,1,2019,9505114,57457,60622,128,2636,12792,77,165.43
22,Escape From Tarkov,1,2019,8479535,313782,55460,769,19065,11412,422,27.02
23,Old School RuneScape,1,2019,7747601,138224,41530,332,12002,10427,186,56.05
24,Magic: The Gathering,1,2019,6911182,112950,37326,409,11368,9301,152,61.19
25,Destiny 2,1,2019,6877481,455264,82481,1489,46152,9256,612,15.11
26,Music,1,2019,6097879,211897,22348,404,14140,8207,285,28.78
27,Poker,1,2019,5807128,63457,52745,210,4032,7815,85,91.51
28,Talk Shows & Podcasts,1,2019,4950586,69816,78259,169,14648,6662,93,70.91
29,StarCraft II,1,2019,4703666,73993,47228,170,6822,6330,99,63.57
30,Kingdom Hearts III,1,2019,4373485,145067,108590,3855,18131,5886,195,30.15
31,Art,1,2019,4029473,260448,16675,565,28089,5423,350,15.47
32,Kingdom Hearts HD 1.5 + 2.5 ReMIX,1,2019,3991969,106342,24959,324,6925,5372,143,37.54
33,World of Tanks,1,2019,3970015,154710,18554,483,13146,5343,208,25.66
34,Black Desert Online,1,2019,3746090,154544,29097,304,10427,5041,208,24.24
35,Rocket League,1,2019,3717864,296047,65788,727,62082,5003,398,12.56
36,Dark Souls III,1,2019,3544460,130316,275893,311,18228,4770,175,27.2
37,Anthem,1,2019,3501968,80123,328923,4275,20549,4713,107,43.71
38,Always On,1,2019,3350144,8482,22568,17,49,4508,11,394.97
39,Dark Souls,1,2019,3010211,60038,33916,163,7244,4051,80,50.14
40,Chess,1,2019,2920915,20481,32328,74,1609,3931,27,142.62
41,Ring Of Elysium,1,2019,2853260,259921,43646,1177,37718,3840,349,10.98
42,Warcraft III,1,2019,2721265,41324,25123,101,2678,3662,55,65.85
43,Games + Demos,1,2019,2688119,37226,42712,109,7124,3617,50,72.21
44,Diablo III,1,2019,2648599,173670,28866,2018,18732,3564,233,15.25
45,ASMR,1,2019,2621173,37056,19469,72,1802,3527,49,70.74
46,NBA 2K19,1,2019,2484335,274641,13512,893,39358,3343,369,9.05
47,LOST ARK,1,2019,2459784,64484,21370,221,2325,3310,86,38.15
48,SMITE,1,2019,2161454,124939,13866,331,14319,2909,168,17.3
49,Subnautica,1,2019,2107932,100619,58176,286,16769,2837,135,20.95
50,Atlas,1,2019,2106560,23485,75774,728,3909,2835,31,89.7
51,Rust,1,2019,2102879,134284,21863,464,14847,2830,180,15.66
52,The Elder Scrolls Online,1,2019,2100781,70539,151951,200,7139,2827,94,29.78
53,Heroes of the Storm,1,2019,2035372,86637,8582,205,8619,2739,116,23.49
54,Slay the Spire,1,2019,1852396,33676,26142,105,5936,2493,45,55.01
55,Heroes of Might and Magic III: The Shadow of Death,1,2019,1775815,12623,18959,45,834,2390,16,140.68
56,Monster Hunter: World,1,2019,1756299,165608,13437,487,23506,2363,222,10.61
57,Battlefield V,1,2019,1753453,159092,29062,446,33465,2359,214,11.02
58,World of Warships,1,2019,1748991,59599,7041,162,4891,2353,80,29.35
59,Knight Online,1,2019,1711458,20064,23954,143,1463,2303,27,85.3
60,Marbles On Stream,1,2019,1598387,39565,33925,112,6145,2151,53,40.4
61,Warframe,1,2019,1576325,154972,51269,330,18142,2121,208,10.17
62,Dragon Ball FighterZ,1,2019,1571733,29815,90224,178,7502,2115,40,52.72
63,DayZ,1,2019,1557870,61505,29263,182,6649,2096,82,25.33
64,The Elder Scrolls V: Skyrim,1,2019,1506418,79659,25453,184,11437,2027,107,18.91
65,"Pok<U+00E9>mon: Let's Go, Pikachu!",1,2019,1474412,59755,13880,174,5688,1984,80,24.67
66,FINAL FANTASY XIV Online,1,2019,1458603,141456,9388,628,11256,1963,190,10.31
67,Diablo II: Lord of Destruction,1,2019,1448656,25943,165190,155,1837,1949,34,55.84
68,Retro,1,2019,1444000,77213,86249,171,5709,1943,103,18.7
69,Darkest Dungeon,1,2019,1412247,21929,16618,64,3182,1900,29,64.4
70,Dungeons & Dragons,1,2019,1406847,36098,41094,195,3660,1893,48,38.97
71,Final Fantasy IX,1,2019,1371826,7487,148498,29,861,1846,10,183.23
72,Tibia,1,2019,1356723,62057,5244,157,3863,1826,83,21.86
73,Bloodborne,1,2019,1353426,51062,245345,135,7898,1821,68,26.51
74,ARK: Survival Evolved,1,2019,1310110,128801,9817,320,11064,1763,173,10.17
75,The Legend of Zelda: Breath of the Wild,1,2019,1223545,42948,23728,114,4150,1646,57,28.49
76,Friends Marble,1,2019,1211549,607,29099,8,86,1630,0,1995.96
77,Street Fighter V,1,2019,1208150,38944,10015,92,4401,1626,52,31.02
78,Red Dead Redemption 2,1,2019,1182176,209749,12698,553,35251,1591,282,5.64
79,Garry's Mod,1,2019,1169839,27322,96345,117,7565,1574,36,42.82
80,The Forest,1,2019,1168510,75857,53419,267,14313,1572,102,15.4
81,Super Mario Odyssey,1,2019,1115575,12047,209812,41,1511,1501,16,92.6
82,Madden NFL 19,1,2019,1065096,170400,27917,646,25459,1433,229,6.25
83,Lineage II: The Chaotic Throne - The 1st Throne: The Kamael,1,2019,1056046,31150,18017,110,1849,1421,41,33.9
84,VRChat,1,2019,1021907,64505,7688,281,7186,1375,86,15.84
85,The Binding of Isaac: Afterbirth,1,2019,1017986,23378,16729,70,4308,1370,31,43.54
86,Food & Drink,1,2019,1012616,13367,27163,41,3913,1362,17,75.75
87,The Legend of Zelda: The Wind Waker HD,1,2019,1008069,2834,160170,17,365,1356,3,355.71
88,PUBG Mobile,1,2019,1007630,148577,7754,380,19066,1356,199,6.78
89,7 Days to Die,1,2019,989160,76728,14526,189,6786,1331,103,12.89
90,The Legend of Zelda: A Link to the Past,1,2019,945428,24614,203561,100,1958,1272,33,38.41
91,The Legend of Zelda: Ocarina of Time,1,2019,944530,31779,7391,132,2590,1271,42,29.72
92,Special Events,1,2019,901175,9838,388249,63,2375,1212,13,91.6
93,osu!,1,2019,897193,139498,5246,347,28872,1207,187,6.43
94,Super Mario Maker,1,2019,895272,9478,12051,32,618,1204,12,94.46
95,The Sims 4,1,2019,892115,50873,17258,136,8951,1200,68,17.54
96,Summoners War: Sky Arena,1,2019,884021,18379,4280,60,1223,1189,24,48.1
97,Science & Technology,1,2019,859590,65975,4577,146,5744,1156,88,13.03
98,Tekken 7,1,2019,850925,40938,12729,91,6958,1145,55,20.79
99,My Time at Portia,1,2019,840707,21686,23286,109,2840,1131,29,38.77
100,Artifact,1,2019,839058,18276,21208,69,1836,1129,24,45.91
101,Age of Empires II,1,2019,833617,17252,7888,54,2280,1121,23,48.32
102,The Witcher 3: Wild Hunt,1,2019,805149,52413,29429,149,7831,1083,70,15.36
103,The Legend of Zelda: Twilight Princess,1,2019,801590,2948,168699,22,402,1078,3,271.91
104,Kenshi,1,2019,789361,14935,19132,60,1226,1062,20,52.85
105,Tom Clancy's The Division,1,2019,777353,94116,6797,259,11627,1046,126,8.26
106,Realm Royale,1,2019,774315,143176,5405,1115,29316,1042,192,5.41
107,Football Manager 2019,1,2019,766326,18576,14346,65,1528,1031,25,41.25
108,Hollow Knight,1,2019,763735,33989,158040,88,5107,1027,45,22.47
109,Travel & Outdoors,1,2019,761665,67627,10133,228,24518,1025,91,11.26
110,Star Citizen,1,2019,760154,30432,8714,97,2699,1023,40,24.98
111,Dark Souls II: Scholar of the First Sin,1,2019,759446,25743,20276,73,3266,1022,34,29.5
112,Euro Truck Simulator 2,1,2019,750647,71109,31468,266,10364,1010,95,10.56
113,MapleStory,1,2019,723101,40140,6221,104,3276,973,54,18.01
114,Epic Seven,1,2019,720211,18390,2531,56,1072,969,24,39.16
115,Celeste,1,2019,706278,22740,170522,84,5016,950,30,31.06
116,Cuphead,1,2019,679669,10156,184477,40,3504,914,13,66.92
117,Paladins,1,2019,670557,83089,4663,216,15280,902,111,8.07
118,RuneScape,1,2019,667725,38720,7989,94,4379,898,52,17.24
119,Eternal Card Game,1,2019,655729,7224,2720,24,458,882,9,90.77
120,God of War,1,2019,654463,53375,12581,152,8292,880,71,12.26
121,Street Fighter III: 3rd Strike,1,2019,639305,1181,40518,16,249,860,1,541.33
122,The Isle,1,2019,635800,10137,42317,53,1095,855,13,62.72
123,Halo: The Master Chief Collection,1,2019,629928,38375,12134,128,4997,847,51,16.42
124,RimWorld,1,2019,627795,31089,5895,90,3156,844,41,20.19
125,For Honor,1,2019,618528,48178,33637,292,8698,832,64,12.84
126,Alien: Isolation,1,2019,592800,10348,29261,46,2332,797,13,57.29
127,Brawl Stars,1,2019,591007,33878,11234,101,5918,795,45,17.45
128,The Legend of Zelda: Majora's Mask,1,2019,584968,4745,182519,24,570,787,6,123.28
129,Arma 3,1,2019,580513,62766,12586,268,6659,781,84,9.25
130,Resident Evil 2,1,2019,578746,16569,38429,285,5441,778,22,34.93
131,Resident Evil,1,2019,576069,18300,13674,96,3082,775,24,31.48
132,Tales of Vesperia,1,2019,573839,31646,8935,211,2439,772,42,18.13
133,Yakuza 4,1,2019,573512,2089,24452,28,135,771,2,274.54
134,Farming Simulator 19,1,2019,571145,51809,5629,185,5372,768,69,11.02
135,Don't Starve Together,1,2019,562352,27917,5319,74,4300,756,37,20.14
136,Grand Theft Auto: San Andreas,1,2019,551325,17067,10490,54,3426,742,22,32.3
137,Crypto,1,2019,544718,14449,2337,30,184,733,19,37.7
138,Metin2,1,2019,530788,20757,4240,74,1822,714,27,25.57
139,Fallout 76,1,2019,528840,82347,3942,245,10472,711,110,6.42
140,Sid Meier's Civilization VI,1,2019,527179,11380,10096,43,1951,709,15,46.33
141,CLOP,1,2019,526501,1026,17320,18,415,708,1,513.16
142,Super Metroid,1,2019,517522,8546,183636,36,801,696,11,60.56
143,Donkey Kong 64,1,2019,516340,1632,26663,10,177,694,2,316.38
144,Borderlands 2,1,2019,515752,40049,7739,122,6971,694,53,12.88
145,Judgement,1,2019,514801,4436,7755,33,317,692,5,116.05
146,New Super Mario Bros. U,1,2019,512874,7532,23701,92,1600,690,10,68.09
147,They Are Billions,1,2019,506761,10650,7022,30,1270,682,14,47.58
148,Super Mario RPG: Legend of the Seven Stars,1,2019,504883,1691,150140,18,269,679,2,298.57
149,Terraria,1,2019,504028,45890,34092,125,8087,678,61,10.98
150,Assassin's Creed: Odyssey,1,2019,497636,57632,3726,146,11180,669,77,8.63
151,Ace Combat 7: Skies Unknown,1,2019,497580,10844,28690,146,1735,669,14,45.89
152,Guild Wars 2,1,2019,494679,36879,2847,139,3639,665,49,13.41
153,Gwent: The Witcher Card Game,1,2019,493869,10758,6822,39,1044,664,14,45.91
154,Dofus,1,2019,479449,15642,7157,148,1419,645,21,30.65
155,iRacing,1,2019,475577,34694,7833,494,2382,640,46,13.71
156,Kartrider,1,2019,474179,16160,12273,70,2504,638,21,29.34
157,NieR: Automata,1,2019,471129,10351,109116,30,2634,634,13,45.52
158,Mortal Kombat 11,1,2019,466323,1208,176931,313,469,627,1,386.03
159,Shadowverse,1,2019,455814,17911,2371,56,1275,613,24,25.45
160,Makers & Crafting,1,2019,454492,28361,13309,92,2936,611,38,16.03
161,Mario Kart 8,1,2019,451543,13038,28285,55,3487,607,17,34.63
162,Super Mario World,1,2019,432728,10135,185428,38,1239,582,13,42.7
163,Splatoon 2,1,2019,431999,29749,136924,193,3230,581,40,14.52
164,Final Fantasy VII,1,2019,430820,10837,8727,33,1351,579,14,39.75
165,Mortal Kombat X,1,2019,429288,22646,14009,75,7815,577,30,18.96
166,The Long Dark,1,2019,426683,17181,33607,58,2569,574,23,24.83
167,Raft,1,2019,418958,13911,30357,78,3533,563,18,30.12
168,Subnautica: Below Zero,1,2019,418531,6957,71067,656,2688,563,9,60.16
169,Beat Saber,1,2019,414777,44562,9966,126,11768,558,59,9.31
170,Stardew Valley,1,2019,413479,50706,6606,127,8805,556,68,8.15
171,Super Mario 64,1,2019,409483,14546,4689,45,1577,551,19,28.15
172,Roblox,1,2019,402711,80668,9433,234,18307,542,108,4.99
173,Gears of War 4,1,2019,398347,36141,29393,142,4954,536,48,11.02
174,Dying Light,1,2019,396555,19980,12501,59,4713,533,26,19.85
175,Life is Strange 2,1,2019,394731,12031,40876,436,3420,531,16,32.81
176,Ragnarok M: Eternal Love,1,2019,392647,15690,2555,70,1333,528,21,25.03
177,Elite: Dangerous,1,2019,391472,37881,4872,215,3673,526,50,10.33
178,Hearts of Iron IV,1,2019,390225,11852,6239,48,1719,525,15,32.92
179,Crash Bandicoot N. Sane Trilogy,1,2019,386777,6502,159634,27,2796,520,8,59.49
180,Catherine,1,2019,380984,8504,11537,51,1566,512,11,44.8
181,Total War: Warhammer II,1,2019,379547,15649,4504,45,1521,510,21,24.25
182,Fate/Grand Order,1,2019,376719,11380,5821,65,1223,507,15,33.1
183,Just Dance 2019,1,2019,375209,3444,63483,17,780,504,4,108.95
184,Miracle snack shop,1,2019,374368,3290,22437,36,661,503,4,113.79
185,Portal 2,1,2019,366376,13007,18961,51,3995,493,17,28.17
186,Grand Theft Auto: Vice City,1,2019,357541,3906,185209,23,718,481,5,91.54
187,XCOM 2: War of the Chosen,1,2019,352247,9484,17459,31,850,474,12,37.14
188,The Messenger,1,2019,346553,5746,151270,25,1012,466,7,60.31
189,The Elder Scrolls: Legends,1,2019,345963,7549,1655,33,582,465,10,45.83
190,Mario Kart DS,1,2019,342745,116,183673,12,38,461,0,2954.7
191,Onimusha: Warlords,1,2019,342483,8441,21726,137,1867,460,11,40.57
192,Resident Evil 4,1,2019,341379,21692,14457,86,3995,459,29,15.74
193,Final Fantasy XI,1,2019,333526,11713,33369,42,486,448,15,28.47
194,Super Smash Bros. Melee,1,2019,332960,11241,7074,46,1880,448,15,29.62
195,Mass Effect,1,2019,330312,6650,24724,23,816,444,8,49.67
196,Europa Universalis IV,1,2019,328095,12189,3063,49,1152,441,16,26.92
197,Final Fantasy IV,1,2019,327388,4556,146533,42,370,440,6,71.86
198,Yu-Gi-Oh! Duel Links,1,2019,325254,11080,4018,39,1616,437,14,29.36
199,Forza Horizon 4,1,2019,324687,44040,27536,137,11048,436,59,7.37
200,Trauma Center: Under the Knife 2,1,2019,324408,58,119012,8,12,436,0,5593.24
1,Apex Legends,2,2019,123090969,5580337,666868,18932,663781,183444,8316,22.06
2,League of Legends,2,2019,94991296,1779043,387330,4518,167824,141566,2651,53.39
3,Fortnite,2,2019,84064959,7238650,658887,67544,810687,125283,10787,11.61
4,Just Chatting,2,2019,51698098,733647,182185,2336,121349,77046,1093,70.47
5,Dota 2,2,2019,50259236,528057,272771,1601,43882,74901,786,95.18
6,Counter-Strike: Global Offensive,2,2019,47256109,744851,524985,2575,120461,70426,1110,63.44
7,Overwatch,2,2019,23707822,717365,289347,2420,102530,35332,1069,33.05
8,World of Warcraft,2,2019,21710870,679217,211037,2747,46004,32355,1012,31.96
9,PLAYERUNKNOWN'S BATTLEGROUNDS,2,2019,17964098,789359,98146,2450,78993,26772,1176,22.76
10,Hearthstone,2,2019,13694403,125334,58328,292,15298,20408,186,109.26
11,Grand Theft Auto V,2,2019,12816268,356112,76912,1189,46978,19100,530,35.99
12,Tom Clancy's Rainbow Six Siege,2,2019,11285996,629487,223099,2244,110696,16819,938,17.93
13,FIFA 19,2,2019,10804281,257564,92237,1082,44591,16101,383,41.95
14,Call of Duty: Black Ops 4,2,2019,10547460,881630,141895,4227,104237,15719,1313,11.96
15,Anthem,2,2019,9161406,410679,145975,3940,54212,13653,612,22.31
16,Resident Evil 2,2,2019,7943721,396081,58175,1977,62263,11838,590,20.06
17,Super Smash Bros. Ultimate,2,2019,7933050,116308,168665,462,14256,11822,173,68.21
18,Dead by Daylight,2,2019,7292874,359881,50797,999,38382,10868,536,20.26
19,Old School RuneScape,2,2019,6501016,112436,34040,287,10640,9688,167,57.82
20,Metro Exodus,2,2019,6329391,143408,154978,1593,20142,9432,213,44.14
21,Minecraft,2,2019,6267012,332266,82949,933,52021,9339,495,18.86
22,StarCraft II,2,2019,6175225,61049,50967,156,5956,9203,90,101.15
23,Magic: The Gathering,2,2019,6103659,87031,60503,266,8979,9096,129,70.13
24,Sea of Thieves,2,2019,5962175,215751,55263,1303,25920,8885,321,27.63
25,Music,2,2019,5275627,200037,32127,421,13490,7862,298,26.37
26,Talk Shows & Podcasts,2,2019,4978187,65662,126696,609,12925,7419,97,75.82
27,Slots,2,2019,4781047,38701,44412,121,2923,7125,57,123.54
28,Poker,2,2019,4227649,58039,31582,215,3603,6300,86,72.84
29,Art,2,2019,3938840,236560,16357,564,26058,5870,352,16.65
30,Rocket League,2,2019,3768118,233398,62205,734,53636,5615,347,16.14
31,Path of Exile,2,2019,3289610,74386,21449,237,6259,4902,110,44.22
32,World of Tanks,2,2019,3211747,125593,15421,466,10386,4786,187,25.57
33,Escape From Tarkov,2,2019,2905354,163889,26278,622,11250,4329,244,17.73
34,Kingdom Hearts III,2,2019,2853523,186231,46780,2087,18165,4252,277,15.32
35,Tom Clancy's The Division 2,2,2019,2745164,90664,107475,2653,23542,4091,135,30.28
36,Black Desert Online,2,2019,2500563,113152,7650,269,7701,3726,168,22.1
37,Atlas,2,2019,2488964,63686,10198,246,3406,3709,94,39.08
38,ASMR,2,2019,2485306,33836,10028,71,1554,3703,50,73.45
39,Destiny 2,2,2019,2427053,257422,12042,920,30888,3617,383,9.43
40,Games + Demos,2,2019,2378911,34378,28364,108,6665,3545,51,69.2
41,Far Cry New Dawn,2,2019,2214031,50860,54881,558,10085,3299,75,43.53
42,Warcraft III,2,2019,2204941,32064,29556,84,2118,3286,47,68.77
43,NBA 2K19,2,2019,2180665,221454,43230,745,33257,3249,330,9.85
44,FINAL FANTASY XIV Online,2,2019,2048584,136395,84888,566,11927,3053,203,15.02
45,Heroes of Might and Magic III: The Shadow of Death,2,2019,1928735,11197,18632,44,728,2874,16,172.25
46,Sid Meier's Civilization VI,2,2019,1892655,27015,68833,170,3884,2820,40,70.06
47,Tetris,2,2019,1798992,19867,53346,176,5578,2681,29,90.55
48,DEVOTION,2,2019,1715445,13631,106816,564,4185,2556,20,125.85
49,Dungeons & Dragons,2,2019,1701716,36687,56390,210,3764,2536,54,46.38
50,SMITE,2,2019,1684535,103751,10306,299,12248,2510,154,16.24
51,Jump Force,2,2019,1660682,68155,68421,697,18487,2474,101,24.37
52,Knight Online,2,2019,1633846,18568,16433,72,1457,2434,27,87.99
53,The Elder Scrolls Online,2,2019,1624235,63501,24707,190,6219,2420,94,25.58
54,Dark Souls III,2,2019,1540110,86025,18803,222,12825,2295,128,17.9
55,Chess,2,2019,1530075,15377,14673,61,1360,2280,22,99.5
56,Rust,2,2019,1463399,93753,12044,287,10818,2180,139,15.61
57,World of Warships,2,2019,1463396,47249,7362,139,4099,2180,70,30.97
58,Marbles On Stream,2,2019,1448612,35667,23665,119,5218,2158,53,40.61
59,Super Smash Bros. Melee,2,2019,1402943,11067,163773,53,1787,2090,16,126.77
60,Tibia,2,2019,1386025,56454,6234,147,3472,2065,84,24.55
61,Heroes of the Storm,2,2019,1365645,61239,7977,166,6176,2035,91,22.3
62,Retro,2,2019,1354324,75151,8549,187,5475,2018,111,18.02
63,Slay the Spire,2,2019,1302736,22544,22255,65,4094,1941,33,57.79
64,The Isle,2,2019,1287685,24101,49466,81,1958,1919,35,53.43
65,Monster Hunter: World,2,2019,1270447,107656,9659,291,17416,1893,160,11.8
66,Anno 1800,2,2019,1252055,13287,59432,354,2362,1865,19,94.23
67,Always On,2,2019,1172747,5854,12967,14,21,1747,8,200.33
68,Street Fighter V,2,2019,1148650,29668,40587,78,3317,1711,44,38.72
69,Diablo III,2,2019,1130156,85908,4865,353,10308,1684,128,13.16
70,ASTRONEER,2,2019,1121449,38527,30583,195,6005,1671,57,29.11
71,Warframe,2,2019,1090074,105765,47085,273,12503,1624,157,10.31
72,Borderlands 2,2,2019,1054820,43508,22440,266,6300,1572,64,24.24
73,ARK: Survival Evolved,2,2019,1051476,92867,8805,276,7826,1567,138,11.32
74,The Legend of Zelda: Ocarina of Time,2,2019,1050970,30345,8240,176,2295,1566,45,34.63
75,LOST ARK,2,2019,1044143,34244,15652,149,1461,1556,51,30.49
76,Tekken 7,2,2019,1032859,36167,43736,150,5953,1539,53,28.56
77,Special Events,2,2019,1013336,8895,131730,94,2175,1510,13,113.92
78,Madden NFL 19,2,2019,1004310,140958,27580,612,21234,1496,210,7.12
79,Subnautica,2,2019,982062,60609,25338,275,10552,1463,90,16.2
80,Realm Royale,2,2019,978627,143464,21071,1064,28231,1458,213,6.82
81,Age of Empires II,2,2019,973404,13935,12274,50,1849,1450,20,69.85
82,The Binding of Isaac: Afterbirth,2,2019,913682,19652,15379,70,3646,1361,29,46.49
83,Bloodborne,2,2019,883435,34912,28281,102,5400,1316,52,25.3
84,PUBG Mobile,2,2019,862075,123291,3460,331,15791,1284,183,6.99
85,Super Mario Maker,2,2019,858727,10918,6567,51,766,1279,16,78.65
86,Trials Rising,2,2019,845876,8194,34851,174,2504,1260,12,103.23
87,Super Mario World,2,2019,830863,12667,11759,58,1399,1238,18,65.59
88,The Sims 4,2,2019,809525,45565,13286,197,8289,1206,67,17.77
89,Food & Drink,2,2019,807200,12061,11796,42,3433,1202,17,66.93
90,osu!,2,2019,806153,123578,6482,335,26457,1201,184,6.52
91,VRChat,2,2019,799524,51035,7763,184,5532,1191,76,15.67
92,Travel & Outdoors,2,2019,796545,55920,32854,197,20883,1187,83,14.24
93,Dark Souls,2,2019,762969,37003,20264,106,4757,1137,55,20.62
94,"Pok<U+00E9>mon: Let's Go, Pikachu!",2,2019,753942,31456,22081,194,3408,1123,46,23.97
95,Science & Technology,2,2019,752360,61341,9457,158,5388,1121,91,12.27
96,The Elder Scrolls V: Skyrim,2,2019,743741,63082,11325,165,9470,1108,94,11.79
97,Summoners War: Sky Arena,2,2019,696155,14825,3251,52,963,1037,22,46.96
98,Metro: Last Light,2,2019,675396,13918,21205,82,2369,1006,20,48.53
99,Gears of War 4,2,2019,672789,29429,26206,131,4064,1002,43,22.86
100,Hearts of Iron IV,2,2019,663912,12213,7449,109,1696,989,18,54.36
101,Diablo II: Lord of Destruction,2,2019,648827,19149,33072,63,1324,966,28,33.88
102,Dragon Ball FighterZ,2,2019,648560,29282,12418,191,6896,966,43,22.15
103,Hollow Knight,2,2019,641536,33076,14935,121,5006,956,49,19.4
104,Eternal Card Game,2,2019,641138,6153,2865,22,423,955,9,104.2
105,For Honor,2,2019,636374,81963,7750,290,19687,948,122,7.76
106,Ring Of Elysium,2,2019,635575,87168,6953,530,14241,947,129,7.29
107,Crypto,2,2019,635022,14845,3674,31,173,946,22,42.78
108,DayZ,2,2019,618901,37481,3676,136,3701,922,55,16.51
109,RuneScape,2,2019,611378,35224,5326,134,3834,911,52,17.36
110,Lineage II: The Chaotic Throne - The 1st Throne: The Kamael,2,2019,609084,26373,24857,105,1462,907,39,23.09
111,Stardew Valley,2,2019,605679,40916,33892,151,7200,902,60,14.8
112,Star Citizen,2,2019,599454,19497,16178,81,1846,893,29,30.75
113,The Legend of Zelda: Breath of the Wild,2,2019,595445,30919,7383,100,3087,887,46,19.26
114,Arma 3,2,2019,565259,58976,23245,315,6086,842,87,9.58
115,Epic Seven,2,2019,562835,15612,9605,81,1077,838,23,36.05
116,Dofus,2,2019,552366,13490,20048,56,1336,823,20,40.95
117,Red Dead Redemption 2,2,2019,550359,104180,7857,311,17341,820,155,5.28
118,Euro Truck Simulator 2,2,2019,542484,62439,5844,270,8385,808,93,8.69
119,Wargroove,2,2019,524986,14432,30241,156,2696,782,21,36.38
120,Kartrider,2,2019,524078,16588,23037,85,2589,781,24,31.59
121,Dragon Quest Builders 2,2,2019,516461,7957,10640,43,363,769,11,64.91
122,RimWorld,2,2019,510213,25231,5573,80,2760,760,37,20.22
123,Darkest Dungeon,2,2019,509676,19751,13827,94,3265,759,29,25.81
124,A Dance of Fire and Ice,2,2019,509018,5428,19067,48,2071,758,8,93.78
125,My Time at Portia,2,2019,506379,15272,27290,56,1747,754,22,33.16
126,Battlefield V,2,2019,503689,71854,5154,314,18523,750,107,7.01
127,Grand Theft Auto: San Andreas,2,2019,499486,13539,24068,51,2888,744,20,36.89
128,Super Mario 64,2,2019,499206,13115,18412,45,1518,743,19,38.06
129,Tom Clancy's The Division,2,2019,486722,77389,5256,240,11079,725,115,6.29
130,The Witcher 3: Wild Hunt,2,2019,484263,44450,12978,148,7030,721,66,10.89
131,Gwent: The Witcher Card Game,2,2019,482125,9640,6539,36,868,718,14,50.01
132,Pok<U+00E9>mon Trading Card Game,2,2019,468540,2977,17014,14,446,698,4,157.39
133,Brawl Stars,2,2019,460394,22915,20955,78,4191,686,34,20.09
134,The Legend of Zelda: Majora's Mask,2,2019,453494,6483,8526,35,646,675,9,69.95
135,MapleStory,2,2019,449525,33755,3647,95,2506,669,50,13.32
136,7 Days to Die,2,2019,445404,48732,5475,154,4604,663,72,9.14
137,Paladins,2,2019,444422,54942,19741,189,10641,662,81,8.09
138,The Joy Of Sex,2,2019,442628,512,31801,13,172,659,0,864.51
139,Dark Souls II: Scholar of the First Sin,2,2019,440453,20421,5574,72,2535,656,30,21.57
140,Project Winter,2,2019,436461,1778,32367,19,367,650,2,245.48
141,Metro 2033,2,2019,418540,14794,18024,56,3399,623,22,28.29
142,Makers & Crafting,2,2019,414016,27371,11348,81,2687,617,40,15.13
143,Dead Cells,2,2019,408257,10479,5976,35,2636,608,15,38.96
144,iRacing,2,2019,407903,28803,6808,270,2428,607,42,14.16
145,The Legend of Zelda: A Link to the Past,2,2019,406028,22303,9378,108,1768,605,33,18.21
146,Crunchyroll Anime Awards,2,2019,401668,926,61079,353,390,598,1,433.77
147,Roblox,2,2019,398971,66903,21053,239,15543,594,99,5.96
148,Spellbreak,2,2019,395893,22807,50177,433,5735,590,33,17.36
149,TETRIS 99,2,2019,390916,5011,19645,61,2051,582,7,78.01
150,Pummel Party,2,2019,389237,3652,38466,36,1428,580,5,106.58
151,Don't Starve Together,2,2019,387465,21024,4208,63,3203,577,31,18.43
152,Farming Simulator 19,2,2019,381603,37528,6500,135,3961,568,55,10.17
153,Total War: Warhammer II,2,2019,371178,12253,3288,38,1328,553,18,30.29
154,Clash Royale,2,2019,370506,7825,13509,31,1510,552,11,47.35
155,Guild Wars 2,2,2019,360241,29515,2167,103,2779,536,43,12.21
156,Football Manager 2019,2,2019,334738,14653,10574,62,1211,498,21,22.84
157,Splatoon 2,2,2019,333591,26188,3100,229,2817,497,39,12.74
158,The Forest,2,2019,328630,47540,7264,204,9280,489,70,6.91
159,Metin2,2,2019,327829,16756,2650,64,1333,488,24,19.56
160,Beat Saber,2,2019,323844,34966,5635,113,9408,482,52,9.26
161,Wrestling,2,2019,320746,4748,10644,25,162,478,7,67.55
163,Yu-Gi-Oh! Duel Links,2,2019,317492,10481,4555,35,1539,473,15,30.29
164,Sunless Skies,2,2019,316414,3276,12398,45,467,471,4,96.59
165,Foundation,2,2019,312266,7596,29078,40,1256,465,11,41.11
166,Shadowverse,2,2019,310290,13929,10160,61,1058,462,20,22.28
167,Subnautica: Below Zero,2,2019,310157,12456,30425,168,4397,462,18,24.9
168,Terraria,2,2019,308084,33346,2235,105,5808,459,49,9.24
169,Mario Kart 8,2,2019,299093,10220,24487,50,2777,445,15,29.27
170,Fate/Grand Order,2,2019,294456,10113,12183,49,1030,438,15,29.12
171,Garry's Mod,2,2019,290574,19213,61884,91,5320,433,28,15.12
172,Super Mario Odyssey,2,2019,289122,9861,16275,39,1152,430,14,29.32
173,Final Fantasy VII,2,2019,289104,8285,11556,28,1048,430,12,34.89
174,M.U.G.E.N,2,2019,274241,2959,714,8,68,408,4,92.68
175,FTL: Faster Than Light,2,2019,272747,3701,9813,18,781,406,5,73.7
176,God Eater 3,2,2019,272711,17154,29835,144,2866,406,25,15.9
177,SoulCalibur VI,2,2019,272310,6999,12923,31,1267,405,10,38.91
178,Frostpunk,2,2019,270688,5652,17334,24,1193,403,8,47.89
179,Halo: The Master Chief Collection,2,2019,270192,26739,4118,107,3667,402,39,10.1
180,Hunt: Showdown,2,2019,268748,16720,23619,65,2242,400,24,16.07
181,Europa Universalis IV,2,2019,266194,10470,3065,47,1000,396,15,25.42
182,Yakuza 0,2,2019,263180,11991,5184,40,1513,392,17,21.95
183,Infestation: The New Z,2,2019,262976,8517,3663,30,635,391,12,30.88
184,They Are Billions,2,2019,260095,7397,9365,29,945,387,11,35.16
185,Factorio,2,2019,257740,18358,2911,85,2106,384,27,14.04
186,StarCraft,2,2019,251916,11076,19914,34,1074,375,16,22.74
187,Elite: Dangerous,2,2019,251229,23085,4782,93,2345,374,34,10.88
188,Russian Fishing 4,2,2019,250985,16724,1693,58,809,374,24,15.01
189,Super Seducer,2,2019,247280,930,11589,16,329,368,1,265.89
190,Dying Light,2,2019,244056,17320,3927,60,4297,363,25,14.09
191,The Last of Us,2,2019,242953,17112,15228,59,1145,362,25,14.2
192,Jackbox Party Packs,2,2019,241784,12596,26402,69,3447,360,18,19.2
193,Fallout 76,2,2019,232304,36450,2912,117,4624,346,54,6.37
194,Return of the Obra Dinn,2,2019,231823,1373,10876,9,289,345,2,168.84
195,Pok<U+00E9>mon Ultra Sun/Ultra Moon,2,2019,224693,7116,5184,27,713,334,10,31.58
196,The Elder Scrolls: Legends,2,2019,224365,6217,1097,24,454,334,9,36.09
197,Celeste,2,2019,223978,11618,15785,46,2294,333,17,19.28
198,Assassin's Creed: Odyssey,2,2019,219557,31646,2460,98,7002,327,47,6.94
199,Ace Combat 7: Skies Unknown,2,2019,216831,19101,9347,269,3124,323,28,11.35
200,Kerbal Space Program,2,2019,215910,8195,4596,30,1198,321,12,26.35
1,League of Legends,3,2019,108481064,1966064,369522,3947,172418,146004,2646,55.18
2,Fortnite,3,2019,101265583,8373592,424746,23473,888542,136292,11269,12.09
3,Grand Theft Auto V,3,2019,61516480,535486,304053,1593,66347,82794,720,114.88
4,Apex Legends,3,2019,59660790,3786745,303666,10439,437017,80297,5096,15.76
5,Just Chatting,3,2019,58236586,878360,211835,1781,135026,78380,1182,66.3
6,Dota 2,3,2019,50333147,563468,357971,1456,47351,67743,758,89.33
7,Counter-Strike: Global Offensive,3,2019,35411834,913794,833440,2509,134809,47660,1229,38.75
8,Overwatch,3,2019,26607780,803629,259090,1748,104627,35811,1081,33.11
9,Sekiro: Shadows Die Twice,3,2019,25426484,470352,279037,4679,75943,34221,633,54.06
10,PLAYERUNKNOWN'S BATTLEGROUNDS,3,2019,20452055,815594,113196,1730,70159,27526,1097,25.08
11,Hearthstone,3,2019,15989926,132239,107496,289,15942,21520,177,120.92
12,World of Warcraft,3,2019,14566760,712719,83100,2527,47566,19605,959,20.44
13,Tom Clancy's The Division 2,3,2019,13645908,715340,139221,3544,88236,18365,962,19.08
14,FIFA 19,3,2019,11890762,269564,284352,969,44485,16003,362,44.11
15,Path of Exile,3,2019,11866972,279445,99134,2922,19000,15971,376,42.47
16,Tom Clancy's Rainbow Six Siege,3,2019,9049788,792698,74941,2113,122920,12180,1066,11.42
17,Call of Duty: Black Ops 4,3,2019,8738828,825835,107439,2205,95203,11761,1111,10.58
18,Dead by Daylight,3,2019,8316951,399755,35758,1042,39926,11193,538,20.81
19,Old School RuneScape,3,2019,7456104,122999,83930,271,11018,10035,165,60.62
20,Magic: The Gathering,3,2019,7127038,80342,155987,202,8312,9592,108,88.71
21,Auto Chess,3,2019,6703649,67219,65070,294,7808,9022,90,99.73
22,Devil May Cry 5,3,2019,6436745,252934,140428,2636,37492,8663,340,25.45
23,Music,3,2019,5766956,240590,20933,448,14865,7761,323,23.97
24,StarCraft II,3,2019,5698747,70788,69828,159,6755,7669,95,80.5
25,Super Smash Bros. Ultimate,3,2019,5628744,116735,77985,439,13048,7575,157,48.22
26,Talk Shows & Podcasts,3,2019,5548386,75737,295875,271,14001,7467,101,73.26
27,Minecraft,3,2019,5431901,391789,38962,1013,61985,7310,527,13.86
28,Slots,3,2019,4770110,39403,30179,97,2866,6420,53,121.06
29,Poker,3,2019,4582040,64254,26349,214,3761,6166,86,71.31
30,Sea of Thieves,3,2019,4440492,183332,57195,628,18786,5976,246,24.22
31,Art,3,2019,4367859,274736,16904,593,29026,5878,369,15.9
32,Satisfactory,3,2019,4167389,125813,59800,1348,14369,5608,169,33.12
33,Destiny 2,3,2019,3825077,333963,33877,1691,33785,5148,449,11.45
34,Special Events,3,2019,3794901,14526,86771,73,2605,5107,19,261.25
35,Battlefield V,3,2019,3729617,137867,144098,1739,38658,5019,185,27.05
36,Rocket League,3,2019,3634355,265268,37946,720,60668,4891,357,13.7
37,World of Tanks,3,2019,3239659,124172,20075,372,9910,4360,167,26.09
38,Warcraft III,3,2019,3100317,42680,38299,101,2762,4172,57,72.64
39,Black Desert Online,3,2019,2891352,138528,13922,264,9632,3891,186,20.87
40,Escape From Tarkov,3,2019,2819574,161380,27671,437,10335,3794,217,17.47
41,ASMR,3,2019,2767352,37775,8833,73,1526,3724,50,73.26
42,Games + Demos,3,2019,2599357,40969,32907,112,7257,3498,55,63.45
43,FINAL FANTASY XIV Online,3,2019,2395613,157226,132239,534,12554,3224,211,15.24
44,Always On,3,2019,2383826,7605,20304,16,36,3208,10,313.46
45,Street Fighter V,3,2019,2315502,31213,55515,88,3441,3116,42,74.18
46,Rust,3,2019,2281670,108990,34709,389,11714,3070,146,20.93
47,Pogostuck: Rage With Your Friends,3,2019,2154062,9305,56700,56,2417,2899,12,231.5
48,NBA 2K19,3,2019,2139748,241366,19125,708,35661,2879,324,8.87
49,SMITE,3,2019,2009232,129272,12159,342,14474,2704,173,15.54
50,Anthem,3,2019,1948079,163529,31174,846,21706,2621,220,11.91
51,Heroes of the Storm,3,2019,1891924,73064,13775,190,6726,2546,98,25.89
52,Resident Evil 2,3,2019,1868911,114047,30640,398,20856,2515,153,16.39
53,The Elder Scrolls Online,3,2019,1819193,73762,18822,205,6916,2448,99,24.66
54,Warframe,3,2019,1811886,138906,47990,323,14504,2438,186,13.04
55,Dungeons & Dragons,3,2019,1764327,43859,64017,221,4239,2374,59,40.23
56,Tibia,3,2019,1704988,69833,9958,175,3830,2294,93,24.42
57,Heroes of Might and Magic III: The Shadow of Death,3,2019,1668334,12260,13165,41,841,2245,16,136.08
58,Dark Souls III,3,2019,1632070,94156,20700,229,14322,2196,126,17.33
59,Retro,3,2019,1576945,88293,9049,193,6366,2122,118,17.86
60,World of Warships,3,2019,1501424,51961,7274,144,4355,2020,69,28.9
61,Science & Technology,3,2019,1412153,74176,15082,182,6154,1900,99,19.04
62,Mortal Kombat 11,3,2019,1355418,11893,54538,201,2372,1824,16,113.97
63,Chess,3,2019,1317818,17838,35609,66,1600,1773,24,73.88
64,Trials Rising,3,2019,1312787,18614,32624,99,3318,1766,25,70.53
65,Marbles On Stream,3,2019,1302220,35930,13107,106,5289,1752,48,36.24
66,Outward,3,2019,1266745,20217,33927,253,3320,1704,27,62.66
67,Z1: Battle Royale,3,2019,1248104,65452,50219,580,10409,1679,88,19.07
68,Tekken 7,3,2019,1197400,42427,22975,158,7368,1611,57,28.22
69,Super Mario Maker,3,2019,1177138,13649,11092,54,847,1584,18,86.24
70,Slay the Spire,3,2019,1097796,20305,10831,57,3684,1477,27,54.07
71,Metro Exodus,3,2019,1095011,59616,13762,304,10958,1473,80,18.37
72,The Legend of Zelda: Ocarina of Time,3,2019,1094554,32180,12059,156,2574,1473,43,34.01
73,VRChat,3,2019,1087746,55885,21051,179,5875,1463,75,19.46
74,Knight Online,3,2019,1044710,16559,14186,59,1203,1406,22,63.09
75,ARK: Survival Evolved,3,2019,1042250,114138,5162,330,9411,1402,153,9.13
76,Atlas,3,2019,1017048,24731,11535,100,1480,1368,33,41.12
77,Subnautica,3,2019,1013746,39976,26474,129,6690,1364,53,25.36
78,osu!,3,2019,1007134,145147,15916,386,29671,1355,195,6.94
79,Risk of Rain 2,3,2019,1003039,40920,39442,871,9717,1349,55,24.51
80,Dark Souls,3,2019,971768,40164,18655,107,5255,1307,54,24.2
81,Madden NFL 19,3,2019,926477,126464,16348,515,18330,1246,170,7.33
82,Travel & Outdoors,3,2019,917662,63720,28922,205,24319,1235,85,14.4
83,Gwent: The Witcher Card Game,3,2019,912797,13847,19555,84,1233,1228,18,65.92
84,MLB The Show 19,3,2019,907332,12195,26978,326,4557,1221,16,74.4
85,Food & Drink,3,2019,901914,14692,8888,50,3757,1213,19,61.39
86,Arma 3,3,2019,891582,63597,37017,309,6288,1199,85,14.02
87,The Sims 4,3,2019,890954,54630,12545,141,9590,1199,73,16.31
88,The Binding of Isaac: Afterbirth,3,2019,849205,22084,33079,64,3895,1142,29,38.45
89,Tropico 6,3,2019,844615,7556,30684,160,1497,1136,10,111.78
90,Super Mario World,3,2019,841129,16370,18656,56,1723,1132,22,51.38
91,PUBG Mobile,3,2019,838564,138833,7847,333,17437,1128,186,6.04
92,The Legend of Zelda: Breath of the Wild,3,2019,838446,38894,13351,112,3830,1128,52,21.56
93,Bloodborne,3,2019,835141,44508,12768,127,7132,1124,59,18.76
94,Lineage II: The Chaotic Throne - The 1st Throne: The Kamael,3,2019,781389,30120,11251,96,1581,1051,40,25.94
95,"Pok<U+00E9>mon: Let's Go, Pikachu!",3,2019,758821,36179,6588,105,3715,1021,48,20.97
96,Summoners War: Sky Arena,3,2019,745168,17181,5218,54,1069,1002,23,43.37
97,Age of Empires II,3,2019,742377,16021,8566,52,1976,999,21,46.34
98,Stardew Valley,3,2019,731002,58688,8380,146,9349,983,78,12.46
99,TETRIS 99,3,2019,721656,15213,20498,82,3928,971,20,47.44
100,DayZ,3,2019,711391,43206,7180,138,4274,957,58,16.47
101,Borderlands 2,3,2019,708859,50301,93933,361,9779,954,67,14.09
102,Crypto,3,2019,703151,15741,2435,31,186,946,21,44.67
103,Darkest Dungeon,3,2019,696533,26382,7504,79,3501,937,35,26.4
104,Monster Hunter: World,3,2019,674464,72753,2188,161,11754,907,97,9.27
105,Sid Meier's Civilization VI,3,2019,669539,24260,13887,75,3379,901,32,27.6
106,Dead or Alive 6,3,2019,667851,21260,30823,139,3463,898,28,31.41
107,RimWorld,3,2019,659217,28206,4717,80,2792,887,37,23.37
108,Star Citizen,3,2019,649385,22524,10903,105,1993,874,30,28.83
109,Kageroh: Shadow Corridor,3,2019,634202,2620,21236,28,438,853,3,242.06
110,Dragon Ball FighterZ,3,2019,627433,25657,14695,107,5675,844,34,24.45
111,Pathfinder: Kingmaker,3,2019,619640,4183,15692,25,373,833,5,148.13
112,Dawn of Man,3,2019,613272,15783,31980,110,2465,825,21,38.86
113,Eternal Card Game,3,2019,600187,5999,4205,21,396,807,8,100.05
114,They Are Billions,3,2019,599709,7838,12133,26,944,807,10,76.51
115,TrackMania 2: Stadium,3,2019,592483,4918,23351,33,903,797,6,120.47
116,The Witcher 3: Wild Hunt,3,2019,578997,51074,13004,151,7219,779,68,11.34
117,RuneScape,3,2019,574623,35950,6391,94,3915,773,48,15.98
118,Diablo III,3,2019,563261,53985,6426,143,7011,758,72,10.43
119,Conan Exiles,3,2019,560781,34693,5598,126,3238,754,46,16.16
120,Don't Starve Together,3,2019,560749,27170,9277,92,3772,754,36,20.64
121,The Elder Scrolls V: Skyrim,3,2019,560721,68943,10838,173,10354,754,92,8.13
122,ASTRONEER,3,2019,550548,21059,6420,75,3473,740,28,26.14
123,Spellbreak,3,2019,544763,21629,52012,82,4312,733,29,25.19
124,Euro Truck Simulator 2,3,2019,541083,74406,13346,311,8931,728,100,7.27
125,Devil May Cry 4: Special Edition,3,2019,504267,10628,17805,90,2376,678,14,47.45
126,Kenshi,3,2019,503639,12815,11292,39,1417,677,17,39.3
127,Space Engineers,3,2019,501492,25406,6805,91,2800,674,34,19.74
128,Diablo II: Lord of Destruction,3,2019,495143,16171,6027,44,1263,666,21,30.62
129,Epic Seven,3,2019,492679,16184,5027,55,1041,663,21,30.44
130,Baba is You,3,2019,491779,9751,14844,55,2168,661,13,50.43
131,MapleStory,3,2019,489484,33154,7009,88,2454,658,44,14.76
132,Realm Royale,3,2019,489354,81852,5485,199,11516,658,110,5.98
133,Super Mario 64,3,2019,486983,14194,12143,51,1685,655,19,34.31
134,LOST ARK,3,2019,486366,29701,4279,154,1151,654,39,16.38
135,Hearts of Iron IV,3,2019,481427,16736,6938,87,2129,647,22,28.77
136,Red Dead Redemption 2,3,2019,479336,95151,5984,244,15900,645,128,5.04
137,Clash Royale,3,2019,475417,9884,6934,37,1693,639,13,48.1
138,Pummel Party,3,2019,465796,7643,49317,42,2794,626,10,60.94
139,Farming Simulator 19,3,2019,463953,35656,11869,118,3863,624,47,13.01
140,Roblox,3,2019,462409,86471,9203,264,18881,622,116,5.35
141,Twitch Sings,3,2019,458010,21117,11894,122,4133,616,28,21.69
142,Paladins,3,2019,451826,61844,6901,160,10287,608,83,7.31
143,Super Smash Bros. Melee,3,2019,444950,11033,15369,49,1882,598,14,40.33
144,For Honor,3,2019,431300,59108,4834,169,12689,580,79,7.3
145,Guild Wars 2,3,2019,429797,34662,3868,113,3161,578,46,12.4
146,Halo: The Master Chief Collection,3,2019,429065,34430,10121,119,4764,577,46,12.46
147,iRacing,3,2019,428696,33614,2784,360,2622,576,45,12.75
148,Hollow Knight,3,2019,428062,36036,6665,116,5044,576,48,11.88
149,Kartrider,3,2019,424658,16090,22539,85,2679,571,21,26.39
150,Call of Duty: Modern Warfare Remastered,3,2019,419137,104207,33876,460,33462,564,140,4.02
151,Ring Of Elysium,3,2019,418539,62926,6017,205,7455,563,84,6.65
152,Shadowverse,3,2019,414826,15559,8982,88,1117,558,20,26.66
153,Grim Dawn,3,2019,414371,14903,12774,161,1497,557,20,27.8
154,Pok<U+00E9>mon Trading Card Game,3,2019,407472,3394,3558,16,499,548,4,120.06
155,Europa Universalis IV,3,2019,406289,11717,4930,44,1010,546,15,34.68
156,7 Days to Die,3,2019,400180,48803,4767,131,4816,538,65,8.2
157,Wrestling,3,2019,397692,4024,15284,18,155,535,5,98.83
158,A Dance of Fire and Ice,3,2019,395310,8576,22735,62,3595,532,11,46.09
159,Grand Theft Auto: San Andreas,3,2019,393879,16946,7597,67,3517,530,22,23.24
160,Makers & Crafting,3,2019,393195,33170,10670,90,2952,529,44,11.85
161,Dark Souls II: Scholar of the First Sin,3,2019,392685,21981,13363,65,2889,528,29,17.86
162,The Legend of Zelda: A Link to the Past,3,2019,388673,24019,5376,110,1829,523,32,16.18
163,The Legend of Zelda: Majora's Mask,3,2019,385315,8789,4719,36,788,518,11,43.84
164,Terraria,3,2019,379615,36074,13862,98,6100,510,48,10.52
165,Skylanders: Ring of heroes,3,2019,378704,7229,10208,28,428,509,9,52.39
166,The Walking Dead: The Final Season,3,2019,376151,6602,24728,174,2772,506,8,56.98
167,UNO,3,2019,369607,5402,121632,46,3598,497,7,68.42
168,Splatoon 2,3,2019,365063,33366,8233,217,3376,491,44,10.94
169,Super Mario Odyssey,3,2019,362354,11764,8663,47,1311,487,15,30.8
170,M.U.G.E.N,3,2019,358169,3167,11499,8,94,482,4,113.09
171,Factorio,3,2019,353528,28019,3549,108,3123,475,37,12.62
172,Kingdom Hearts III,3,2019,350603,28596,6415,124,4095,471,38,12.26
173,Gears of War 4,3,2019,346922,35605,4630,129,4633,466,47,9.74
174,Beat Saber,3,2019,341423,40226,6844,128,10464,459,54,8.49
175,Brawl Stars,3,2019,340711,22964,17788,76,3988,458,30,14.84
176,Metin2,3,2019,332764,17305,2426,68,1424,447,23,19.23
177,My Time at Portia,3,2019,331391,11831,13776,40,1359,446,15,28.01
178,Blade & Soul,3,2019,329287,31119,9837,103,2437,443,41,10.58
179,Devil May Cry 3: Special Edition,3,2019,328558,2823,16383,22,572,442,3,116.39
180,Football Manager 2019,3,2019,316428,16945,7225,63,1274,425,22,18.67
181,The Forest,3,2019,315255,43055,6990,156,8656,424,57,7.32
182,StarCraft,3,2019,313967,11803,11868,34,1120,422,15,26.6
183,Mario Kart 8,3,2019,312170,12372,6121,61,3245,420,16,25.23
184,Tetris,3,2019,310233,9336,22667,48,2802,417,12,33.23
185,Dofus,3,2019,305677,13126,2834,47,1258,411,17,23.29
186,HALF DEAD 2,3,2019,303233,1293,25071,16,615,408,1,234.52
187,Yu-Gi-Oh! Duel Links,3,2019,295245,11496,3942,45,1573,397,15,25.68
188,Generation Zero,3,2019,294832,14825,24289,368,3392,396,19,19.89
189,Russian Fishing 4,3,2019,284330,17723,1102,58,823,382,23,16.04
190,Outlaws of the Old West,3,2019,283490,18565,8127,116,1823,381,24,15.27
191,Fallout 76,3,2019,281747,44243,5511,131,5525,379,59,6.37
192,Slime Rancher,3,2019,279979,36511,23423,251,10243,376,49,7.67
193,Tabletop Simulator,3,2019,276404,6832,16406,32,1810,372,9,40.46
194,Garry's Mod,3,2019,272891,21893,10530,86,6022,367,29,12.46
195,Far Cry New Dawn,3,2019,266051,26660,11016,131,7004,358,35,9.98
196,War Thunder,3,2019,262845,36381,2361,114,4961,353,48,7.22
197,Cities: Skylines,3,2019,262460,17562,4963,58,3358,353,23,14.94
198,Golf It!,3,2019,260457,3426,30477,23,1509,350,4,76.02
199,Arena of Valor,3,2019,259380,7214,6769,24,879,349,9,35.96
200,Intruder,3,2019,256499,1117,32687,14,348,345,1,229.63
1,Fortnite,4,2019,100443090,7536634,465998,21968,884315,139698,10482,13.33
2,League of Legends,4,2019,92428052,1978924,548157,4008,172848,128550,2752,46.71
3,Grand Theft Auto V,4,2019,83055988,727591,256096,1868,79087,115515,1011,114.15
4,Just Chatting,4,2019,58637850,862890,219754,1848,135011,81554,1200,67.96
5,Hearthstone,4,2019,34381371,195599,278075,1572,25124,47818,272,175.77
6,Counter-Strike: Global Offensive,4,2019,30853367,845555,313013,2295,127669,42911,1176,36.49
7,Dota 2,4,2019,29498775,450484,146659,1330,36752,41027,626,65.48
8,Overwatch,4,2019,28601463,788023,185196,2534,102724,39779,1095,36.3
9,Apex Legends,4,2019,25099028,2009967,199116,5000,259932,34908,2795,12.49
10,PLAYERUNKNOWN'S BATTLEGROUNDS,4,2019,20687517,846962,134191,1937,73993,28772,1177,24.43
11,World of Warcraft,4,2019,17304829,631891,99545,2475,44269,24067,878,27.39
12,Sekiro: Shadows Die Twice,4,2019,12742668,363484,91302,1456,63530,17722,505,35.06
13,Auto Chess,4,2019,10354752,142261,51914,348,12964,14401,197,72.79
14,FIFA 19,4,2019,10112664,247164,109147,944,42988,14064,343,40.91
15,Tom Clancy's Rainbow Six Siege,4,2019,8271980,729483,48981,1791,122071,11504,1014,11.34
16,Dead by Daylight,4,2019,8217973,402932,42579,914,42838,11429,560,20.4
17,Call of Duty: Black Ops 4,4,2019,7688262,850749,72152,4238,104618,10692,1183,9.04
18,Magic: The Gathering,4,2019,6916495,102356,49051,431,11202,9619,142,67.57
19,Mortal Kombat 11,4,2019,6832396,130963,202719,2195,30095,9502,182,52.17
20,Escape From Tarkov,4,2019,6618508,220037,44420,921,14174,9205,306,30.08
21,Minecraft,4,2019,6147358,429837,36014,1222,70852,8549,597,14.3
22,Music,4,2019,5643083,234755,24250,457,14476,7848,326,24.04
23,Old School RuneScape,4,2019,5535080,115159,30328,273,9655,7698,160,48.06
24,Rocket League,4,2019,5366151,263789,67750,710,60861,7463,366,20.34
25,Days Gone,4,2019,5253076,113427,132741,1857,19698,7306,157,46.31
26,Anno 1800,4,2019,5244086,86428,73394,854,9585,7293,120,60.68
27,Slots,4,2019,4900609,38666,29675,112,2451,6815,53,126.74
28,StarCraft II,4,2019,4724607,68456,37817,166,7008,6571,95,69.02
29,Super Smash Bros. Ultimate,4,2019,4485192,107443,64983,771,13277,6238,149,41.74
30,Tom Clancy's The Division 2,4,2019,4286613,363166,32467,1719,48582,5961,505,11.8
31,Talk Shows & Podcasts,4,2019,4187971,70882,32822,185,12269,5824,98,59.08
32,Twitch Presents,4,2019,4177306,4197,22261,7,18,5809,5,995.31
33,Path of Exile,4,2019,4152340,165354,25487,461,13510,5775,229,25.11
34,Art,4,2019,4038132,269002,14446,582,28685,5616,374,15.01
35,World War Z,4,2019,3695291,132697,135162,1182,30069,5139,184,27.85
36,Poker,4,2019,3623460,52805,38930,223,3531,5039,73,68.62
37,Risk of Rain 2,4,2019,3399597,172229,46400,766,30128,4728,239,19.74
38,Destiny 2,4,2019,3159898,276886,16638,856,29317,4394,385,11.41
39,ASMR,4,2019,2951275,38058,22549,75,1469,4104,52,77.55
40,World of Tanks,4,2019,2728814,117798,14132,384,9549,3795,163,23.17
41,Black Desert Online,4,2019,2463155,127755,7387,279,8491,3425,177,19.28
42,The Elder Scrolls Online,4,2019,2366305,85336,22789,219,8130,3291,118,27.73
43,NBA 2K19,4,2019,2339182,226290,33120,694,35572,3253,314,10.34
44,Warcraft III,4,2019,2261762,39118,29812,96,2627,3145,54,57.82
45,Games + Demos,4,2019,2033558,37102,39016,105,6534,2828,51,54.81
46,Sea of Thieves,4,2019,1995466,119755,79473,1450,15761,2775,166,16.66
47,FINAL FANTASY XIV Online,4,2019,1932550,161263,15815,564,13186,2687,224,11.98
48,Chess,4,2019,1907161,17608,32143,72,1511,2652,24,108.31
49,Retro,4,2019,1880612,87441,13121,199,6315,2615,121,21.51
50,SMITE,4,2019,1877327,128841,11127,349,14557,2611,179,14.57
51,Dungeons & Dragons,4,2019,1873547,39050,66686,219,4047,2605,54,47.98
52,Rust,4,2019,1862996,104273,14509,365,11367,2591,145,17.87
53,Heroes of the Storm,4,2019,1801826,78625,16873,194,7331,2506,109,22.92
54,Special Events,4,2019,1790118,13000,50096,73,2734,2489,18,137.7
55,Borderlands,4,2019,1772278,80946,30059,834,12746,2464,112,21.89
56,Outward,4,2019,1760360,51218,34644,212,5947,2448,71,34.37
57,World of Warships,4,2019,1757477,54618,17142,166,4796,2444,75,32.18
58,Tibia,4,2019,1754742,71327,6898,185,3999,2440,99,24.6
59,Battlefield V,4,2019,1673955,125766,40641,508,31553,2328,174,13.31
60,MLB The Show 19,4,2019,1624041,31182,17406,127,8365,2258,43,52.08
61,Enter the Gungeon,4,2019,1554677,41401,28321,178,8651,2162,57,37.55
62,Forager,4,2019,1476853,31510,40990,193,5046,2054,43,46.87
63,Street Fighter V,4,2019,1456108,30937,43837,81,3663,2025,43,47.07
64,Tropico 6,4,2019,1430320,20519,19312,132,2888,1989,28,69.71
65,My Summer Car,4,2019,1388567,4535,34932,21,649,1931,6,306.19
66,DayZ,4,2019,1372070,59456,29260,178,6435,1908,82,23.08
67,Borderlands 2,4,2019,1312009,121828,12277,441,22465,1824,169,10.77
68,Madden NFL 19,4,2019,1305221,92388,96944,396,14677,1815,128,14.13
69,Science & Technology,4,2019,1303690,75505,13267,221,6061,1813,105,17.27
70,Warframe,4,2019,1300975,133078,45083,326,14433,1809,185,9.78
71,Travel & Outdoors,4,2019,1268910,69080,14119,184,27939,1764,96,18.37
72,Marbles On Stream,4,2019,1210390,32738,12882,112,4443,1683,45,36.97
73,ARK: Survival Evolved,4,2019,1181005,115444,4666,309,9601,1642,160,10.23
74,Lineage II: The Chaotic Throne - The 1st Throne: The Kamael,4,2019,1132396,39248,18193,253,2187,1574,54,28.85
75,osu!,4,2019,1074604,139518,14439,343,29400,1494,194,7.7
76,Food & Drink,4,2019,1063097,13718,29836,41,3656,1478,19,77.5
77,Super Mario 64,4,2019,1056547,16775,20127,58,1934,1469,23,62.98
78,Satisfactory,4,2019,1047098,63157,16088,316,7576,1456,87,16.58
79,Tekken 7,4,2019,1046841,38912,23203,91,6574,1455,54,26.9
80,Heroes of Might and Magic III: The Shadow of Death,4,2019,1036492,10940,10861,45,676,1441,15,94.74
81,Twitch Sings,4,2019,1026645,37496,35174,169,10359,1427,52,27.38
82,VRChat,4,2019,981770,54121,13372,178,5723,1365,75,18.14
83,Super Mario Maker,4,2019,967135,12098,9410,42,716,1345,16,79.94
84,PUBG Mobile,4,2019,923277,132865,8013,339,16911,1284,184,6.95
85,Miscreated,4,2019,908983,3551,26915,43,608,1264,4,255.98
86,Dark Souls III,4,2019,906852,69462,7151,181,11502,1261,96,13.06
87,Age of Empires II,4,2019,902392,14734,18811,47,1863,1255,20,61.25
88,The Legend of Zelda: Ocarina of Time,4,2019,892756,31954,9574,161,2641,1241,44,27.94
89,Conan Exiles,4,2019,865934,113841,4222,351,16225,1204,158,7.61
90,MORDHAU,4,2019,862659,8874,87400,386,2620,1199,12,97.21
91,Monster Hunter: World,4,2019,851807,83985,11118,231,13537,1184,116,10.14
92,Super Smash Bros. Melee,4,2019,810623,10998,76022,46,1823,1127,15,73.71
93,Star Citizen,4,2019,806725,29196,8334,106,2857,1122,40,27.63
94,Arma 3,4,2019,800342,57576,12197,282,6032,1113,80,13.9
95,Gwent: The Witcher Card Game,4,2019,796196,13466,7475,44,1242,1107,18,59.13
96,RuneScape,4,2019,779747,33502,6333,82,3741,1084,46,23.27
97,Summoners War: Sky Arena,4,2019,764470,16796,8202,51,1091,1063,23,45.52
98,Imperator: Rome,4,2019,759356,9003,14561,257,1209,1056,12,84.34
99,RimWorld,4,2019,754214,25970,10387,70,2634,1048,36,29.04
100,Resident Evil 2,4,2019,731195,54205,7613,161,10479,1016,75,13.49
101,The Sims 4,4,2019,724911,44867,11635,121,8293,1008,62,16.16
102,Stardew Valley,4,2019,724044,54475,12749,132,8973,1007,75,13.29
103,Pathfinder: Kingmaker,4,2019,723548,4396,12222,22,408,1006,6,164.59
104,Gears of War 4,4,2019,718052,33780,28910,131,4724,998,46,21.26
105,Totally Accurate Battle Simulator,4,2019,715213,5839,33236,34,2275,994,8,122.49
106,Always On,4,2019,702421,5062,4995,9,21,976,7,138.76
107,Grim Dawn,4,2019,691233,25161,6774,79,2006,961,34,27.47
108,Albion Online,4,2019,688748,46886,5039,160,5301,957,65,14.69
109,Diablo III,4,2019,680777,47474,15167,133,6503,946,66,14.34
110,StarCraft,4,2019,679319,12348,26015,38,1089,944,17,55.01
111,Mount & Blade: Warband,4,2019,667529,7709,12854,31,1361,928,10,86.59
112,Slay the Spire,4,2019,666179,14018,7720,38,2786,926,19,47.52
113,Katana ZERO,4,2019,665019,10328,28571,98,2607,924,14,64.39
114,Super Mario World,4,2019,649664,14409,14643,49,1464,903,20,45.09
115,Atlas,4,2019,645527,33234,4985,126,1909,897,46,19.42
116,The Elder Scrolls V: Skyrim,4,2019,637490,67659,8783,184,10359,886,94,9.42
117,Total War: Warhammer II,4,2019,623986,19040,8098,117,2057,867,26,32.77
118,Persona 5,4,2019,612856,17544,8588,73,2368,852,24,34.93
119,Crypto,4,2019,606289,16697,11098,31,194,843,23,36.31
120,Yoshi's Crafted World,4,2019,594053,9498,12884,61,1699,826,13,62.55
121,Dark Souls,4,2019,593238,32756,13718,94,4379,825,45,18.11
122,Fitness & Health,4,2019,590802,5274,50102,27,1417,821,7,112.02
123,Roblox,4,2019,581935,96096,6635,278,21055,809,133,6.06
124,Diablo II: Lord of Destruction,4,2019,574126,13346,6057,49,1143,798,18,43.02
125,Princess Connect! Re:Dive,4,2019,572047,7906,13731,49,602,795,10,72.36
126,Hollow Knight,4,2019,553956,26868,10059,76,3786,770,37,20.62
127,"Pok<U+00E9>mon: Let's Go, Pikachu!",4,2019,545506,30591,5822,89,3062,758,42,17.83
128,The Binding of Isaac: Afterbirth,4,2019,541644,19093,8963,60,3469,753,26,28.37
129,Dragon Ball FighterZ,4,2019,539064,24030,18169,84,5427,749,33,22.43
130,The Legend of Zelda: Breath of the Wild,4,2019,535217,31120,10789,87,3215,744,43,17.2
131,Realm Royale,4,2019,525531,77247,6720,193,11003,730,107,6.8
132,The Elder Scrolls: Legends,4,2019,512849,8136,13332,35,530,713,11,63.03
133,Paladins,4,2019,508419,63377,5268,163,11418,707,88,8.02
134,MapleStory,4,2019,505935,31947,4079,88,2440,703,44,15.84
135,Garry's Mod,4,2019,496350,22189,55605,90,5871,690,30,22.37
136,Epic Seven,4,2019,495098,15450,6739,103,1140,688,21,32.05
137,The Witcher 3: Wild Hunt,4,2019,492038,48317,10922,156,7278,684,67,10.18
138,Eternal Card Game,4,2019,485632,4859,2473,17,352,675,6,99.94
139,Terraria,4,2019,462434,37830,17440,114,6851,643,52,12.22
140,Cities: Skylines,4,2019,460173,18851,12529,57,3644,640,26,24.41
141,Bloodborne,4,2019,459728,35919,14414,104,6272,639,49,12.8
142,For Honor,4,2019,458205,48204,23641,137,9817,637,67,9.51
143,Pok<U+00E9>mon Trading Card Game,4,2019,449038,4150,8317,18,578,624,5,108.2
144,Euro Truck Simulator 2,4,2019,447864,64691,6887,251,8614,622,89,6.92
145,The Legend of Zelda: A Link to the Past,4,2019,441155,22289,7493,101,1761,613,31,19.79
146,iRacing,4,2019,430885,29712,8558,129,2472,599,41,14.5
147,The Forest,4,2019,429393,35647,19933,107,7883,597,49,12.05
148,Sid Meier's Civilization VI,4,2019,428115,13367,8223,45,2038,595,18,32.03
149,LOST ARK,4,2019,423876,22781,8294,102,1004,589,31,18.61
150,Guild Wars 2,4,2019,416325,34086,2144,94,3223,579,47,12.21
151,Shadowverse,4,2019,412696,15868,6843,59,1261,573,22,26.01
152,Knight Online,4,2019,411080,10568,4740,44,795,571,14,38.9
153,Grand Theft Auto: San Andreas,4,2019,396643,17655,12794,53,3565,551,24,22.47
154,Makers & Crafting,4,2019,390281,30833,7921,86,2726,542,42,12.66
155,Yuppie Psycho,4,2019,388020,1156,33399,29,233,539,1,335.66
156,Clash Royale,4,2019,387965,10042,17833,40,1899,539,13,38.63
157,Baba is You,4,2019,386564,8372,12312,30,1846,537,11,46.17
158,Halo: The Master Chief Collection,4,2019,384999,34839,8609,127,4784,535,48,11.05
159,Pagan Online,4,2019,382264,7833,28830,75,1141,531,10,48.8
160,Splatoon 2,4,2019,376784,33079,3071,211,3238,524,46,11.39
161,The Last of Us,4,2019,374120,18999,11817,54,1332,520,26,19.69
162,Just Dance 2019,4,2019,368071,3642,45484,18,779,511,5,101.06
163,Don't Starve Together,4,2019,366130,24522,7530,74,3716,509,34,14.93
164,Metin2,4,2019,362010,18632,2038,74,1487,503,25,19.43
165,Friday the 13th: The Game,4,2019,361016,20614,26566,105,4734,502,28,17.51
166,Yu-Gi-Oh! Duel Links,4,2019,358592,12259,2527,40,1737,498,17,29.25
167,Supraland,4,2019,354066,5285,27524,32,1139,492,7,66.99
168,TrackMania 2: Stadium,4,2019,352754,4384,19683,28,814,490,6,80.46
169,Arena of Valor,4,2019,333523,7010,6417,28,881,463,9,47.58
170,Darkest Dungeon,4,2019,327256,16838,5094,52,2451,455,23,19.44
171,Devil May Cry 5,4,2019,326924,41651,15507,212,9700,454,57,7.85
172,Red Dead Redemption 2,4,2019,322566,72721,4322,187,12640,448,101,4.44
173,Pummel Party,4,2019,319390,5165,29326,35,2081,444,7,61.84
174,Monopoly Plus,4,2019,319135,4775,64551,35,1765,443,6,66.83
175,M.U.G.E.N,4,2019,318905,3196,748,8,72,443,4,99.78
176,Quake Champions,4,2019,317175,17270,11594,52,2205,441,24,18.37
177,Football Manager 2019,4,2019,316762,15076,19657,62,1250,440,20,21.01
178,Prominence Poker,4,2019,315572,3740,25841,24,998,438,5,84.38
179,Ring Of Elysium,4,2019,314114,53873,2534,172,6369,436,74,5.83
180,The Elder Scrolls IV: Oblivion,4,2019,312631,5372,27248,23,907,434,7,58.2
181,Final Fantasy VII,4,2019,312119,13814,9159,50,1782,434,19,22.59
182,Farming Simulator 19,4,2019,309582,34473,6951,121,3850,430,47,8.98
183,UNO,4,2019,306182,8741,24327,56,5786,425,12,35.03
184,Star Wars Battlefront II,4,2019,303413,23569,40713,83,9070,421,32,12.87
185,Mario Kart 8,4,2019,303367,12272,30212,55,3140,421,17,24.72
186,Beat Saber,4,2019,299444,34661,18248,107,9265,416,48,8.64
187,Russian Fishing 4,4,2019,298996,18914,1636,64,916,415,26,15.81
188,7 Days to Die,4,2019,298469,42774,1100,132,4432,415,59,6.98
189,Kartrider,4,2019,290990,14414,6024,83,2295,404,20,20.19
190,The Legend of Zelda: Majora's Mask,4,2019,290141,5926,5720,27,577,403,8,48.96
191,Pok<U+00E9>mon Ultra Sun/Ultra Moon,4,2019,287179,9279,8122,27,844,399,12,30.95
192,Catherine,4,2019,283719,1758,11983,9,317,394,2,161.39
193,TETRIS 99,4,2019,281280,8339,37202,56,2272,391,11,33.73
194,Dofus,4,2019,275706,11904,1920,40,1037,383,16,23.16
195,My Twin Brother Made Me Crossdress As Him and Now I Have to Deal with a Geeky Stalker and a Domme Beauty Who Want Me in a Bind!!,4,2019,269698,134,35249,10,40,375,0,2012.67
196,Anthem,4,2019,268372,28870,8263,108,4344,373,40,9.3
197,Assassin's Creed: Odyssey,4,2019,266765,34441,5470,145,7904,371,47,7.75
198,Trials Rising,4,2019,265964,6939,8529,27,1133,369,9,38.33
199,Hunt: Showdown,4,2019,264835,23150,11995,81,2430,368,32,11.44
200,Forza Horizon 4,4,2019,259660,31901,9391,106,8243,361,44,8.14
1,Fortnite,5,2019,107228121,6801136,590940,51473,846724,144317,9153,15.77
2,League of Legends,5,2019,102843574,2119997,816163,4081,181289,138416,2853,48.51
3,Grand Theft Auto V,5,2019,74723749,739013,184274,1806,79099,100570,994,101.11
4,Just Chatting,5,2019,60652701,894976,194008,1834,139132,81632,1204,67.77
5,Dota 2,5,2019,46710399,490819,402168,1257,37723,62867,660,95.17
6,World of Warcraft,5,2019,40716238,713266,207693,2812,53664,54799,959,57.08
7,Counter-Strike: Global Offensive,5,2019,29661382,860011,234864,2268,129622,39921,1157,34.49
8,Overwatch,5,2019,24738341,843717,260129,2133,106609,33295,1135,29.32
9,Hearthstone,5,2019,24588335,172703,86318,541,21818,33093,232,142.37
10,PLAYERUNKNOWN'S BATTLEGROUNDS,5,2019,23786386,979620,117161,2071,86148,32013,1318,24.28
11,Apex Legends,5,2019,13976089,1373679,64389,3109,175115,18810,1848,10.17
12,Auto Chess,5,2019,12136160,135827,60338,324,12948,16333,182,89.35
13,FIFA 19,5,2019,10789811,263902,134539,1192,44941,14521,355,40.89
14,Tom Clancy's Rainbow Six Siege,5,2019,9522903,747799,135807,1753,122817,12816,1006,12.73
15,Minecraft,5,2019,8918471,571032,75748,1467,95355,12003,768,15.62
16,Call of Duty: Black Ops 4,5,2019,8725435,820982,91531,1964,98719,11743,1104,10.63
17,Dead by Daylight,5,2019,8467611,425553,56597,998,43860,11396,572,19.9
18,Magic: The Gathering,5,2019,7561593,112916,59137,294,12038,10177,151,66.97
19,Slots,5,2019,6434229,48639,34182,113,2315,8659,65,132.29
20,MORDHAU,5,2019,5969709,179612,50641,544,28649,8034,241,33.24
21,Music,5,2019,5811233,242131,22161,449,14399,7821,325,24.0
22,Rocket League,5,2019,5808738,282468,116136,667,64145,7817,380,20.56
23,Poker,5,2019,5652929,56838,32709,215,3437,7608,76,99.46
24,Escape From Tarkov,5,2019,5470061,218099,32931,494,12878,7362,293,25.08
25,Total War: Three Kingdoms,5,2019,5419651,45669,62063,514,4856,7294,61,118.67
26,The Elder Scrolls Online,5,2019,5406021,113417,48666,331,10854,7275,152,47.66
27,Mortal Kombat 11,5,2019,5187479,138089,71130,640,30189,6981,185,37.57
28,StarCraft II,5,2019,4925622,69016,67168,153,6704,6629,92,71.37
29,Talk Shows & Podcasts,5,2019,4733507,69518,77204,199,11779,6370,93,68.09
30,Old School RuneScape,5,2019,4671436,113720,41884,247,9436,6287,153,41.08
31,Art,5,2019,4327478,275929,17508,584,29376,5824,371,15.68
32,Sea of Thieves,5,2019,4301237,210462,58713,1254,25264,5789,283,20.44
33,Destiny 2,5,2019,4104665,300600,29091,869,31304,5524,404,13.65
34,Days Gone,5,2019,3899042,197896,51296,853,22992,5247,266,19.7
35,Path of Exile,5,2019,3668004,130477,25129,927,10312,4936,175,28.11
36,Super Smash Bros. Ultimate,5,2019,3240713,88336,47739,298,10529,4361,118,36.69
37,ASMR,5,2019,3079004,45406,10608,85,1425,4144,61,67.81
38,World of Tanks,5,2019,3042249,126345,17737,362,9729,4094,170,24.08
39,RAGE 2,5,2019,3004606,66442,102848,887,10513,4043,89,45.22
40,FINAL FANTASY XIV Online,5,2019,2895998,187296,90785,554,14935,3897,252,15.46
41,TrackMania 2: Stadium,5,2019,2867680,11577,96220,71,2068,3859,15,247.7
42,Diablo III,5,2019,2791247,150113,29943,1335,16224,3756,202,18.59
43,A Plague Tale: Innocence,5,2019,2632781,54353,63953,608,7837,3543,73,48.44
44,Black Desert Online,5,2019,2618152,129455,7286,267,8622,3523,174,20.22
45,NBA 2K19,5,2019,2601709,224749,19956,649,36758,3501,302,11.58
46,Special Events,5,2019,2437509,12830,122421,57,2567,3280,17,189.99
47,Tom Clancy's The Division 2,5,2019,2339027,140737,53346,692,22933,3148,189,16.62
48,Sekiro: Shadows Die Twice,5,2019,2338170,94335,27302,286,20473,3146,126,24.79
49,Dungeons & Dragons,5,2019,2303593,39214,65819,196,4033,3100,52,58.74
50,Games + Demos,5,2019,2294008,38024,41501,139,6906,3087,51,60.33
51,Warcraft III,5,2019,2250424,38825,21570,96,2593,3028,52,57.96
52,Rust,5,2019,2108831,102762,16359,334,11248,2838,138,20.52
53,The Elder Scrolls V: Skyrim,5,2019,2071436,72247,17593,177,10643,2787,97,28.67
54,Tibia,5,2019,1955846,76640,6550,196,4267,2632,103,25.52
55,Street Fighter V,5,2019,1930009,27287,39151,70,3205,2597,36,70.73
56,Heroes of the Storm,5,2019,1920252,83520,22708,190,7766,2584,112,22.99
57,Jump King,5,2019,1815357,3767,59063,28,1068,2443,5,481.91
58,SMITE,5,2019,1797457,122679,15592,340,14956,2419,165,14.65
59,Dauntless,5,2019,1704988,217609,17232,1487,47213,2294,292,7.84
60,Chess,5,2019,1699579,16602,22449,74,1537,2287,22,102.37
61,Retro,5,2019,1683738,93146,7994,205,6466,2266,125,18.08
62,Tekken 7,5,2019,1641031,39250,55676,89,6625,2208,52,41.81
63,Monster Hunter: World,5,2019,1599845,126896,33274,340,21555,2153,170,12.61
64,My Summer Car,5,2019,1587680,5757,22938,22,781,2136,7,275.78
65,Splitgate: Arena Warfare,5,2019,1516794,50386,87050,768,16224,2041,67,30.1
66,Super Mario Maker,5,2019,1472340,17384,11155,116,1094,1981,23,84.7
67,Lineage II: The Chaotic Throne - The 1st Throne: The Kamael,5,2019,1458647,38341,7592,116,1928,1963,51,38.04
68,Warframe,5,2019,1401274,120175,48360,323,13553,1885,161,11.66
69,Battalion 1944,5,2019,1279994,22336,50165,230,4229,1722,30,57.31
70,Football Manager 2019,5,2019,1277128,16319,23685,62,1297,1718,21,78.26
71,Borderlands 2,5,2019,1224441,70429,16696,219,12185,1647,94,17.39
72,Layers of Fear 2,5,2019,1202380,13156,46426,354,3585,1618,17,91.39
73,DayZ,5,2019,1188138,69149,24481,354,8262,1599,93,17.18
74,World of Warships,5,2019,1127532,53324,6498,163,4552,1517,71,21.14
75,Travel & Outdoors,5,2019,1121974,66060,18914,239,27015,1510,88,16.98
76,Super Mario 64,5,2019,1075211,18968,8927,128,2231,1447,25,56.69
77,ARK: Survival Evolved,5,2019,1067262,113014,5442,278,9688,1436,152,9.44
78,Marbles On Stream,5,2019,1062351,30624,15112,84,4061,1429,41,34.69
79,Dark Souls,5,2019,1059692,33709,26161,98,4336,1426,45,31.44
80,Borderlands 3,5,2019,1034274,1152,360940,234,502,1392,1,897.81
81,Dark Souls III,5,2019,1028560,74361,7540,174,11009,1384,100,13.83
82,VRChat,5,2019,1017644,55290,8862,175,5469,1369,74,18.41
83,osu!,5,2019,938331,141237,11856,350,30462,1262,190,6.64
84,Science & Technology,5,2019,927365,75609,13876,168,5888,1248,101,12.27
85,Food & Drink,5,2019,920652,14531,13281,36,3575,1239,19,63.36
86,Twitch Presents,5,2019,911312,1117,18641,7,8,1226,1,815.86
87,StarCraft,5,2019,905370,13044,27773,37,1177,1218,17,69.41
88,XERA: Survival,5,2019,883459,11118,28858,148,2155,1189,14,79.46
89,Twitch Sings,5,2019,873038,41720,14406,149,10390,1175,56,20.93
90,Anno 1800,5,2019,867444,28371,12330,183,3685,1167,38,30.58
91,Princess Connect! Re:Dive,5,2019,864649,10086,26780,48,786,1163,13,85.73
92,RimWorld,5,2019,844765,25607,4807,64,2616,1136,34,32.99
93,Heroes of Might and Magic III: The Shadow of Death,5,2019,835476,10401,4330,36,566,1124,13,80.33
94,Super Smash Bros. Melee,5,2019,811091,12351,68276,55,2052,1091,16,65.67
95,Albion Online,5,2019,805606,49552,3869,144,4535,1084,66,16.26
96,The Sims 4,5,2019,803963,59810,9742,247,13309,1082,80,13.44
97,Summoners War: Sky Arena,5,2019,796020,16275,4827,49,1045,1071,21,48.91
98,MLB The Show 19,5,2019,787572,21054,12953,69,6166,1059,28,37.41
99,NHL 19,5,2019,786792,12444,68553,49,3721,1058,16,63.23
100,The Legend of Zelda: Ocarina of Time,5,2019,777838,29465,17403,119,2339,1046,39,26.4
101,FIFA Online 4,5,2019,775775,4038,31446,23,660,1044,5,192.12
102,RuneScape,5,2019,749909,33305,10320,80,3681,1009,44,22.52
103,PUBG Mobile,5,2019,749724,104022,9318,242,14110,1009,140,7.21
104,Slay the Spire,5,2019,745814,14086,6098,39,2789,1003,18,52.95
105,World War Z,5,2019,734856,60933,23257,240,15716,989,82,12.06
106,Observation,5,2019,731205,5989,52078,87,1330,984,8,122.09
107,Atlas,5,2019,704631,30869,4344,92,1432,948,41,22.83
108,The Witcher 3: Wild Hunt,5,2019,673836,46001,7461,131,7064,906,61,14.65
109,Age of Empires II,5,2019,667714,14408,6297,45,1746,898,19,46.34
110,Battlefield V,5,2019,655499,71835,20579,221,18300,882,96,9.13
111,Super Mario World,5,2019,651827,15068,13276,53,1568,877,20,43.26
112,The Forest,5,2019,639387,35050,35901,101,7838,860,47,18.24
113,UNO,5,2019,634320,8257,51036,49,5907,853,11,76.82
114,Grand Theft Auto: San Andreas,5,2019,622899,18256,15703,57,3889,838,24,34.12
115,Gwent: The Witcher Card Game,5,2019,615863,11481,2501,39,986,828,15,53.64
116,Madden NFL 19,5,2019,603448,81809,19614,354,13253,812,110,7.38
117,Bloodborne,5,2019,601858,30459,5780,80,5045,810,40,19.76
118,"Pok<U+00E9>mon: Let's Go, Pikachu!",5,2019,597100,30254,14123,140,3138,803,40,19.74
119,Hunt: Showdown,5,2019,591617,31612,26550,99,3521,796,42,18.71
120,Don't Starve Together,5,2019,589350,31987,16219,96,5310,793,43,18.42
121,Assassin's Creed: Odyssey,5,2019,585262,33875,22192,93,7395,787,45,17.28
122,Kerbal Space Program,5,2019,575377,10243,7392,58,1270,774,13,56.17
123,Red Dead Redemption 2,5,2019,574952,92728,10176,268,17480,773,124,6.2
124,Stardew Valley,5,2019,566937,49405,5603,118,8323,763,66,11.48
125,Clash Royale,5,2019,563368,11491,7831,35,2084,758,15,49.03
126,Dragon Ball FighterZ,5,2019,552492,22759,34891,123,5380,743,30,24.28
127,Star Citizen,5,2019,547801,26372,6561,115,2613,737,35,20.77
128,Final Fantasy VII,5,2019,547730,15871,8817,54,2068,737,21,34.51
129,The Elder Scrolls: Legends,5,2019,547217,7178,10836,22,463,736,9,76.24
130,7 Days to Die,5,2019,538330,47376,9592,124,4674,724,63,11.36
131,Death Stranding,5,2019,536915,400,172137,89,157,722,0,1342.29
132,MapleStory,5,2019,535281,36774,5469,99,2853,720,49,14.56
133,Guild Wars 2,5,2019,526562,39636,3010,166,3800,708,53,13.28
134,The Legend of Zelda: Breath of the Wild,5,2019,525579,29866,7183,77,3136,707,40,17.6
135,Enter the Gungeon,5,2019,523387,23285,7434,68,5224,704,31,22.48
136,Always On,5,2019,520592,3305,1255,6,7,700,4,157.52
137,Nioh 2,5,2019,514094,2005,29693,36,413,691,2,256.41
138,Conan Exiles,5,2019,513616,63899,3402,183,7112,691,86,8.04
139,Garry's Mod,5,2019,512619,21234,52562,86,5671,689,28,24.14
140,Realm Royale,5,2019,509905,76378,6371,185,10438,686,102,6.68
141,The Binding of Isaac: Afterbirth,5,2019,497529,19519,7636,59,3394,669,26,25.49
142,iRacing,5,2019,497208,35448,5400,282,2713,669,47,14.03
143,God of War,5,2019,486827,28735,9732,81,4879,655,38,16.94
144,Minion Masters,5,2019,475510,16292,14313,125,2171,639,21,29.19
145,Darkest Dungeon,5,2019,458012,17311,4730,46,2476,616,23,26.46
146,Arma 3,5,2019,456478,56907,22344,265,6158,614,76,8.02
147,Roblox,5,2019,456348,81772,6236,224,19162,614,110,5.58
148,Forager,5,2019,452316,19188,17609,97,3728,608,25,23.57
149,Resident Evil 2,5,2019,448030,40504,6540,118,7897,603,54,11.06
150,For Honor,5,2019,447835,48967,11266,201,10100,602,65,9.15
151,Paladins,5,2019,446714,65589,3066,171,11876,601,88,6.81
152,Satisfactory,5,2019,444734,34798,12380,117,4580,598,46,12.78
153,Eternal Card Game,5,2019,441569,5299,2446,25,330,594,7,83.33
154,Void Bastards,5,2019,441451,4099,27664,100,1228,594,5,107.7
155,House Flipper,5,2019,438880,9179,24777,83,2164,590,12,47.81
156,Epic Seven,5,2019,436089,15952,3909,121,1168,586,21,27.34
157,Battle Brothers,5,2019,432555,6723,4894,44,460,582,9,64.34
158,Dark Souls II: Scholar of the First Sin,5,2019,432307,19566,9921,56,2479,581,26,22.09
159,Crypto,5,2019,429722,16535,1495,31,184,578,22,25.99
160,Terraria,5,2019,427436,38296,15533,100,7002,575,51,11.16
161,Artifact,5,2019,424612,15810,16194,268,4709,571,21,26.86
162,Yu-Gi-Oh! Duel Links,5,2019,419792,12571,5439,47,1837,564,16,33.39
163,Shadowverse,5,2019,419654,14039,11540,67,1084,564,18,29.89
164,Kingdom Hearts III,5,2019,419610,16996,16775,54,2417,564,22,24.69
165,Tom Clancy's Ghost Recon: Wildlands,5,2019,419166,32441,47305,118,8423,564,43,12.92
166,Euro Truck Simulator 2,5,2019,414211,61310,3998,238,8610,557,82,6.76
167,Cities: Skylines,5,2019,406428,19715,7046,64,3701,547,26,20.62
168,Totally Accurate Battle Simulator,5,2019,405966,3142,30955,17,1251,546,4,129.21
169,Risk of Rain 2,5,2019,405878,48769,9127,237,11588,546,65,8.32
170,Makers & Crafting,5,2019,403328,33105,4077,93,2857,542,44,12.18
171,The Legend of Zelda: A Link to the Past,5,2019,395575,24575,5603,114,1786,532,33,16.1
172,Golf It!,5,2019,388085,3124,38712,25,1454,522,4,124.23
173,Warface,5,2019,382374,23726,27927,77,5230,514,31,16.12
174,LOST ARK,5,2019,381458,19128,3742,90,1165,513,25,19.94
175,Metin2,5,2019,377532,19758,2579,78,1549,508,26,19.11
176,Last Epoch,5,2019,351378,9376,6135,88,865,472,12,37.48
177,Halo: The Master Chief Collection,5,2019,348301,31787,2057,107,4467,468,42,10.96
178,Mario Kart 8,5,2019,343371,13072,24337,66,3279,462,17,26.27
179,Close to the Sun,5,2019,343108,3465,26494,37,867,461,4,99.02
180,Human: Fall Flat,5,2019,342666,10510,28950,51,4721,461,14,32.6
181,Farming Simulator 19,5,2019,341264,35240,4059,119,4010,459,47,9.68
182,Dofus,5,2019,338468,12666,2938,45,1116,455,17,26.72
183,Star Wars Battlefront II,5,2019,335871,22191,29010,138,8190,452,29,15.14
184,Diablo II: Lord of Destruction,5,2019,334503,12373,5542,38,1063,450,16,27.03
185,Getting Over It with Bennett Foddy,5,2019,329729,3219,34909,15,1424,443,4,102.43
186,FTL: Faster Than Light,5,2019,323995,3733,9090,16,807,436,5,86.79
187,Beat Saber,5,2019,322789,35009,7936,96,9246,434,47,9.22
188,Pok<U+00E9>mon Trading Card Game,5,2019,319435,4392,1236,18,650,429,5,72.73
189,M.U.G.E.N,5,2019,316075,3578,705,9,84,425,4,88.34
190,Total War: Warhammer II,5,2019,314497,15493,3160,45,1718,423,20,20.3
191,Wrestling,5,2019,312945,3989,12220,29,171,421,5,78.45
192,Pathologic,5,2019,311284,3811,21661,71,789,418,5,81.68
193,Pok<U+00E9>mon Ultra Sun/Ultra Moon,5,2019,308051,10229,132152,44,919,414,13,30.12
194,Russian Fishing 4,5,2019,307642,20232,1311,64,922,414,27,15.21
195,Life is Strange 2,5,2019,305375,11509,31140,279,3078,411,15,26.53
196,Ring Of Elysium,5,2019,304524,46386,9400,139,5829,409,62,6.56
197,Divinity: Original Sin II,5,2019,302125,21558,9053,70,2520,406,29,14.01
198,Supraland,5,2019,299286,1490,24249,11,325,402,2,200.86
199,Knight Online,5,2019,298018,8229,4778,42,564,401,11,36.22
200,Splatoon 2,5,2019,297195,30573,6063,197,3009,399,41,9.72
1,Fortnite,6,2019,92750132,5793509,483267,15367,676020,128998,8057,16.01
2,League of Legends,6,2019,89156672,1982483,318559,3915,184010,124000,2757,44.97
3,Just Chatting,6,2019,61663846,908320,234098,2724,145157,85763,1263,67.89
4,Grand Theft Auto V,6,2019,59832423,700622,176008,1734,77788,83216,974,85.4
5,Dota 2,6,2019,42929219,440912,436845,1118,35018,59706,613,97.36
6,World of Warcraft,6,2019,31345561,647822,210299,2236,49401,43596,901,48.39
7,Overwatch,6,2019,30730691,765200,163632,1652,98075,42740,1064,40.16
8,Counter-Strike: Global Offensive,6,2019,30260300,842383,348529,2080,130888,42086,1171,35.92
9,Teamfight Tactics,6,2019,29252998,292292,213768,2862,48458,40685,406,100.08
10,Special Events,6,2019,21130999,69909,1561858,5125,15030,29389,97,302.26
11,Hearthstone,6,2019,20975309,130206,109393,379,16294,29172,181,161.09
12,PLAYERUNKNOWN'S BATTLEGROUNDS,6,2019,20888341,900575,80760,1863,83439,29051,1252,23.19
13,Minecraft,6,2019,17073543,679219,209184,1577,110794,23746,944,25.14
14,Path of Exile,6,2019,15597314,366201,112232,2968,23273,21693,509,42.59
15,Tom Clancy's Rainbow Six Siege,6,2019,12099971,909556,174279,2486,141668,16828,1265,13.3
16,Apex Legends,6,2019,11628044,1172991,54216,3070,139885,16172,1631,9.91
17,Destiny 2,6,2019,8764392,509112,153631,3654,45841,12189,708,17.22
18,Dead by Daylight,6,2019,8651417,455335,36335,1329,49326,12032,633,19.0
19,Call of Duty: Black Ops 4,6,2019,8405336,785428,126915,3368,89881,11690,1092,10.7
20,FIFA 19,6,2019,8344852,229615,61844,846,35289,11606,319,36.34
21,Slots,6,2019,6385498,48305,43632,123,2236,8881,67,132.19
22,Magic: The Gathering,6,2019,5957702,76973,126961,190,8513,8286,107,77.4
23,Dota Underlords,6,2019,5864211,109758,62860,611,19793,8156,152,53.43
24,Rocket League,6,2019,5853032,273764,186198,715,62063,8140,380,21.38
25,Talk Shows & Podcasts,6,2019,5449310,67939,105859,538,10712,7579,94,80.21
26,Music,6,2019,5189211,247791,41355,475,13219,7217,344,20.94
27,Auto Chess,6,2019,5184574,82046,32844,251,10968,7210,114,63.19
28,StarCraft II,6,2019,4999481,64212,44801,148,6220,6953,89,77.86
29,Old School RuneScape,6,2019,4364891,100862,80330,239,8172,6070,140,43.28
30,Art,6,2019,4266668,262346,13704,586,28320,5934,364,16.26
31,Escape From Tarkov,6,2019,4070046,176039,31169,443,11106,5660,244,23.12
32,FINAL FANTASY XIV Online,6,2019,3876535,253068,62291,2439,17952,5391,351,15.32
33,Super Mario Maker 2,6,2019,3377119,39434,84896,1028,7219,4696,54,85.64
34,Black Desert Online,6,2019,3368311,140290,22464,377,9316,4684,195,24.01
35,Total War: Three Kingdoms,6,2019,3218635,41246,29510,180,3490,4476,57,78.04
36,Battalion 1944,6,2019,3203697,124410,46273,397,17151,4455,173,25.75
37,Super Smash Bros. Ultimate,6,2019,3194698,86232,68873,295,10647,4443,119,37.05
38,ASMR,6,2019,3137300,43664,10064,87,1362,4363,60,71.85
39,The Elder Scrolls Online,6,2019,2942276,102830,25689,297,10173,4092,143,28.61
40,Poker,6,2019,2937067,48765,14379,187,3081,4084,67,60.23
41,NBA 2K19,6,2019,2914126,235497,21912,692,37851,4053,327,12.37
42,World of Tanks,6,2019,2754608,110528,13789,333,8922,3831,153,24.92
43,They Are Billions,6,2019,2662628,21558,48479,156,2476,3703,29,123.51
44,Dauntless,6,2019,2513183,259486,37561,1056,44203,3495,360,9.69
45,Bloodstained: Ritual of the Night,6,2019,2442583,84739,44688,901,9624,3397,117,28.82
46,DayZ,6,2019,2398065,137150,46472,376,14674,3335,190,17.48
47,Borderlands 2,6,2019,2330972,146344,164765,834,27967,3241,203,15.93
48,Fallout 76,6,2019,2311753,85404,47755,459,13962,3215,118,27.07
49,Games + Demos,6,2019,2239715,36967,205693,121,6972,3115,51,60.59
50,TrackMania 2: Stadium,6,2019,2193470,9744,90282,217,1648,3050,13,225.11
51,Warcraft III,6,2019,2111091,35189,20853,94,2299,2936,48,59.99
52,Super Smash Bros. Melee,6,2019,2106088,12101,73911,46,1980,2929,16,174.04
53,Rust,6,2019,2062296,120575,16006,369,14463,2868,167,17.1
54,Cooking Simulator,6,2019,2038188,19617,40869,155,5642,2834,27,103.9
55,ARK: Survival Evolved,6,2019,1996313,138498,14549,445,12601,2776,192,14.41
56,Street Fighter V,6,2019,1971214,26278,40002,71,2885,2741,36,75.01
57,Crash Team Racing Nitro-Fueled,6,2019,1941065,36699,68335,576,13967,2699,51,52.89
58,Chess,6,2019,1803951,15258,21613,64,1454,2508,21,118.23
59,Jump King,6,2019,1798894,7507,41526,40,2262,2501,10,239.63
60,Monster Hunter: World,6,2019,1784631,118315,22133,438,19044,2482,164,15.08
61,Dungeons & Dragons,6,2019,1755389,41256,58233,204,4116,2441,57,42.55
62,Tibia,6,2019,1738908,79273,5437,219,4210,2418,110,21.94
63,Tekken 7,6,2019,1715986,39397,49000,89,6348,2386,54,43.56
64,SMITE,6,2019,1704573,106287,9604,284,12647,2370,147,16.04
65,Mortal Kombat 11,6,2019,1696483,64159,63977,238,14860,2359,89,26.44
66,Super Mario Maker,6,2019,1679647,24608,17846,74,1329,2336,34,68.26
67,World of Warships,6,2019,1569379,49596,7925,140,4124,2182,68,31.64
68,Heroes of the Storm,6,2019,1524084,75526,5418,167,7016,2119,105,20.18
69,Retro,6,2019,1398834,85184,7863,199,6303,1945,118,16.42
70,Dark Souls,6,2019,1298245,35572,142283,112,4610,1805,49,36.5
71,Travel & Outdoors,6,2019,1280169,52414,29345,134,19820,1780,72,24.42
72,Sea of Thieves,6,2019,1261214,107806,19728,311,15635,1754,149,11.7
73,MORDHAU,6,2019,1232892,50921,65292,175,11402,1714,70,24.21
74,Heroes of Might and Magic III: The Shadow of Death,6,2019,1167846,10357,5666,38,568,1624,14,112.76
75,Cadence of Hyrule: Crypt of the NecroDancer Featuring The Legend of Zelda,6,2019,1147533,17174,41401,302,3518,1596,23,66.82
76,"Pok<U+00E9>mon: Let's Go, Pikachu!",6,2019,1146109,33800,148108,284,3519,1594,47,33.91
77,The Elder Scrolls V: Skyrim,6,2019,1134383,67769,128073,163,10089,1577,94,16.74
78,The Sinking City,6,2019,1120947,13700,45793,259,2414,1559,19,81.82
79,The Sims 4,6,2019,1084276,65081,21971,260,12273,1508,90,16.66
80,Food & Drink,6,2019,1075100,13437,30308,37,3238,1495,18,80.01
81,osu!,6,2019,1049836,138392,9740,319,30019,1460,192,7.59
82,Twitch Sings,6,2019,1038907,36178,33051,113,8522,1444,50,28.72
83,Super Mario 64,6,2019,1028693,19263,13638,60,2241,1430,26,53.4
84,Diablo III,6,2019,1023684,87121,9943,280,11041,1423,121,11.75
85,Summoners War: Sky Arena,6,2019,1003583,18914,9724,64,1184,1395,26,53.06
86,Dark Souls III,6,2019,991140,70121,6085,178,10860,1378,97,14.13
87,Marbles On Stream,6,2019,975147,28082,15061,94,3799,1356,39,34.72
88,Tom Clancy's The Division 2,6,2019,969664,99285,8917,346,16905,1348,138,9.77
89,The Legend of Zelda: Breath of the Wild,6,2019,957285,43513,134763,154,4841,1331,60,22.0
90,VRChat,6,2019,941714,54203,6906,171,5398,1309,75,17.37
91,Terraria,6,2019,939604,44907,18312,116,8067,1306,62,20.92
92,Warframe,6,2019,939075,104888,26108,246,11552,1306,145,8.95
93,The Legend of Zelda: Majora's Mask,6,2019,936042,6619,121610,26,678,1301,9,141.42
94,Deathgarden: BLOODHARVEST,6,2019,927567,51258,30187,268,9418,1290,71,18.1
95,Yakuza 5,6,2019,911735,3534,25040,40,159,1268,4,257.99
96,Sekiro: Shadows Die Twice,6,2019,909840,44000,13834,127,10203,1265,61,20.68
97,Judgment,6,2019,906438,11445,18686,98,1389,1260,15,79.2
98,Lineage II: The Chaotic Throne - The 1st Throne: The Kamael,6,2019,903687,28286,5352,115,1371,1256,39,31.95
99,PUBG Mobile,6,2019,894064,89173,21037,201,10608,1243,124,10.03
100,My Friend Pedro,6,2019,853836,16301,49741,385,6219,1187,22,52.38
101,Super Mario World,6,2019,848823,12915,167026,59,1498,1180,17,65.72
102,Chrono Trigger,6,2019,847669,3181,143113,20,471,1178,4,266.48
103,Darkest Dungeon,6,2019,847097,18977,14777,58,2792,1178,26,44.64
104,Science & Technology,6,2019,835527,71585,15470,152,5138,1162,99,11.67
105,Pok<U+00E9>mon Crystal,6,2019,776551,2716,168236,49,378,1080,3,285.92
106,Octopath Traveler,6,2019,775474,16031,124073,97,1488,1078,22,48.37
107,A Plague Tale: Innocence,6,2019,768577,19387,27329,100,3348,1068,26,39.64
108,Battlefield V,6,2019,752180,70556,27278,195,18066,1046,98,10.66
109,The Legend of Zelda: Ocarina of Time,6,2019,708326,27044,158726,154,2257,985,37,26.19
110,MapleStory,6,2019,658086,44853,6111,151,3791,915,62,14.67
111,Minion Masters,6,2019,630336,27800,2058,86,2842,876,38,22.67
112,Dark Souls II,6,2019,629617,3897,160027,26,666,875,5,161.56
113,RimWorld,6,2019,623529,23121,7326,68,2492,867,32,26.97
114,Realm Royale,6,2019,595609,79883,3026,232,10206,828,111,7.46
115,Clash Royale,6,2019,593497,12213,9090,41,2008,825,16,48.6
116,Resident Evil 2,6,2019,593470,30735,153205,84,6155,825,42,19.31
117,Diablo II: Lord of Destruction,6,2019,584256,12206,110685,84,978,812,16,47.87
118,MLB The Show 19,6,2019,574912,17814,17649,64,4794,799,24,32.27
119,The Legend of Zelda: A Link Between Worlds,6,2019,567274,441,147535,14,72,788,0,1286.34
120,The Witcher 3: Wild Hunt,6,2019,563385,56700,12669,171,8354,783,78,9.94
121,Final Fantasy VII,6,2019,562578,19599,7405,74,2622,782,27,28.7
122,Age of Empires II,6,2019,561958,14779,7866,46,1952,781,20,38.02
123,Super Mario Galaxy 2,6,2019,545767,946,133887,11,145,759,1,576.92
124,Gwent: The Witcher Card Game,6,2019,544227,10955,7099,58,930,756,15,49.68
125,Slay the Spire,6,2019,541457,14638,8519,40,3080,753,20,36.99
126,Kingdom Hearts III,6,2019,540579,11512,127041,39,1656,751,16,46.96
127,Hell Let Loose,6,2019,537810,13909,31481,92,2456,747,19,38.67
128,Hunt: Showdown,6,2019,536036,38402,25463,226,5471,745,53,13.96
129,Layers of Fear 2,6,2019,533591,16214,16801,191,4447,742,22,32.91
130,Metin2,6,2019,522545,17456,24558,88,1485,726,24,29.93
131,Roblox,6,2019,521886,94986,4061,222,20333,725,132,5.49
132,SAMURAI SHODOWN,6,2019,517944,6956,19188,138,1572,720,9,74.46
133,House Flipper,6,2019,515365,12187,42312,45,3175,716,16,42.29
134,Stardew Valley,6,2019,502095,42475,25456,140,7886,698,59,11.82
135,RuneScape,6,2019,497661,30146,9376,87,3228,692,41,16.51
136,Outer Wilds,6,2019,487519,6281,23165,37,1535,678,8,77.62
137,Void Bastards,6,2019,487401,10744,20365,82,2862,677,14,45.36
138,iRacing,6,2019,480350,39028,7843,473,2884,668,54,12.31
139,Crypto,6,2019,478396,17695,4655,33,238,665,24,27.04
140,Banjo-Kazooie,6,2019,478349,7234,142486,45,1404,665,10,66.13
141,Conqueror's Blade,6,2019,478171,31088,8875,115,3384,665,43,15.38
142,Always On,6,2019,477106,3231,1720,6,9,663,4,147.67
143,Albion Online,6,2019,473652,30282,2614,96,2611,658,42,15.64
144,Euro Truck Simulator 2,6,2019,468179,54866,9792,228,8413,651,76,8.53
145,Brawl Stars,6,2019,468038,16848,144513,76,2456,650,23,27.78
146,Guild Wars 2,6,2019,466932,32489,4777,151,3079,649,45,14.37
147,Dofus,6,2019,460614,13992,2802,52,1103,640,19,32.92
148,Red Dead Redemption 2,6,2019,458302,79017,9130,227,12344,637,109,5.8
149,StarCraft,6,2019,454194,11314,134808,35,996,631,15,40.14
150,Madden NFL 19,6,2019,445005,57984,18418,253,9925,618,80,7.67
151,Shadowverse,6,2019,443074,16645,8557,95,1332,616,23,26.62
152,NHL 19,6,2019,436332,15593,68312,77,4215,606,21,27.98
153,The Binding of Isaac: Afterbirth,6,2019,436305,16414,6355,55,3057,606,22,26.58
154,Star Citizen,6,2019,425424,19109,3965,67,1691,591,26,22.26
155,Forza Horizon 4,6,2019,424631,40614,25576,392,10481,590,56,10.46
156,Ring Of Elysium,6,2019,422731,40712,29171,180,6127,587,56,10.38
157,Arma 3,6,2019,421539,51061,4371,243,5750,586,71,8.26
158,Atlas,6,2019,416918,21397,2713,78,1092,579,29,19.48
159,Super Mario Sunshine,6,2019,415039,5560,159179,27,702,577,7,74.65
160,The Legend of Zelda: The Minish Cap,6,2019,412132,1195,152020,12,184,573,1,344.88
161,Mario Kart 8,6,2019,412114,13277,16165,76,3531,573,18,31.04
162,Epic Seven,6,2019,408983,16348,3354,78,1157,568,22,25.02
163,Paladins,6,2019,406740,61304,3485,150,11563,565,85,6.63
164,Bloodborne,6,2019,399180,24956,6353,72,3882,555,34,16.0
165,Gears of War 4,6,2019,396288,42617,13473,166,6475,551,59,9.3
166,Dragon Ball FighterZ,6,2019,395894,17477,10012,60,4100,550,24,22.65
167,Splatoon 2,6,2019,395383,28509,45258,225,3163,549,39,13.87
168,The Last of Us,6,2019,392544,17864,10114,53,1234,545,24,21.97
169,7 Days to Die,6,2019,385630,45879,2692,126,4688,536,63,8.41
170,Dark Souls II: Scholar of the First Sin,6,2019,377999,18690,11435,63,2416,525,25,20.22
171,The Elder Scrolls: Legends,6,2019,377116,6331,3950,27,477,524,8,59.57
172,Stellaris,6,2019,371088,12510,5053,68,1670,516,17,29.66
173,Trover Saves the Universe,6,2019,365558,9998,33114,105,2956,508,13,36.56
174,Pok<U+00E9>mon Ultra Sun/Ultra Moon,6,2019,365292,10063,16709,43,1017,508,13,36.3
175,Reventure,6,2019,363786,3084,20569,22,903,505,4,117.96
176,Enter the Gungeon,6,2019,362266,27601,20743,154,9464,503,38,13.13
177,Beat Saber,6,2019,360913,35992,21669,96,9715,501,50,10.03
178,Yu-Gi-Oh! Duel Links,6,2019,359266,11801,5526,40,1662,499,16,30.44
179,Punch-Out!!,6,2019,359211,181,155210,14,95,499,0,1984.59
180,Portal 2,6,2019,351475,11500,161079,55,3846,488,15,30.56
181,Europa Universalis IV,6,2019,345098,9327,3447,43,869,479,12,37.0
182,Roller Champions,6,2019,344913,6664,42724,251,3542,479,9,51.76
183,Getting Over It with Bennett Foddy,6,2019,343951,4520,22530,22,2173,478,6,76.1
184,Danganronpa: Trigger Happy Havoc,6,2019,343893,3075,11600,15,392,478,4,111.84
185,Eternal Card Game,6,2019,342028,3906,5425,14,239,475,5,87.56
186,Princess Connect! Re:Dive,6,2019,339616,7696,12504,45,641,472,10,44.13
187,My Summer Car,6,2019,335483,4063,9954,18,598,466,5,82.57
188,Don't Starve Together,6,2019,333960,28378,7595,88,4669,464,39,11.77
189,The Forest,6,2019,328584,32749,17678,96,7692,457,45,10.03
190,Mega Man 11,6,2019,327984,952,124320,9,246,456,1,344.52
191,Fallout: New Vegas,6,2019,324714,12213,13965,39,2049,451,16,26.59
192,Barotrauma,6,2019,324557,3306,16835,43,662,451,4,98.17
193,The Legend of Zelda: A Link to the Past,6,2019,321171,21824,6031,96,1777,446,30,14.72
194,Conan Exiles,6,2019,320208,32454,1406,104,3094,445,45,9.87
195,Pok<U+00E9>mon Trading Card Game,6,2019,317242,4129,7194,59,622,441,5,76.83
196,theHunter: Call of the Wild,6,2019,312124,16140,13252,69,2602,434,22,19.34
197,Overcooked! 2,6,2019,311798,6614,26341,30,2459,433,9,47.14
198,Cities: Skylines,6,2019,311752,17007,18892,53,3148,433,23,18.33
199,F1 2019,6,2019,311663,6761,15037,120,2203,433,9,46.1
200,Days Gone,6,2019,308481,49714,11061,150,6989,429,69,6.21
1,Fortnite,7,2019,90508922,5704941,1299699,47033,619076,121815,7678,15.87
2,Teamfight Tactics,7,2019,68336250,1028044,358190,2966,110297,91973,1383,66.47
3,League of Legends,7,2019,68210459,1803517,280370,3413,179936,91804,2427,37.82
4,Grand Theft Auto V,7,2019,62716588,902463,217246,2729,108065,84409,1214,69.49
5,Just Chatting,7,2019,60624575,939477,175774,1771,146862,81594,1264,64.53
6,Dota 2,7,2019,40975198,461803,278581,1081,35274,55148,621,88.73
7,Counter-Strike: Global Offensive,7,2019,40700017,914238,407519,2224,138472,54777,1230,44.52
8,World of Warcraft,7,2019,36942422,704873,218084,3039,47346,49720,948,52.41
9,Overwatch,7,2019,29237452,803728,206996,1769,101433,39350,1081,36.38
10,Apex Legends,7,2019,27486726,1659147,232821,6402,193078,36994,2233,16.57
11,PLAYERUNKNOWN'S BATTLEGROUNDS,7,2019,21924387,966182,97726,2165,89261,29507,1300,22.69
12,Minecraft,7,2019,18730470,1096565,152011,2547,172853,25209,1475,17.08
13,Super Mario Maker 2,7,2019,16698332,189723,78727,701,14975,22474,255,88.01
14,Hearthstone,7,2019,11309165,96917,70561,250,11514,15220,130,116.69
15,Tom Clancy's Rainbow Six Siege,7,2019,10735223,902912,66962,1975,140104,14448,1215,11.89
16,Call of Duty: Black Ops 4,7,2019,8832792,856135,81713,2213,89759,11888,1152,10.32
17,Dead by Daylight,7,2019,8587261,440768,37274,916,46790,11557,593,19.48
18,Path of Exile,7,2019,7776743,203520,29067,490,13183,10466,273,38.21
19,Destiny 2,7,2019,6254229,467659,30731,1617,42494,8417,629,13.37
20,Slots,7,2019,6010514,45497,72565,109,2497,8089,61,132.11
21,Magic: The Gathering,7,2019,5744492,79272,32612,311,8349,7731,106,72.47
22,FIFA 19,7,2019,5644862,184793,157634,689,28856,7597,248,30.55
23,Dota Underlords,7,2019,5281803,110232,22869,305,14548,7108,148,47.92
24,FINAL FANTASY XIV Online,7,2019,5065732,336957,23624,1833,23022,6817,453,15.03
25,StarCraft II,7,2019,4634664,62469,59758,133,5921,6237,84,74.19
26,Rust,7,2019,4377764,159769,41730,457,18145,5892,215,27.4
27,Old School RuneScape,7,2019,4201132,103129,23261,239,8372,5654,138,40.74
28,Art,7,2019,4199257,267925,14360,574,28328,5651,360,15.67
29,Music,7,2019,4184515,246274,18299,454,13127,5631,331,16.99
30,Warframe,7,2019,3993527,152835,419066,359,17442,5374,205,26.13
31,DayZ,7,2019,3951369,139279,47011,347,13293,5318,187,28.37
32,Rocket League,7,2019,3633656,282548,56243,634,63382,4890,380,12.86
33,Talk Shows & Podcasts,7,2019,3447981,56533,90644,135,7784,4640,76,60.99
34,Poker,7,2019,3379425,52986,24074,190,3120,4548,71,63.78
35,Black Desert Online,7,2019,3308133,146340,13110,309,9416,4452,196,22.61
36,ASMR,7,2019,3214748,42757,9036,82,1348,4326,57,75.19
37,They Are Billions,7,2019,3114354,25738,22019,83,2126,4191,34,121.0
38,Super Smash Bros. Ultimate,7,2019,3097307,83973,51242,799,10431,4168,113,36.88
39,NBA 2K19,7,2019,3053764,233577,24707,662,35665,4110,314,13.07
40,Escape From Tarkov,7,2019,3031793,162844,12637,375,10144,4080,219,18.62
41,Games + Demos,7,2019,2881803,38020,36365,98,7082,3878,51,75.8
42,World of Tanks,7,2019,2804371,106652,14358,302,8434,3774,143,26.29
43,Fire Emblem: Three Houses,7,2019,2657380,52512,34642,833,5109,3576,70,50.61
44,The Elder Scrolls Online,7,2019,2230495,75517,26418,178,6924,3002,101,29.54
45,ARK: Survival Evolved,7,2019,2193001,156094,10695,393,12697,2951,210,14.05
46,Sea of Thieves,7,2019,2139833,91331,50956,248,12189,2879,122,23.43
47,Monster Hunter: World,7,2019,2091603,140855,22005,403,18572,2815,189,14.85
48,Warcraft III,7,2019,1774904,31985,21305,81,1993,2388,43,55.49
49,Tibia,7,2019,1753863,77548,7455,208,4396,2360,104,22.62
50,Tekken 7,7,2019,1729724,42893,29620,95,6461,2328,57,40.33
51,The Witcher 3: Wild Hunt,7,2019,1650524,70223,19077,197,9779,2221,94,23.5
52,World of Warships,7,2019,1622888,50803,8078,160,4026,2184,68,31.94
53,SMITE,7,2019,1604701,103011,8757,261,11937,2159,138,15.58
54,Retro,7,2019,1528356,83170,7582,193,6047,2057,111,18.38
55,Borderlands 2,7,2019,1451080,79127,22104,208,14192,1953,106,18.34
56,Heroes of the Storm,7,2019,1411416,66368,6160,140,6015,1899,89,21.27
57,Dungeons & Dragons,7,2019,1368061,40079,61109,206,3972,1841,53,34.13
58,PUBG Mobile,7,2019,1352620,91735,37821,215,10358,1820,123,14.74
59,Street Fighter V,7,2019,1297205,26975,30835,62,2881,1745,36,48.09
60,Chess,7,2019,1191272,14909,17767,68,1357,1603,20,79.9
61,Wolfenstein: Youngblood,7,2019,1188315,24882,49242,453,5459,1599,33,47.76
62,MapleStory,7,2019,1174867,48996,21363,155,4131,1581,65,23.98
63,Dark Souls,7,2019,1126597,37116,17861,105,4765,1516,49,30.35
64,StarCraft,7,2019,1111894,15341,40673,56,1505,1496,20,72.48
65,The Sims 4,7,2019,1102713,52699,20376,141,10092,1484,70,20.92
66,Visage,7,2019,1097341,10174,31421,55,2504,1476,13,107.86
67,Travel & Outdoors,7,2019,1082477,49944,34846,145,18683,1456,67,21.67
68,Final Fantasy VII,7,2019,1069406,15747,28139,51,1795,1439,21,67.91
69,Mortal Kombat 11,7,2019,1015656,47819,17489,170,9500,1366,64,21.24
70,osu!,7,2019,997308,143522,8031,305,29538,1342,193,6.95
71,Heroes of Might and Magic III: The Shadow of Death,7,2019,992662,9905,6777,35,484,1336,13,100.22
72,Marbles On Stream,7,2019,978788,26288,22978,79,3873,1317,35,37.23
73,Lineage II: The Chaotic Throne - The 1st Throne: The Kamael,7,2019,964003,23865,4573,83,1270,1297,32,40.39
74,Dark Souls III,7,2019,944328,73566,5770,164,10845,1270,99,12.84
75,VRChat,7,2019,934888,54954,12583,155,5509,1258,73,17.01
76,Crash Team Racing Nitro-Fueled,7,2019,909022,31570,32785,182,8993,1223,42,28.79
77,Science & Technology,7,2019,882471,68109,10427,153,4961,1187,91,12.96
78,Hunt: Showdown,7,2019,876795,47062,26113,143,4706,1180,63,18.63
79,Summoners War: Sky Arena,7,2019,874167,17508,5203,52,1088,1176,23,49.93
80,7 Days to Die,7,2019,872197,54719,28001,136,5113,1173,73,15.94
81,Food & Drink,7,2019,860127,13396,20910,42,3133,1157,18,64.21
82,The Sinking City,7,2019,858422,19282,17144,163,2504,1155,25,44.52
83,Madden NFL 20,7,2019,857039,30798,13779,879,6854,1153,41,27.83
84,Dragon Quest Builders 2,7,2019,853029,29839,9443,159,2317,1148,40,28.59
85,Gears 5,7,2019,840584,20072,57682,681,4601,1131,27,41.88
86,The Legend of Zelda: Breath of the Wild,7,2019,798688,42033,19599,113,4250,1074,56,19.0
87,Dauntless,7,2019,778563,70906,12762,200,12639,1047,95,10.98
88,F1 2019,7,2019,731221,23743,17304,107,4706,984,31,30.8
89,Auto Chess,7,2019,722083,24999,9741,71,2735,971,33,28.88
90,Diablo III,7,2019,711217,43432,11975,111,5608,957,58,16.38
91,The Legend of Zelda: Ocarina of Time,7,2019,697480,26199,20117,123,2140,938,35,26.62
92,My Summer Car,7,2019,682638,3988,10173,18,685,918,5,171.17
93,Conqueror's Blade,7,2019,678211,20280,14263,69,1678,912,27,33.44
94,Darkest Dungeon,7,2019,660729,16270,18241,46,2345,889,21,40.61
95,Twitch Sings,7,2019,649938,33170,14162,116,7458,874,44,19.59
96,The Elder Scrolls V: Skyrim,7,2019,647336,64381,7608,150,9355,871,86,10.05
97,Tom Clancy's The Division 2,7,2019,645805,69269,3772,202,10722,869,93,9.32
98,Star Citizen,7,2019,645688,22386,6936,80,1876,869,30,28.84
99,Football Manager 2019,7,2019,643672,15808,8930,63,1491,866,21,40.72
100,Arma 3,7,2019,638543,54415,3996,229,6440,859,73,11.73
101,RuneScape,7,2019,622635,30301,9020,93,3105,838,40,20.55
102,Roblox,7,2019,619197,103862,19673,249,21061,833,139,5.96
103,Resident Evil 2,7,2019,616754,31541,17601,80,5985,830,42,19.55
104,Euro Truck Simulator 2,7,2019,610056,66269,24254,223,9657,821,89,9.21
105,Special Events,7,2019,590762,12248,40280,41,1923,795,16,48.23
106,iRacing,7,2019,582817,35648,17113,373,2712,784,47,16.35
107,Metin2,7,2019,577962,21409,3741,81,1654,777,28,27.0
108,Clash Royale,7,2019,574769,13416,13385,45,2224,773,18,42.84
109,Always On,7,2019,574635,3045,2097,7,10,773,4,188.71
110,"Pok<U+00E9>mon: Let's Go, Pikachu!",7,2019,558691,31706,5412,90,3089,751,42,17.62
111,Satisfactory,7,2019,556927,36424,9320,129,4243,749,49,15.29
112,Crypto,7,2019,548328,14970,1943,28,190,737,20,36.63
113,Terraria,7,2019,538642,43726,8167,108,7684,724,58,12.32
114,Realm Royale,7,2019,534908,76374,2312,185,9240,719,102,7.0
115,Gwent: The Witcher Card Game,7,2019,522621,10013,2827,33,846,703,13,52.19
116,Battalion 1944,7,2019,521109,43436,17384,214,6576,701,58,12.0
117,Dofus,7,2019,521012,15054,9282,134,1251,701,20,34.61
118,Subnautica,7,2019,519582,21134,22136,63,3853,699,28,24.59
119,Twitch Presents,7,2019,516871,38,22125,2,4,695,0,13601.87
120,Dark Souls II: Scholar of the First Sin,7,2019,515738,19890,22291,57,2398,694,26,25.93
121,Age of Empires II,7,2019,508297,13738,6568,44,1768,684,18,37.0
122,Super Mario 64,7,2019,505241,16372,28244,54,1913,680,22,30.86
123,Judgment,7,2019,492171,19130,11959,71,1463,662,25,25.73
124,Super Smash Bros. Melee,7,2019,492019,12342,34321,45,1779,662,16,39.87
125,Quake Champions,7,2019,490146,16202,14435,55,1887,659,21,30.25
126,Battlefield V,7,2019,487860,60419,3102,172,14500,656,81,8.07
127,Iratus: Lord of the Dead,7,2019,479715,4009,19308,54,576,645,5,119.66
128,Sekiro: Shadows Die Twice,7,2019,476579,34548,21906,86,7178,641,46,13.79
129,Marvel Ultimate Alliance 3: The Black Order,7,2019,475562,13116,18104,275,2045,640,17,36.26
130,Yakuza 5,7,2019,470858,3001,19342,23,123,633,4,156.9
131,RimWorld,7,2019,468535,22706,3706,61,2276,630,30,20.63
132,Danganronpa 2: Goodbye Despair,7,2019,466928,2821,9840,16,274,628,3,165.52
133,MORDHAU,7,2019,458617,23144,14122,72,5528,617,31,19.82
134,Fallout: New Vegas,7,2019,445996,13296,20917,44,2228,600,17,33.54
135,Ring Of Elysium,7,2019,442768,35522,57675,97,5597,595,47,12.46
136,Albion Online,7,2019,441677,26328,7706,73,2004,594,35,16.78
137,Epic Seven,7,2019,439784,14388,12285,88,1024,591,19,30.57
138,Conan Exiles,7,2019,438308,27436,8310,69,2622,589,36,15.98
139,60 Seconds!,7,2019,435311,1188,41049,13,630,585,1,366.42
140,Paladins,7,2019,433596,67800,3311,174,12583,583,91,6.4
141,Stardew Valley,7,2019,432457,46371,15449,125,8028,582,62,9.33
142,Slay the Spire,7,2019,431620,15239,4370,44,2989,580,20,28.32
143,Bloodstained: Ritual of the Night,7,2019,430023,33913,6338,162,4582,578,45,12.68
144,SAMURAI SHODOWN,7,2019,429323,8839,8542,45,1491,577,11,48.57
145,Don't Starve Together,7,2019,426803,22888,5014,66,3740,574,30,18.65
146,The Binding of Isaac: Afterbirth,7,2019,424520,15588,18989,46,2731,571,20,27.23
147,Cooking Simulator,7,2019,421214,5183,28094,22,1781,566,6,81.27
148,Call of Duty: Modern Warfare Remastered,7,2019,411548,19201,40452,65,5959,553,25,21.43
149,Hollow Knight,7,2019,411005,35871,6029,93,5228,553,48,11.46
150,Gears of War 4,7,2019,408980,36758,49535,143,6174,550,49,11.13
151,Oxygen Not Included,7,2019,402600,14048,15686,128,1596,541,18,28.66
152,MLB The Show 19,7,2019,398774,16116,14780,55,4043,536,21,24.74
153,Diablo II: Lord of Destruction,7,2019,390902,14310,12929,46,999,526,19,27.32
154,The Elder Scrolls: Legends,7,2019,390550,5866,6340,22,382,525,7,66.58
155,Dragon Ball FighterZ,7,2019,390173,17849,8640,60,3951,525,24,21.86
156,Splatoon 2,7,2019,389951,37281,17663,344,4269,524,50,10.46
157,Guild Wars 2,7,2019,377383,27667,2075,75,2545,507,37,13.64
158,Friday the 13th: The Game,7,2019,367087,31796,13085,102,7172,494,42,11.55
159,Kerbal Space Program,7,2019,366691,10352,29766,41,1339,493,13,35.42
160,The Legend of Zelda: A Link to the Past,7,2019,365010,22006,20574,95,1709,491,29,16.59
161,Earth Defense Force 5,7,2019,362395,10754,23317,57,1262,487,14,33.7
162,Makers & Crafting,7,2019,357990,28320,7276,77,2460,481,38,12.64
163,Human: Fall Flat,7,2019,355158,10458,14346,40,4716,478,14,33.96
164,Red Dead Redemption 2,7,2019,352872,65504,10187,151,10231,474,88,5.39
165,Shadowverse,7,2019,344720,15144,2298,56,1173,463,20,22.76
166,Fallout 76,7,2019,336104,40439,5495,107,4769,452,54,8.31
167,Hearts of Iron IV,7,2019,335309,10802,3202,38,1485,451,14,31.04
168,Minion Masters,7,2019,329654,15468,1233,42,1556,443,20,21.31
169,The Surge 2,7,2019,328091,278,28840,10,63,441,0,1180.18
170,The Legend of Zelda: Majora's Mask,7,2019,327184,7000,2780,27,662,440,9,46.74
171,God of War,7,2019,325657,21026,5902,61,3285,438,28,15.49
172,Yu-Gi-Oh! Duel Links,7,2019,323495,10566,4442,31,1514,435,14,30.62
173,For Honor,7,2019,320810,32109,20092,90,6281,431,43,9.99
174,Detroit: Become Human,7,2019,320180,30721,3696,102,17302,430,41,10.42
175,Grand Theft Auto: San Andreas,7,2019,317693,19194,8152,56,3878,427,25,16.55
176,FTL: Faster Than Light,7,2019,316724,4599,9075,24,961,426,6,68.87
177,Risk of Rain 2,7,2019,316315,22097,21281,74,6088,425,29,14.31
178,Outlast,7,2019,308482,13262,13676,44,5073,415,17,23.26
179,Farming Simulator 19,7,2019,300834,34833,5452,114,3698,404,46,8.64
180,Fitness & Health,7,2019,299346,6172,43099,19,1117,402,8,48.5
181,M.U.G.E.N,7,2019,295983,3613,832,10,72,398,4,81.92
182,Brawl Stars,7,2019,292706,22940,8452,59,2895,393,30,12.76
183,Europa Universalis IV,7,2019,291237,10828,2423,44,897,391,14,26.9
184,Welcome to the Game II,7,2019,286006,2743,20133,15,808,384,3,104.27
185,The Last of Us,7,2019,285436,15882,21373,45,1221,384,21,17.97
186,Beat Saber,7,2019,284788,34533,8738,93,8646,383,46,8.25
187,My Friend Pedro,7,2019,283073,6298,31539,44,2852,380,8,44.95
188,Princess Connect! Re:Dive,7,2019,282946,6625,13554,70,621,380,8,42.71
189,DOOM,7,2019,280224,17707,14080,70,5260,377,23,15.83
190,Assassin's Creed: Odyssey,7,2019,277418,33495,4628,118,6399,373,45,8.28
191,Russian Fishing 4,7,2019,277229,15557,1169,50,808,373,20,17.82
192,Layers of Fear 2,7,2019,275667,3437,26329,18,1169,371,4,80.21
193,Wrestling,7,2019,275226,4375,13656,27,166,370,5,62.91
194,Pok<U+00E9>mon Ultra Sun/Ultra Moon,7,2019,273983,9431,1663,32,832,368,12,29.05
195,Just Dance 2019,7,2019,273103,3349,25233,17,689,367,4,81.55
196,Fate/Grand Order,7,2019,270762,13093,6132,66,1247,364,17,20.68
197,Bloodborne,7,2019,269392,24460,4079,67,3692,362,32,11.01
198,Raft,7,2019,267527,12957,10960,53,2929,360,17,20.65
199,Eternal Card Game,7,2019,267055,3482,2306,12,218,359,4,76.7
200,Fallout 4,7,2019,265378,38531,6331,106,5571,357,51,6.89
1,Fortnite,8,2019,89053008,5436945,357529,14870,596217,119856,7317,16.38
2,League of Legends,8,2019,86094493,1977780,455329,5256,187707,115874,2661,43.53
3,Dota 2,8,2019,70885379,487148,1045985,1174,37081,95404,655,145.51
4,World of Warcraft,8,2019,67894760,1594116,1103295,19085,111263,91379,2145,42.59
5,Just Chatting,8,2019,65042052,1002669,203000,1967,155221,87539,1349,64.87
6,Grand Theft Auto V,8,2019,64717903,887662,204916,2146,101665,87103,1194,72.91
7,Counter-Strike: Global Offensive,8,2019,46112933,974890,518564,2281,147984,62063,1312,47.3
8,Overwatch,8,2019,35080281,898039,156073,2813,113361,47214,1208,39.06
9,Minecraft,8,2019,32739148,1301621,233472,2979,202798,44063,1751,25.15
10,Teamfight Tactics,8,2019,29354278,539011,88505,1322,70274,39507,725,54.46
11,PLAYERUNKNOWN'S BATTLEGROUNDS,8,2019,25014982,1049803,271355,2165,94655,33667,1412,23.83
12,Hearthstone,8,2019,21542434,123139,112249,905,15433,28993,165,174.94
13,Apex Legends,8,2019,19524222,1410103,194143,4389,166956,26277,1897,13.85
14,Tom Clancy's Rainbow Six Siege,8,2019,14232043,872935,194684,2034,135115,19154,1174,16.3
15,Slots,8,2019,12481734,54099,111701,139,3267,16799,72,230.72
16,Call of Duty: Black Ops 4,8,2019,10387237,741615,220935,2087,79985,13980,998,14.01
17,Dead by Daylight,8,2019,8059395,446681,39159,963,46565,10847,601,18.04
18,Super Mario Maker 2,8,2019,7144392,99436,31187,292,7907,9615,133,71.85
19,Remnant: From the Ashes,8,2019,6605443,196163,94947,1086,24758,8890,264,33.67
20,Rust,8,2019,5584593,153286,37386,484,15449,7516,206,36.43
21,Super Smash Bros. Ultimate,8,2019,5448489,86520,271926,383,10774,7333,116,62.97
22,Destiny 2,8,2019,5366944,428190,74108,1144,41033,7223,576,12.53
23,StarCraft II,8,2019,4903744,64235,45830,137,6261,6599,86,76.34
24,Magic: The Gathering,8,2019,4547164,66529,24218,157,6927,6120,89,68.35
25,Art,8,2019,4399934,269035,15332,569,28552,5921,362,16.35
26,Old School RuneScape,8,2019,4328771,93183,17211,214,7282,5826,125,46.45
27,Poker,8,2019,4231651,52273,26415,167,3079,5695,70,80.95
28,FIFA 19,8,2019,4139297,156032,163812,581,25701,5571,210,26.53
29,Music,8,2019,4016707,252484,20097,472,13232,5406,339,15.91
30,Rocket League,8,2019,3858568,265216,41865,653,58293,5193,356,14.55
31,Dota Underlords,8,2019,3558956,63567,20710,196,7855,4789,85,55.99
32,Fire Emblem: Three Houses,8,2019,3540938,103810,25207,398,5755,4765,139,34.11
33,Black Desert Online,8,2019,3422964,143101,28018,290,9585,4606,192,23.92
34,No Man's Sky,8,2019,3294601,121254,68188,835,17239,4434,163,27.17
35,FINAL FANTASY XIV Online,8,2019,3253671,311020,27189,1707,20982,4379,418,10.46
36,ASMR,8,2019,3143092,44961,15294,89,1328,4230,60,69.91
37,World of Tanks,8,2019,3093600,114584,61123,323,8974,4163,154,27.0
38,Madden NFL 20,8,2019,3066411,205217,33946,714,24909,4127,276,14.94
39,Tekken 7,8,2019,3035084,50706,236556,113,7956,4084,68,59.86
40,Talk Shows & Podcasts,8,2019,3028931,56424,72689,174,7622,4076,75,53.68
41,Call of Duty: Warzone,8,2019,2834656,59040,387902,1762,16771,3815,79,48.01
42,Street Fighter V,8,2019,2768690,35503,194951,116,4185,3726,47,77.98
43,Monster Hunter: World,8,2019,2739660,153332,22814,385,19494,3687,206,17.87
44,Escape From Tarkov,8,2019,2678092,164073,14228,389,10726,3604,220,16.32
45,Games + Demos,8,2019,2656203,40041,27833,100,7341,3574,53,66.34
46,Oxygen Not Included,8,2019,2580606,50736,26229,140,4865,3473,68,50.86
47,ARK: Survival Evolved,8,2019,2356866,135677,31947,355,10944,3172,182,17.37
48,Path of Exile,8,2019,2323274,81605,19950,222,6719,3126,109,28.47
49,Hunt: Showdown,8,2019,2182344,76929,31759,261,8229,2937,103,28.37
50,The Dark Pictures Anthology: Man of Medan,8,2019,2036243,24472,96786,1097,6872,2740,32,83.21
51,Ancestors: The Humankind Odyssey,8,2019,2002614,20579,56387,339,3660,2695,27,97.31
52,Special Events,8,2019,1998414,13840,391074,580,2552,2689,18,144.39
53,DayZ,8,2019,1874398,123442,25587,413,11633,2522,166,15.18
54,Dungeons & Dragons,8,2019,1864210,40653,57307,194,3971,2509,54,45.86
55,The Elder Scrolls Online,8,2019,1854376,64682,17328,179,5932,2495,87,28.67
56,Chess,8,2019,1836115,15192,24780,56,1342,2471,20,120.86
57,Tibia,8,2019,1800658,72379,6216,185,4157,2423,97,24.88
58,World of Warships,8,2019,1786750,57828,12119,160,4457,2404,77,30.9
59,Warcraft III,8,2019,1663564,32984,23686,94,2127,2238,44,50.44
60,NBA 2K19,8,2019,1635473,151311,36907,481,23301,2201,203,10.81
61,Control,8,2019,1616682,28574,61516,557,6148,2175,38,56.58
62,Warframe,8,2019,1564993,133858,59489,323,14035,2106,180,11.69
63,Travel & Outdoors,8,2019,1562667,55723,59951,120,17693,2103,74,28.04
64,Retro,8,2019,1559404,87110,6981,200,5968,2098,117,17.9
65,Diablo III,8,2019,1482358,76564,23799,962,9651,1995,103,19.36
66,Mortal Kombat 11,8,2019,1471805,43928,67732,170,7834,1980,59,33.5
67,SMITE,8,2019,1465897,99204,10497,249,11615,1972,133,14.78
68,Dark Souls,8,2019,1339106,36436,10171,95,4424,1802,49,36.75
69,Heroes of the Storm,8,2019,1309385,71271,9463,167,6504,1762,95,18.37
70,Marbles On Stream,8,2019,1165954,32054,26095,93,4117,1569,43,36.37
71,Science & Technology,8,2019,1102325,66287,11105,141,4865,1483,89,16.63
72,Sea of Thieves,8,2019,1071830,89848,16255,284,11280,1442,120,11.93
73,Lineage II: The Chaotic Throne - The 1st Throne: The Kamael,8,2019,1033451,28581,7212,99,1477,1390,38,36.16
74,Heroes of Might and Magic III: The Shadow of Death,8,2019,1007858,9716,6422,34,553,1356,13,103.73
75,Summoners War: Sky Arena,8,2019,988046,19276,17959,56,1141,1329,25,51.26
76,Dark Souls III,8,2019,980870,70139,5214,166,10061,1320,94,13.98
77,Dragon Ball FighterZ,8,2019,976360,25269,110818,126,5777,1314,34,38.64
78,osu!,8,2019,956052,146237,6752,322,30777,1286,196,6.54
79,MapleStory,8,2019,952776,44814,8394,124,3416,1282,60,21.26
80,Blair Witch,8,2019,940021,15239,132970,812,5252,1265,20,61.69
81,Dicey Dungeons,8,2019,898898,8639,36793,44,1796,1209,11,104.05
82,For Honor,8,2019,882835,56398,24011,236,10942,1188,75,15.65
83,Super Smash Bros. Melee,8,2019,875807,10715,73955,42,1669,1178,14,81.74
84,VRChat,8,2019,855392,54274,7419,158,5427,1151,73,15.76
85,PUBG Mobile,8,2019,837236,83975,7606,183,9425,1126,113,9.97
86,The Witcher 3: Wild Hunt,8,2019,814762,61504,7499,178,8064,1096,82,13.25
87,Conqueror's Blade,8,2019,806217,18428,16693,73,1169,1085,24,43.75
88,The Elder Scrolls V: Skyrim,8,2019,789832,64189,27240,164,9257,1063,86,12.3
89,Phoenix Wright: Ace Attorney Trilogy HD,8,2019,776860,5415,22710,52,686,1045,7,143.46
90,Food & Drink,8,2019,769068,13562,10183,43,3103,1035,18,56.71
91,RuneScape,8,2019,767038,29815,7613,74,3036,1032,40,25.73
92,The Sims 4,8,2019,759856,45712,12981,122,8943,1022,61,16.62
93,Twitch Sings,8,2019,736416,29577,30397,95,6664,991,39,24.9
94,The Legend of Zelda: Ocarina of Time,8,2019,702053,27884,7196,118,2256,944,37,25.18
95,Sekiro: Shadows Die Twice,8,2019,693869,28193,15895,71,6360,933,37,24.61
96,Borderlands 2,8,2019,676098,61350,7648,171,10479,909,82,11.02
97,Subnautica,8,2019,673103,24584,20587,64,4136,905,33,27.38
98,Super Mario 64,8,2019,667912,15861,23076,48,1861,898,21,42.11
99,Dofus,8,2019,665710,16040,3585,52,1322,895,21,41.5
100,Secret Neighbor,8,2019,641023,14099,33971,71,5164,862,18,45.47
101,Guild Wars 2,8,2019,632821,28891,41819,93,2747,851,38,21.9
102,iRacing,8,2019,630582,31919,8962,165,2796,848,42,19.76
103,Football Manager 2019,8,2019,627902,18006,7063,60,1597,845,24,34.87
104,Age of Empires II,8,2019,582184,12632,5719,44,1582,783,17,46.09
105,Clash Royale,8,2019,560234,11886,10318,39,2095,754,15,47.13
106,Final Fantasy VII,8,2019,559332,11529,9143,35,1250,752,15,48.52
107,"Pok<U+00E9>mon: Let's Go, Pikachu!",8,2019,557232,26507,8272,74,2494,749,35,21.02
108,Euro Truck Simulator 2,8,2019,546525,63617,26385,250,9040,735,85,8.59
109,Roblox,8,2019,543548,98713,8056,254,19835,731,132,5.51
110,Fate/Grand Order,8,2019,534679,16716,18637,65,1485,719,22,31.99
111,Battlefield V,8,2019,532852,61600,27171,172,15369,717,82,8.65
112,Diablo II: Lord of Destruction,8,2019,529615,22571,4606,106,1247,712,30,23.46
113,The Legend of Zelda: Breath of the Wild,8,2019,525634,35802,5405,99,3513,707,48,14.68
114,Auto Chess,8,2019,524317,14696,12696,48,1506,705,19,35.68
115,Twitch Plays,8,2019,522225,13354,29071,26,204,702,17,39.11
116,RimWorld,8,2019,522176,24367,5302,63,2584,702,32,21.43
117,Silver Chains,8,2019,521623,3355,26167,50,1029,702,4,155.48
118,They Are Billions,8,2019,521176,10827,7030,38,1103,701,14,48.14
119,7 Days to Die,8,2019,520471,49878,5491,140,4799,700,67,10.43
120,Gwent: The Witcher Card Game,8,2019,519488,9901,2306,34,818,699,13,52.47
121,Always On,8,2019,511722,2841,2099,6,10,688,3,180.12
122,Telling Lies,8,2019,510276,2312,34822,39,596,686,3,220.71
123,Star Citizen,8,2019,503163,22330,4578,78,1879,677,30,22.53
124,Age of Wonders: Planetfall,8,2019,501000,10589,11622,153,1379,674,14,47.31
125,Minion Masters,8,2019,489490,23810,14840,102,2958,658,32,20.56
126,The Binding of Isaac: Afterbirth,8,2019,481015,15478,12303,49,2773,647,20,31.08
127,Ring Of Elysium,8,2019,474000,40382,53735,139,5602,637,54,11.74
128,Astral Chain,8,2019,467780,10554,30811,391,2092,629,14,44.32
129,Terraria,8,2019,467350,35448,10140,108,6485,629,47,13.18
130,Project Winter,8,2019,466483,3371,30930,25,652,627,4,138.38
131,Paladins,8,2019,466103,72170,21535,166,13668,627,97,6.46
132,Epic Seven,8,2019,463283,15793,3561,97,1219,623,21,29.33
133,Arma 3,8,2019,462687,49992,5925,209,5787,622,67,9.26
134,Realm Royale,8,2019,461915,65633,3360,160,8595,621,88,7.04
135,God of War,8,2019,461676,21201,16329,60,3256,621,28,21.78
136,GeoGuessr,8,2019,457878,3089,11064,21,840,616,4,148.23
137,Wrestling,8,2019,437545,4062,48683,25,174,588,5,107.72
138,Dragon Quest Builders 2,8,2019,431992,17822,6470,60,1471,581,23,24.24
139,Rebel Galaxy Outlaw,8,2019,426154,4818,28382,60,746,573,6,88.45
140,Metin2,8,2019,424323,22135,2982,77,1618,571,29,19.17
141,Dauntless,8,2019,418931,42963,12271,110,7664,563,57,9.75
142,Tom Clancy's The Division 2,8,2019,418117,54545,2183,161,9031,562,73,7.67
143,SAMURAI SHODOWN,8,2019,414983,4026,74167,22,806,558,5,103.08
144,Pok<U+00E9>mon Ultra Sun/Ultra Moon,8,2019,411731,8654,18445,33,794,554,11,47.58
145,Darkest Dungeon,8,2019,407076,14066,7596,43,2127,547,18,28.94
146,Warhammer: Vermintide 2,8,2019,405372,24954,21529,116,4236,545,33,16.24
147,60 Seconds!,8,2019,402052,2052,23955,15,918,541,2,195.93
148,Don't Starve Together,8,2019,400976,27804,3365,68,4055,539,37,14.42
149,M.U.G.E.N,8,2019,399545,3958,1041,8,75,537,5,100.95
150,Pok<U+00E9>mon Trading Card Game,8,2019,394063,4090,19377,16,551,530,5,96.35
151,Red Dead Redemption 2,8,2019,392261,65739,4406,166,9536,527,88,5.97
152,Visage,8,2019,390915,5679,15522,27,1667,526,7,68.84
153,Metro Exodus,8,2019,388157,13437,24544,87,3342,522,18,28.89
154,Farming Simulator 19,8,2019,381384,38765,4282,139,3944,513,52,9.84
155,UnderMine,8,2019,376912,3599,26395,37,648,507,4,104.73
156,Princess Connect! Re:Dive,8,2019,374703,6667,8429,46,633,504,8,56.2
157,Resident Evil 2,8,2019,371462,29480,7713,79,5524,499,39,12.6
158,StarCraft,8,2019,370378,13310,14206,37,1318,498,17,27.83
159,The Forest,8,2019,365971,30693,34040,89,7067,492,41,11.92
160,Fitness & Health,8,2019,354765,6423,31973,22,1148,477,8,55.23
161,Slay the Spire,8,2019,352712,16778,9521,48,3574,474,22,21.02
162,Bloodborne,8,2019,349604,27129,4876,71,3929,470,36,12.89
163,Kerbal Space Program,8,2019,348900,13225,8562,54,1825,469,17,26.38
164,Grand Theft Auto: San Andreas,8,2019,346531,18111,11740,64,3605,466,24,19.13
165,Crypto,8,2019,344301,17060,1285,35,154,463,22,20.18
166,Garry's Mod,8,2019,344160,22009,31626,72,6207,463,29,15.64
167,BlazBlue: Cross Tag Battle,8,2019,344093,3962,99122,19,886,463,5,86.85
168,Detroit: Become Human,8,2019,339864,13795,9379,53,5850,457,18,24.64
169,Stardew Valley,8,2019,336506,37851,2602,94,6603,452,50,8.89
170,Yu-Gi-Oh! Duel Links,8,2019,329730,11170,4211,38,1572,443,15,29.52
171,Albion Online,8,2019,324397,21975,1702,73,1834,436,29,14.76
172,The Elder Scrolls: Legends,8,2019,311084,5181,1587,21,331,418,6,60.04
173,Beat Saber,8,2019,309246,35802,14256,93,8834,416,48,8.64
174,Cyberpunk 2077,8,2019,308507,913,313234,238,290,415,1,337.9
175,Fallout 4,8,2019,308385,42317,2545,105,5482,415,56,7.29
176,War Thunder,8,2019,302404,34689,20480,109,4379,407,46,8.72
177,Until Dawn,8,2019,300256,3588,7204,18,1289,404,4,83.68
178,Life is Strange 2,8,2019,298446,9031,29416,268,2397,401,12,33.05
179,LOST ARK,8,2019,298253,11788,6390,47,705,401,15,25.3
180,Hearts of Iron IV,8,2019,297871,10579,9136,41,1437,400,14,28.16
181,Satisfactory,8,2019,297507,21195,18498,83,2545,400,28,14.04
182,Halo: The Master Chief Collection,8,2019,295754,27805,2477,103,4007,398,37,10.64
183,F1 2019,8,2019,294923,17145,5377,122,3871,396,23,17.2
184,Shadowverse,8,2019,294512,11835,3435,54,1015,396,15,24.88
185,Dark Souls II: Scholar of the First Sin,8,2019,293666,18428,7575,57,2226,395,24,15.94
186,NBA 2K20,8,2019,291122,6605,22852,511,2136,391,8,44.08
187,Makers & Crafting,8,2019,290645,28335,8012,78,2395,391,38,10.26
188,Hide Or Die,8,2019,289859,6025,25733,135,1301,390,8,48.11
189,Outlast,8,2019,289337,12960,23388,47,4786,389,17,22.33
190,Europa Universalis IV,8,2019,286957,9949,2880,39,869,386,13,28.84
191,Fallout 76,8,2019,282406,33812,2708,98,3963,380,45,8.35
192,Quake Champions,8,2019,281538,16527,11003,53,1933,378,22,17.04
193,The Legend of Zelda: Majora's Mask,8,2019,277282,7108,4509,28,720,373,9,39.01
194,MLB The Show 19,8,2019,276837,11259,16356,44,2900,372,15,24.59
195,Gears of War 4,8,2019,275292,43732,10995,161,6989,370,58,6.29
196,Hollow Knight,8,2019,273210,29697,3380,75,4207,367,39,9.2
197,"Warhammer 40,000: Inquisitor - Prophecy",8,2019,272130,1401,18992,13,151,366,1,194.24
198,The Legend of Zelda: A Link to the Past,8,2019,271301,22614,5222,101,1640,365,30,12.0
199,SoulCalibur VI,8,2019,268594,6782,41853,40,1229,361,9,39.6
200,Age of Empires: Definitive Edition,8,2019,268536,1770,30412,21,362,361,2,151.72
1,World of Warcraft,9,2019,89821179,2264059,376038,7890,126563,124925,3148,39.67
2,League of Legends,9,2019,77579176,1977556,650591,4454,182545,107898,2750,39.23
3,Just Chatting,9,2019,63835583,971238,245697,2777,148818,88783,1350,65.73
4,Fortnite,9,2019,60441768,3521012,329388,9472,406624,84063,4897,17.17
5,Counter-Strike: Global Offensive,9,2019,46007837,914564,659147,2416,138048,63988,1271,50.31
6,Grand Theft Auto V,9,2019,39488952,643978,162573,1836,67389,54922,895,61.32
7,Dota 2,9,2019,25854637,449103,126517,1269,34090,35959,624,57.57
8,Minecraft,9,2019,23589113,1010450,176485,2955,164966,32808,1405,23.35
9,Overwatch,9,2019,21867082,705530,321314,1717,92814,30413,981,30.99
10,FIFA 20,9,2019,18620218,194424,183987,2047,29956,25897,270,95.77
11,PLAYERUNKNOWN'S BATTLEGROUNDS,9,2019,18394522,833556,67780,1825,73390,25583,1159,22.07
12,Hearthstone,9,2019,16646994,98984,64916,323,11793,23152,137,168.18
13,Borderlands 3,9,2019,16612953,780334,219838,7217,74034,23105,1085,21.29
14,Teamfight Tactics,9,2019,15626703,279327,122332,636,42174,21733,388,55.94
15,Slots,9,2019,15554827,68860,200521,174,4046,21633,95,225.89
16,Apex Legends,9,2019,14704724,1082112,88868,2931,124810,20451,1505,13.59
17,Call of Duty: Warzone,9,2019,12193758,434896,292025,7316,87551,16959,604,28.04
18,Tom Clancy's Rainbow Six Siege,9,2019,10901350,854160,84705,2438,130459,15161,1187,12.76
19,Special Events,9,2019,8874155,14961,468944,811,3287,12342,20,593.15
20,Dead by Daylight,9,2019,8840404,487915,50535,1606,49968,12295,678,18.12
21,Monster Hunter: World,9,2019,8467220,282546,75752,1113,22900,11776,392,29.97
22,NBA 2K20,9,2019,7320988,327037,57229,3034,34395,10182,454,22.39
23,Path of Exile,9,2019,7315006,210760,77271,2171,12476,10173,293,34.71
24,Call of Duty: Black Ops 4,9,2019,5757725,532182,75170,1675,59590,8007,740,10.82
25,Magic: The Gathering,9,2019,4990699,65827,39180,338,7116,6941,91,75.82
26,Poker,9,2019,4953806,56330,34970,205,3088,6889,78,87.94
27,Escape From Tarkov,9,2019,4515330,154586,46495,394,10274,6280,215,29.21
28,Art,9,2019,4333359,253484,21410,548,27296,6026,352,17.1
29,Gears 5,9,2019,3966744,273216,47475,2273,38262,5517,379,14.52
30,Destiny 2,9,2019,3929168,322090,24985,906,33351,5464,447,12.2
31,Talk Shows & Podcasts,9,2019,3906782,55499,78097,356,7541,5433,77,70.39
32,Music,9,2019,3858561,228944,28558,447,12796,5366,318,16.85
33,Super Smash Bros. Ultimate,9,2019,3829217,85212,47102,755,11081,5325,118,44.94
34,StarCraft II,9,2019,3807372,56266,58637,126,5267,5295,78,67.67
35,Old School RuneScape,9,2019,3784233,76824,24083,178,6158,5263,106,49.26
36,Super Mario Maker 2,9,2019,3642105,58073,20430,174,4804,5065,80,62.72
37,Rocket League,9,2019,3512205,250133,70148,654,52006,4884,347,14.04
38,ASMR,9,2019,2803545,44251,9041,84,1118,3899,61,63.36
39,World of Tanks,9,2019,2792577,107518,23240,342,8486,3883,149,25.97
40,Code Vein,9,2019,2644449,65423,63561,991,9115,3677,90,40.42
41,The Legend of Zelda: Link's Awakening,9,2019,2547753,72216,57713,1006,9059,3543,100,35.28
42,Black Desert Online,9,2019,2305029,126861,6354,295,8335,3205,176,18.17
43,Dota Underlords,9,2019,2220309,34369,14383,106,4299,3088,47,64.6
44,Rust,9,2019,2193726,115415,28018,396,12163,3051,160,19.01
45,Ancestors: The Humankind Odyssey,9,2019,2006642,33439,45130,272,4777,2790,46,60.01
46,Green Hell,9,2019,1998599,21633,43695,130,2592,2779,30,92.39
47,Madden NFL 20,9,2019,1976055,147916,119051,622,20224,2748,205,13.36
48,Tekken 7,9,2019,1929707,52215,23642,200,8139,2683,72,36.96
49,The Dark Pictures Anthology: Man of Medan,9,2019,1909323,53326,34090,523,13870,2655,74,35.8
50,GreedFall,9,2019,1824843,48489,64452,564,6046,2538,67,37.63
51,FINAL FANTASY XIV Online,9,2019,1819834,165842,63045,897,14742,2531,230,10.97
52,Hunt: Showdown,9,2019,1812074,82756,48553,272,8360,2520,115,21.9
53,Tom Clancy's Ghost Recon: Breakpoint,9,2019,1767418,62438,118854,912,16241,2458,86,28.31
54,World of Warships,9,2019,1680298,55756,12180,170,4458,2336,77,30.14
55,Tibia,9,2019,1678332,69361,5398,183,4060,2334,96,24.2
56,The Elder Scrolls Online,9,2019,1595898,57615,15496,164,5102,2219,80,27.7
57,Chess,9,2019,1534177,14512,15399,73,1246,2133,20,105.72
58,Dofus,9,2019,1531157,21079,23871,192,2198,2129,29,72.64
59,Games + Demos,9,2019,1526430,33279,26413,94,6405,2122,46,45.87
60,Retro,9,2019,1498293,82586,8738,211,6283,2083,114,18.14
61,Warcraft III,9,2019,1449627,27811,8424,80,1698,2016,38,52.12
62,Planet Zoo,9,2019,1436351,12928,72500,329,2152,1997,17,111.1
63,The Surge 2,9,2019,1379007,13549,52272,218,1807,1917,18,101.78
64,SMITE,9,2019,1337825,87158,8756,231,10071,1860,121,15.35
65,DayZ,9,2019,1335575,85643,15114,237,8087,1857,119,15.59
66,Travel & Outdoors,9,2019,1319777,51737,107430,145,15452,1835,71,25.51
67,ARK: Survival Evolved,9,2019,1304086,103787,13228,309,8416,1813,144,12.57
68,Street Fighter V,9,2019,1290087,24899,26792,65,2848,1794,34,51.81
69,Dungeons & Dragons,9,2019,1284940,38207,59554,208,3886,1787,53,33.63
70,Blasphemous,9,2019,1281563,27468,22993,255,4496,1782,38,46.66
71,Sea of Thieves,9,2019,1246824,96383,23025,330,12748,1734,134,12.94
72,Blair Witch,9,2019,1213487,47061,31354,515,14739,1687,65,25.79
73,Red Dead Redemption 2,9,2019,1094002,110547,19942,411,13672,1521,153,9.9
74,Heroes of the Storm,9,2019,1089912,55318,5319,131,5333,1515,76,19.7
75,Untitled Goose Game,9,2019,1050902,14144,31186,168,5127,1461,19,74.3
76,Warframe,9,2019,1015175,98019,22532,258,10659,1411,136,10.36
77,Lineage II: The Chaotic Throne - The 1st Throne: The Kamael,9,2019,992915,30886,5574,107,1438,1380,42,32.15
78,StarCraft,9,2019,958092,11656,65315,44,1096,1332,16,82.2
79,osu!,9,2019,936832,134775,20411,384,28412,1302,187,6.95
80,Summoners War: Sky Arena,9,2019,883629,17383,12976,52,1081,1228,24,50.83
81,Astral Chain,9,2019,875207,31579,28180,240,3352,1217,43,27.71
82,Marbles On Stream,9,2019,860548,27482,24325,88,3829,1196,38,31.31
83,Cube World,9,2019,853426,21667,40613,531,4736,1186,30,39.39
84,Phoenix Wright: Ace Attorney Trilogy HD,9,2019,810575,7195,17295,52,726,1127,10,112.66
85,VRChat,9,2019,791018,48107,8361,164,5024,1100,66,16.44
86,Dark Souls,9,2019,790893,28111,8561,89,3716,1099,39,28.13
87,The Sims 4,9,2019,786917,44450,13203,241,8368,1094,61,17.7
88,Heroes of Might and Magic III: The Shadow of Death,9,2019,782887,8136,3981,31,437,1088,11,96.23
89,Dark Souls III,9,2019,777388,58792,14902,153,8692,1081,81,13.22
90,Diablo III,9,2019,776230,58474,9007,225,7134,1079,81,13.27
91,Food & Drink,9,2019,760769,12347,32054,37,2950,1058,17,61.62
92,Control,9,2019,723738,38228,26552,257,6925,1006,53,18.93
93,Slay the Spire,9,2019,710745,17443,9491,90,3643,988,24,40.75
94,FIFA 19,9,2019,708277,62743,39433,364,15121,985,87,11.29
95,Remnant: From the Ashes,9,2019,705415,80813,11268,452,13050,981,112,8.73
96,PUBG Mobile,9,2019,703565,68319,5386,179,8125,978,95,10.3
97,7 Days to Die,9,2019,686728,41786,16554,122,3898,955,58,16.43
98,The Legend of Zelda: Ocarina of Time,9,2019,678669,24668,8840,113,2003,943,34,27.51
99,Gwent: The Witcher Card Game,9,2019,643595,9721,14603,39,750,895,13,66.21
100,Science & Technology,9,2019,641853,62117,14073,147,4708,892,86,10.33
101,Star Citizen,9,2019,619095,20728,9189,67,1732,861,28,29.87
102,eFootball PES 2020,9,2019,614694,23320,19335,169,2831,854,32,26.36
103,Super Smash Bros. Melee,9,2019,599617,9769,44029,42,1539,833,13,61.38
104,Clash Royale,9,2019,592699,9622,14667,34,1726,824,13,61.6
105,MapleStory,9,2019,584128,36604,2679,112,2807,812,50,15.96
106,Age of Empires II,9,2019,582784,12240,11904,42,1416,810,17,47.61
107,Mortal Kombat 11,9,2019,573304,28563,14872,91,5101,797,39,20.07
108,LOST ARK,9,2019,547386,22291,11604,280,1591,761,31,24.56
109,Borderlands 2,9,2019,546455,48937,14371,236,10186,760,68,11.17
110,iRacing,9,2019,543243,31791,12318,146,2936,755,44,17.09
111,Final Fantasy VIII,9,2019,542811,31646,11259,321,3238,754,44,17.15
112,AI: The Somnium Files,9,2019,532612,5032,17670,36,464,740,6,105.84
113,Minion Masters,9,2019,518487,18892,7795,55,1790,721,26,27.44
114,Super Mario 64,9,2019,516296,12926,50106,40,1576,718,17,39.94
115,RimWorld,9,2019,513397,21579,7926,63,2169,714,30,23.79
116,Always On,9,2019,509380,2845,25501,5,7,708,3,179.04
117,Dragon Ball FighterZ,9,2019,508723,22517,10593,150,4796,707,31,22.59
118,Twitch Sings,9,2019,503817,25404,12883,88,5492,700,35,19.83
119,ArcheAge,9,2019,502114,11834,6809,53,1053,698,16,42.43
120,RuneScape,9,2019,498148,25450,5848,74,2481,692,35,19.57
121,Sekiro: Shadows Die Twice,9,2019,497228,20347,58815,56,4738,691,28,24.44
122,M.U.G.E.N,9,2019,495805,3589,1871,10,117,689,4,138.15
123,The Legend of Zelda: Breath of the Wild,9,2019,478589,26448,63594,78,2897,665,36,18.1
124,Dauntless,9,2019,476092,40084,26216,165,6675,662,55,11.88
125,The Elder Scrolls V: Skyrim,9,2019,475362,48045,5650,143,7211,661,66,9.89
126,Don't Starve Together,9,2019,474631,22362,4592,66,3311,660,31,21.22
127,Euro Truck Simulator 2,9,2019,472285,57687,20994,253,8075,656,80,8.19
128,TrackMania 2: Stadium,9,2019,470568,5055,96687,35,844,654,7,93.09
129,Diablo II: Lord of Destruction,9,2019,468157,11120,4394,33,717,651,15,42.1
130,The Witcher 3: Wild Hunt,9,2019,458025,46508,3734,153,6581,637,64,9.85
131,Oxygen Not Included,9,2019,441233,22617,12208,68,2378,613,31,19.51
132,Epic Seven,9,2019,434480,15336,2602,83,1172,604,21,28.33
133,Stardew Valley,9,2019,434081,33927,10769,92,6162,603,47,12.79
134,Beat Saber,9,2019,428941,34354,28839,106,8295,596,47,12.49
135,Total War: Warhammer II,9,2019,424370,15530,4872,105,1495,590,21,27.33
136,Noita,9,2019,424159,6142,16774,76,1604,589,8,69.06
137,Yu-Gi-Oh! Duel Links,9,2019,416912,11546,7604,39,1607,579,16,36.11
138,Crypto,9,2019,415313,18425,1241,34,168,577,25,22.54
139,Celeste,9,2019,415069,32004,21818,222,6406,577,44,12.97
140,Fitness & Health,9,2019,415016,6641,80690,37,1086,577,9,62.49
141,Paladins,9,2019,408719,61892,1419,167,11117,568,86,6.6
142,Catherine: Full Body,9,2019,404526,15542,10171,127,1965,562,21,26.03
143,Children of Morta,9,2019,401255,8875,15909,98,1735,558,12,45.21
144,Roblox,9,2019,397551,73391,3960,236,15258,552,102,5.42
145,War Thunder,9,2019,396601,35691,4065,121,4680,551,49,11.11
146,Realm Royale,9,2019,391218,53262,2533,137,6874,544,74,7.35
147,No Man's Sky,9,2019,388457,37549,7853,178,4995,540,52,10.35
148,The Binding of Isaac: Afterbirth,9,2019,385698,13017,7013,54,2682,536,18,29.63
149,Guild Wars 2,9,2019,380959,31769,3121,158,3065,529,44,11.99
150,Daymare: 1998,9,2019,375548,4610,26518,76,1062,522,6,81.46
151,Risk of Rain 2,9,2019,374465,30365,9588,203,7185,520,42,12.33
152,Battlefield V,9,2019,371855,52050,2349,173,11890,517,72,7.14
153,Auto Chess,9,2019,371532,10380,4101,29,983,516,14,35.79
154,"Pok<U+00E9>mon: Let's Go, Pikachu!",9,2019,366496,21042,4480,73,2100,509,29,17.42
155,Garena Free Fire,9,2019,363368,23204,3168,73,2280,505,32,15.66
156,Fire Emblem: Three Houses,9,2019,360841,31614,2557,106,2463,501,43,11.41
157,Farming Simulator 19,9,2019,357392,37382,5851,135,3721,497,51,9.56
158,NHL 20,9,2019,350876,17566,2017,105,3540,488,24,19.97
159,Breathedge,9,2019,334801,3739,14922,28,592,465,5,89.54
160,Arma 3,9,2019,331547,43490,3852,220,4986,461,60,7.62
161,Twitch Plays,9,2019,328209,12309,2720,25,164,456,17,26.66
162,Super Mario World,9,2019,324952,10096,30618,53,1865,451,14,32.19
163,Resident Evil 2,9,2019,323649,23140,57698,73,4477,450,32,13.99
164,Dicey Dungeons,9,2019,322517,5029,10269,27,1127,448,6,64.13
165,Eternal Card Game,9,2019,320458,3689,1496,12,191,445,5,86.87
166,Quake Champions,9,2019,320102,14973,3870,60,1636,445,20,21.38
167,Europa Universalis IV,9,2019,318978,9074,2657,45,880,443,12,35.15
168,Bloodborne,9,2019,315999,20712,53211,63,3147,439,28,15.26
169,Knight Online,9,2019,311087,7207,3031,29,562,432,10,43.16
170,Kerbal Space Program,9,2019,308255,11633,7429,51,1436,428,16,26.5
171,The Forest,9,2019,305337,31809,6063,119,6877,424,44,9.6
172,Princess Connect! Re:Dive,9,2019,296930,5223,5101,33,484,412,7,56.85
173,Catherine,9,2019,296831,1361,23418,12,288,412,1,218.1
174,Grand Theft Auto: San Andreas,9,2019,287560,17551,8882,76,4475,399,24,16.38
175,The Elder Scrolls: Legends,9,2019,285221,5095,1471,18,298,396,7,55.98
176,Visage,9,2019,284535,3308,15967,19,1055,395,4,86.01
177,Hearts of Iron IV,9,2019,284374,8621,13952,40,1316,395,11,32.99
178,They Are Billions,9,2019,283321,5479,5605,20,610,394,7,51.71
179,Pok<U+00E9>mon Black/White Version 2,9,2019,281975,1896,49239,13,325,392,2,148.72
180,Final Fantasy VII,9,2019,281588,9046,8417,36,1171,391,12,31.13
181,Phoenix Wright: Ace Attorney Trilogy,9,2019,281404,2665,13806,22,431,391,3,105.59
182,Conqueror's Blade,9,2019,279440,11374,17472,48,872,388,15,24.57
183,NBA 2K19,9,2019,276578,30541,13280,345,8199,384,42,9.06
184,Metin2,9,2019,272543,11667,1838,64,1308,379,16,23.36
185,The Legend of Zelda: A Link to the Past,9,2019,263009,23024,6506,102,2320,365,32,11.42
186,Dead Cells,9,2019,259458,10674,52144,40,2877,360,14,24.31
187,Paper Mario: The Thousand-Year Door,9,2019,258017,2232,53167,15,307,358,3,115.6
188,Makers & Crafting,9,2019,257805,25761,3727,73,2167,358,35,10.01
189,For Honor,9,2019,255845,32114,5791,96,6108,355,44,7.97
190,The Legend of Zelda: The Wind Waker,9,2019,254872,3031,53466,17,466,354,4,84.09
191,Mario Kart 8,9,2019,253180,10523,9359,67,2827,352,14,24.06
192,Fate/Grand Order,9,2019,251552,12052,1309,44,1083,349,16,20.87
193,GeoGuessr,9,2019,250903,1688,15463,12,497,348,2,148.64
194,Shadowverse,9,2019,250523,12004,4283,79,971,348,16,20.87
195,Subnautica,9,2019,250049,16875,4077,53,3010,347,23,14.82
196,Pummel Party,9,2019,248005,4833,34772,44,1893,344,6,51.31
197,Football Manager 2019,9,2019,247771,11860,7349,59,1208,344,16,20.89
198,Ragnarok Online,9,2019,245297,15873,1623,66,935,341,22,15.45
199,Call of Duty: Modern Warfare Remastered,9,2019,244023,19316,8694,76,6035,339,26,12.63
200,Dark Souls II: Scholar of the First Sin,9,2019,243738,14482,3404,43,1875,338,20,16.83
1,League of Legends,10,2019,125658644,2204626,1100440,5944,195507,169123,2967,57.0
2,Fortnite,10,2019,79089347,3933947,1611930,43173,437772,106445,5294,20.1
3,Just Chatting,10,2019,68419996,1089800,244285,2347,157126,92086,1466,62.78
4,Counter-Strike: Global Offensive,10,2019,44765681,932539,381582,2578,135261,60249,1255,48.0
5,Grand Theft Auto V,10,2019,36887640,595432,136460,1775,58109,49646,801,61.95
6,World of Warcraft,10,2019,36044063,1244625,139148,4003,76104,48511,1675,28.96
7,Dota 2,10,2019,30033003,449514,176174,1218,31508,40421,604,66.81
8,Apex Legends,10,2019,26681907,1717985,398711,7967,177082,35911,2312,15.53
9,FIFA 20,10,2019,25607373,422931,149965,1463,46820,34464,569,60.55
10,Call of Duty: Warzone,10,2019,22685352,758783,368801,13276,136962,30532,1021,29.9
11,PLAYERUNKNOWN'S BATTLEGROUNDS,10,2019,16600872,823528,72734,1869,72046,22343,1108,20.16
12,Minecraft,10,2019,15065040,729787,152441,2147,116877,20275,982,20.64
13,Destiny 2,10,2019,14866473,1057199,228980,7288,95976,20008,1422,14.06
14,Hearthstone,10,2019,14077580,96349,75525,290,10887,18946,129,146.11
15,Teamfight Tactics,10,2019,12473902,237776,86226,602,35995,16788,320,52.46
16,Overwatch,10,2019,10882550,682058,55125,1902,85624,14646,917,15.96
17,Legends of Runeterra,10,2019,10452278,66551,236450,884,12738,14067,89,157.06
18,Dead by Daylight,10,2019,9307698,474289,46873,1678,48078,12527,638,19.62
19,Slots,10,2019,9039598,69347,55003,169,3037,12166,93,130.35
20,Tom Clancy's Rainbow Six Siege,10,2019,8272667,710604,47273,1785,103164,11134,956,11.64
21,Escape From Tarkov,10,2019,7327890,221461,70014,1347,15293,9862,298,33.09
22,Magic: The Gathering,10,2019,7240775,78401,118164,227,8150,9745,105,92.36
23,Rocket League,10,2019,6705348,272336,96350,756,51378,9024,366,24.62
24,The Outer Worlds,10,2019,4969417,150798,76547,2045,25460,6688,202,32.95
25,Super Mario Maker 2,10,2019,4616858,53734,30315,167,4336,6213,72,85.92
26,StarCraft II,10,2019,4558486,55398,50515,137,4861,6135,74,82.29
27,Art,10,2019,4405340,278744,16032,578,28907,5929,375,15.8
28,Talk Shows & Podcasts,10,2019,4311106,61869,55848,143,7691,5802,83,69.68
29,Super Smash Bros. Ultimate,10,2019,4104082,79426,53340,281,9049,5523,106,51.67
30,Music,10,2019,4032787,239352,25986,429,13443,5427,322,16.85
31,NBA 2K20,10,2019,3833961,211944,22677,740,23110,5160,285,18.09
32,Call of Duty: Black Ops 4,10,2019,3828432,434205,16692,1308,45394,5152,584,8.82
33,Old School RuneScape,10,2019,3480790,82185,31826,185,5901,4684,110,42.35
34,Path of Exile,10,2019,3322353,108311,13174,270,6876,4471,145,30.67
35,Monster Hunter: World,10,2019,3127075,177198,25333,516,14719,4208,238,17.65
36,ASMR,10,2019,2964752,49008,8449,96,1175,3990,65,60.5
37,Borderlands 3,10,2019,2895385,203898,23460,992,27896,3896,274,14.2
38,Poker,10,2019,2873253,50930,17929,167,2838,3867,68,56.42
39,World of Tanks,10,2019,2862375,111363,13439,338,8279,3852,149,25.7
40,Sea of Thieves,10,2019,2860679,101644,54648,379,11582,3850,136,28.14
41,Code Vein,10,2019,2749328,134395,53276,554,14958,3700,180,20.46
42,Chess,10,2019,2403849,15591,27464,63,1212,3235,20,154.18
43,7 Days to Die,10,2019,2392372,97946,19611,270,7524,3219,131,24.43
44,Rust,10,2019,2265327,114273,13815,354,11679,3048,153,19.82
45,Tom Clancy's Ghost Recon: Breakpoint,10,2019,2246345,139045,83076,836,13482,3023,187,16.16
46,Warcraft III,10,2019,2073055,34523,17814,130,2374,2790,46,60.05
47,Black Desert Online,10,2019,2050208,107687,5408,240,6938,2759,144,19.04
48,Dota Underlords,10,2019,1970646,31492,13289,140,3900,2652,42,62.58
49,World of Warships,10,2019,1951102,59334,10071,169,4333,2625,79,32.88
50,Dofus,10,2019,1932183,28317,12752,110,2296,2600,38,68.23
51,DayZ,10,2019,1803767,88152,26056,232,8527,2427,118,20.46
52,Tibia,10,2019,1765874,65862,7649,165,3808,2376,88,26.81
53,Games + Demos,10,2019,1729860,40174,32310,142,7215,2328,54,43.06
54,FINAL FANTASY XIV Online,10,2019,1667171,152916,34103,973,13394,2243,205,10.9
55,ArcheAge,10,2019,1660125,42321,24171,253,3105,2234,56,39.23
56,Heroes of the Storm,10,2019,1605442,63274,21966,151,5534,2160,85,25.37
57,The Elder Scrolls Online,10,2019,1533889,53765,15574,154,4284,2064,72,28.53
58,Retro,10,2019,1506233,88089,5976,196,6095,2027,118,17.1
59,The Beast Inside,10,2019,1434750,17881,41011,179,3139,1931,24,80.24
60,Tekken 7,10,2019,1388511,43624,21971,97,6842,1868,58,31.83
61,Street Fighter V,10,2019,1382263,25291,22075,71,2619,1860,34,54.65
62,SMITE,10,2019,1344218,90879,8025,233,9415,1809,122,14.79
63,Dungeons & Dragons,10,2019,1342951,39154,52633,198,3776,1807,52,34.3
64,Star Citizen,10,2019,1339676,40022,36959,148,3116,1803,53,33.47
65,We Were Here Together,10,2019,1334636,12679,44222,103,2581,1796,17,105.26
66,Noita,10,2019,1189831,18202,20447,52,2795,1601,24,65.37
67,Special Events,10,2019,1170252,15177,83753,47,2425,1575,20,77.11
68,Dark Souls III,10,2019,1124801,55648,10267,136,7739,1513,74,20.21
69,LOST ARK,10,2019,1124309,53659,17440,643,4559,1513,72,20.95
70,Heroes of Might and Magic III: The Shadow of Death,10,2019,1092685,9301,12029,32,491,1470,12,117.48
71,Super Smash Bros. Melee,10,2019,1079181,10503,75028,42,1513,1452,14,102.75
72,Madden NFL 20,10,2019,1031448,131995,18522,546,17337,1388,177,7.81
73,Summoners War: Sky Arena,10,2019,1015829,17913,70725,51,1100,1367,24,56.71
74,Divinity: Original Sin II,10,2019,973131,13688,11212,47,1727,1309,18,71.09
75,Diablo III,10,2019,954579,39129,10120,103,4665,1284,52,24.4
76,Warframe,10,2019,944033,81768,50320,246,8299,1270,110,11.55
77,osu!,10,2019,925788,133433,11367,362,27351,1246,179,6.94
78,Fitness & Health,10,2019,917661,9149,91213,44,1642,1235,12,100.3
79,The Legend of Zelda: Link's Awakening,10,2019,910517,35503,10148,206,5030,1225,47,25.65
80,Call of Duty: Mobile,10,2019,904506,98418,15371,307,24829,1217,132,9.19
81,Food & Drink,10,2019,887451,14383,17452,44,3521,1194,19,61.7
82,Untitled Goose Game,10,2019,871855,16350,25949,100,6056,1173,22,53.32
83,VRChat,10,2019,862598,52941,4508,162,5173,1160,71,16.29
84,Mortal Kombat 11,10,2019,859642,33641,20082,185,5950,1156,45,25.55
85,Luigi's Mansion 3,10,2019,846257,9990,53972,891,3054,1138,13,84.71
86,The Sims 4,10,2019,835976,38985,28853,107,7316,1125,52,21.44
87,ARK: Survival Evolved,10,2019,819492,88709,5052,244,7119,1102,119,9.24
88,Mansions of Madness,10,2019,814533,6401,62020,122,1387,1096,8,127.25
89,PUBG Mobile,10,2019,813880,69557,26054,183,8252,1095,93,11.7
90,The Jackbox Party Pack 6,10,2019,803792,14655,29140,204,3015,1081,19,54.85
91,The Legend of Zelda: Ocarina of Time,10,2019,802983,23702,8889,129,1833,1080,31,33.88
92,Lineage II: The Chaotic Throne - The 1st Throne: The Kamael,10,2019,794674,34049,3720,114,1476,1069,45,23.34
93,Travel & Outdoors,10,2019,793800,52619,16014,180,12222,1068,70,15.09
94,Science & Technology,10,2019,784972,68735,13384,185,5605,1056,92,11.42
95,Red Dead Redemption 2,10,2019,755776,96650,4128,226,11565,1017,130,7.82
96,Little Misfortune,10,2019,701991,3832,29288,22,1198,944,5,183.19
97,Marbles On Stream,10,2019,701386,25605,29473,77,3693,943,34,27.39
98,StarCraft,10,2019,687269,11813,31347,36,969,924,15,58.18
99,MapleStory,10,2019,676833,34613,8753,96,2770,910,46,19.55
100,Ring Fit Adventure,10,2019,673788,2765,27148,28,784,906,3,243.68
101,Darkest Dungeon,10,2019,670021,12250,18418,36,1865,901,16,54.7
102,Planet Zoo,10,2019,663171,9655,21243,135,1446,892,12,68.69
103,Gwent: The Witcher Card Game,10,2019,662206,10324,4268,50,852,891,13,64.14
104,Dark Souls,10,2019,654676,26648,10286,77,3367,881,35,24.57
105,Atlas,10,2019,631669,27607,9728,94,1590,850,37,22.88
106,Indivisible,10,2019,626849,17422,19248,197,2210,843,23,35.98
107,Euro Truck Simulator 2,10,2019,622335,77336,9017,316,9290,837,104,8.05
108,M.U.G.E.N,10,2019,606307,3757,1492,10,113,816,5,161.38
109,Unrailed!,10,2019,601192,2746,34357,21,652,809,3,218.93
110,Hunt: Showdown,10,2019,600302,56435,3661,183,5246,807,75,10.64
111,Pok<U+00E9>mon Sword/Shield,10,2019,597737,1414,45429,58,278,804,1,422.73
112,The Binding of Isaac: Afterbirth,10,2019,594761,15555,9216,50,3012,800,20,38.24
113,MLB The Show 19,10,2019,587239,11853,14464,56,4224,790,15,49.54
114,The Last of Us,10,2019,585910,83553,5262,299,5918,788,112,7.01
115,Dragon Ball FighterZ,10,2019,583900,20537,13968,71,4204,785,27,28.43
116,Battlefield V,10,2019,574264,64286,17877,298,12919,772,86,8.93
117,Visage,10,2019,570277,7421,18273,142,2131,767,9,76.85
118,They Are Billions,10,2019,564661,6746,9582,22,593,759,9,83.7
119,RuneScape,10,2019,564174,26650,25174,69,2428,759,35,21.17
120,Always On,10,2019,558473,3243,3012,6,11,751,4,172.21
121,Age of Empires II,10,2019,550469,11512,13413,45,1388,740,15,47.82
122,Slay the Spire,10,2019,549818,13866,4761,39,2744,739,18,39.65
123,Clash Royale,10,2019,548941,9967,9346,35,1649,738,13,55.08
124,Gears 5,10,2019,547442,72169,22035,345,11265,736,97,7.59
125,iRacing,10,2019,545658,36784,4921,320,2875,734,49,14.83
126,Garena Free Fire,10,2019,537398,26784,6200,83,2433,723,36,20.06
127,Eternal Card Game,10,2019,518021,5666,2813,20,256,697,7,91.43
128,"Pok<U+00E9>mon: Let's Go, Pikachu!",10,2019,514476,29004,3482,84,2531,692,39,17.74
129,Don't Starve Together,10,2019,506165,24243,22041,82,3513,681,32,20.88
130,Resident Evil 2,10,2019,495751,34153,10809,167,5852,667,45,14.52
131,The Long Dark,10,2019,495610,15252,15308,103,1922,667,20,32.49
132,RimWorld,10,2019,484140,22349,5068,65,2208,651,30,21.66
133,WHAT THE GOLF?,10,2019,470513,1557,26889,15,546,633,2,302.19
134,Warface,10,2019,460906,20656,25277,79,3262,620,27,22.31
135,Super Mario 64,10,2019,444285,12141,5948,43,1394,597,16,36.59
136,Disco Elysium,10,2019,441111,4514,25405,46,839,593,6,97.72
137,Knight Online,10,2019,436439,7848,3549,35,604,587,10,55.61
138,Trine 4: The Nightmare Prince,10,2019,436433,6253,21468,83,1173,587,8,69.8
139,Total War: Warhammer II,10,2019,429484,14847,9187,46,1385,578,19,28.93
140,Yu-Gi-Oh! Duel Links,10,2019,428887,11421,3752,34,1568,577,15,37.55
141,AI: The Somnium Files,10,2019,424053,5248,12582,31,424,570,7,80.8
142,The Legend of Zelda: Breath of the Wild,10,2019,421853,25010,7977,73,2581,567,33,16.87
143,Stardew Valley,10,2019,419448,35713,15371,95,6306,564,48,11.74
144,Roblox,10,2019,415823,73331,5088,219,13956,559,98,5.67
145,Blair Witch,10,2019,415088,14510,28785,142,4498,558,19,28.61
146,Bloodborne,10,2019,414571,26754,4403,74,3859,557,36,15.5
147,Resident Evil 7 biohazard,10,2019,414011,15578,17788,111,3148,557,20,26.58
148,Europa Universalis IV,10,2019,407304,10776,2997,42,878,548,14,37.8
149,Twitch Sings,10,2019,404415,26662,12695,80,5419,544,35,15.17
150,Farming Simulator 19,10,2019,403825,42959,5595,188,4054,543,57,9.4
151,Mount & Blade: Warband,10,2019,402138,5560,14599,22,969,541,7,72.33
152,Children of Morta,10,2019,399989,3469,25610,23,694,538,4,115.3
153,Paladins,10,2019,397472,57065,2938,155,9736,534,76,6.97
154,War Thunder,10,2019,395631,36419,4791,122,4251,532,49,10.86
155,The Witcher 3: Wild Hunt,10,2019,393968,40540,4370,123,5656,530,54,9.72
156,The Dark Pictures Anthology: Man of Medan,10,2019,393272,12771,24701,115,3584,529,17,30.79
157,Blasphemous,10,2019,391846,7467,15342,33,1493,527,10,52.48
158,Epic Seven,10,2019,390718,13160,2665,57,1043,525,17,29.69
159,Dead Space 2,10,2019,385321,4694,15031,22,869,518,6,82.09
160,The Long Drive,10,2019,382117,610,25944,11,221,514,0,626.42
161,God of War,10,2019,381526,21415,20686,63,3397,513,28,17.82
162,Left 4 Dead 2,10,2019,377380,20492,15564,90,5613,507,27,18.42
163,Saint Seiya : Awakening,10,2019,372457,8857,2210,29,552,501,11,42.05
164,Arma 3,10,2019,366033,42472,6297,222,4612,492,57,8.62
165,Makers & Crafting,10,2019,361767,30773,7459,79,2596,486,41,11.76
166,Board Games,10,2019,358896,4045,13679,20,463,483,5,88.73
167,Twitch Plays,10,2019,358525,12463,8843,23,172,482,16,28.77
168,Auto Chess,10,2019,358373,10842,4734,33,831,482,14,33.05
169,Phoenix Wright: Ace Attorney Trilogy HD,10,2019,357314,3271,10410,22,436,480,4,109.24
170,MISTOVER,10,2019,356455,7075,6282,68,865,479,9,50.38
171,Metin2,10,2019,355653,12474,2495,42,1029,478,16,28.51
172,The Elder Scrolls V: Skyrim,10,2019,354032,47697,5632,117,6602,476,64,7.42
173,Dark Souls II: Scholar of the First Sin,10,2019,353667,13542,4273,42,1708,475,18,26.12
174,Subnautica,10,2019,352744,17238,8169,58,2893,474,23,20.46
175,Outlast,10,2019,346136,17801,10652,234,5817,465,23,19.44
176,The Legend of Zelda: A Link to the Past,10,2019,345618,18737,9354,82,1609,465,25,18.45
177,Chernobylite,10,2019,337379,3502,26398,102,1304,454,4,96.34
178,Kenshi,10,2019,332578,5199,9452,20,509,447,6,63.97
179,Secret Neighbor,10,2019,332347,5012,27344,76,1705,447,6,66.31
180,Friday the 13th: The Game,10,2019,325353,22064,36055,120,5613,437,29,14.75
181,Tabletop RPGs,10,2019,322064,5810,41869,36,615,433,7,55.43
182,Pummel Party,10,2019,319255,6662,28281,45,2461,429,8,47.92
183,Dauntless,10,2019,318682,37288,13362,133,5820,428,50,8.55
184,Final Fantasy VII,10,2019,316610,8181,10409,33,942,426,11,38.7
185,Dragon Quest IV,10,2019,316267,16192,6382,52,1215,425,21,19.53
186,Guild Wars 2,10,2019,315143,27849,2553,99,2558,424,37,11.32
187,Tom Clancy's The Division 2,10,2019,315090,42087,2783,184,6433,424,56,7.49
188,Realm Royale,10,2019,313524,47953,3234,172,6422,421,64,6.54
189,Poly Bridge,10,2019,313184,1106,28104,9,440,421,1,283.17
190,Quake Champions,10,2019,313057,13070,3026,48,1459,421,17,23.95
191,Grand Theft Auto: San Andreas,10,2019,306205,17131,5915,57,3496,412,23,17.87
192,Crypto,10,2019,304280,16775,1230,31,153,409,22,18.14
193,MediEvil,10,2019,303729,11215,8934,209,2328,408,15,27.08
194,Beat Saber,10,2019,303643,33561,14042,99,7993,408,45,9.05
195,Deceit,10,2019,301383,9747,57509,96,3767,405,13,30.92
196,Ancestors: The Humankind Odyssey,10,2019,300413,4082,24621,17,681,404,5,73.59
197,South Park: The Fractured But Whole,10,2019,299232,2421,25048,13,615,402,3,123.6
198,Pok<U+00E9>mon Stadium 2,10,2019,297873,1337,3036,18,134,400,1,222.79
199,WWE 2K20,10,2019,296891,10979,18023,141,1575,399,14,27.04
200,Outlast II,10,2019,292850,8928,18858,129,2700,394,12,32.8
1,League of Legends,11,2019,95436703,2126093,1782765,4512,200004,132735,2957,44.89
2,Just Chatting,11,2019,68267215,1067460,287294,2373,161010,94947,1484,63.95
3,Fortnite,11,2019,58552659,3529438,405467,10287,429521,81436,4908,16.59
4,Counter-Strike: Global Offensive,11,2019,35606495,890153,299143,2500,129703,49522,1238,40.0
5,Dota 2,11,2019,34770932,428219,243245,1267,30472,48360,595,81.2
6,Grand Theft Auto V,11,2019,33148853,567027,213843,1653,60014,46104,788,58.46
7,Pok<U+00E9>mon Sword/Shield,11,2019,27173037,501750,187166,4414,32492,37792,697,54.16
8,Call of Duty: Warzone,11,2019,27132737,1416838,142668,4844,205192,37736,1970,19.15
9,World of Warcraft,11,2019,26848994,949764,163200,3684,62881,37342,1320,28.27
10,Hearthstone,11,2019,26372825,167754,97122,542,17606,36679,233,157.21
11,FIFA 20,11,2019,22317955,327544,222599,1139,42197,31040,455,68.14
12,Death Stranding,11,2019,20557965,321333,290087,2230,32695,28592,446,63.98
13,PLAYERUNKNOWN'S BATTLEGROUNDS,11,2019,16346376,743072,117550,1628,64088,22734,1033,22.0
14,Overwatch,11,2019,16078956,707451,211751,1561,86095,22362,983,22.73
15,Minecraft,11,2019,15763839,617092,136705,1797,99507,21924,858,25.55
16,Escape From Tarkov,11,2019,14182555,393369,44481,926,19894,19725,547,36.05
17,Apex Legends,11,2019,13085622,1079608,46393,2433,111172,18199,1501,12.12
18,Star Wars Jedi: Fallen Order,11,2019,12663849,301817,200398,2908,49245,17613,419,41.96
19,Slots,11,2019,10434823,65476,63045,165,3607,14512,91,159.37
20,Teamfight Tactics,11,2019,9995956,247657,43088,845,37625,13902,344,40.36
21,Dead by Daylight,11,2019,9635123,470634,56086,1555,45355,13400,654,20.47
22,Tom Clancy's Rainbow Six Siege,11,2019,8832329,628954,80020,1608,98687,12284,874,14.04
23,Red Dead Redemption 2,11,2019,7662955,335981,128607,1898,33232,10657,467,22.81
24,Destiny 2,11,2019,5881172,511190,27502,1590,53302,8179,710,11.5
25,Rocket League,11,2019,5659680,254760,85526,633,50438,7871,354,22.22
26,StarCraft II,11,2019,5159497,54980,85514,123,5052,7175,76,93.84
27,Old School RuneScape,11,2019,5153165,86435,39575,217,6547,7167,120,59.62
28,Magic: The Gathering,11,2019,4941093,62324,32584,339,6072,6872,86,79.28
29,Planet Zoo,11,2019,4719447,78739,78337,742,8677,6563,109,59.94
30,Sea of Thieves,11,2019,4378783,123018,45960,440,14791,6090,171,35.59
31,Art,11,2019,4094347,250667,13461,557,28683,5694,348,16.33
32,Path of Exile,11,2019,4048197,77526,257319,341,6812,5630,107,52.22
33,Music,11,2019,4024331,231062,82015,449,13739,5597,321,17.42
34,Talk Shows & Podcasts,11,2019,3982298,55852,98403,180,7489,5538,77,71.3
35,Diablo III,11,2019,3790933,122896,41511,1440,14027,5272,170,30.85
36,FINAL FANTASY XIV Online,11,2019,3760497,212298,34624,1150,14340,5230,295,17.71
37,Super Mario Maker 2,11,2019,3345520,38496,30086,102,3152,4653,53,86.91
38,Poker,11,2019,3235581,52145,21144,202,3024,4500,72,62.05
39,Special Events,11,2019,3090880,22821,663080,582,4454,4298,31,135.44
40,World of Tanks,11,2019,3024941,111692,18555,401,8570,4207,155,27.08
41,Tibia,11,2019,2997276,69661,17655,185,4322,4168,96,43.03
42,Super Smash Bros. Ultimate,11,2019,2833532,84168,62859,580,10664,3940,117,33.67
43,Luigi's Mansion 3,11,2019,2827130,69153,41317,985,7983,3932,96,40.88
44,Warcraft III,11,2019,2702972,42822,28438,122,3768,3759,59,63.12
45,Age of Empires II: Definitive Edition,11,2019,2662781,22891,105936,199,3816,3703,31,116.32
46,ASMR,11,2019,2657872,48238,8490,92,1180,3696,67,55.1
47,NBA 2K20,11,2019,2309215,182137,12560,1078,21972,3211,253,12.68
48,Rust,11,2019,2273826,117877,23045,349,12086,3162,163,19.29
49,Legends of Runeterra,11,2019,2268665,38907,77975,1098,6621,3155,54,58.31
50,SMITE,11,2019,2092933,96385,46442,278,10435,2910,134,21.71
51,Retro,11,2019,2059936,84505,15790,190,5805,2865,117,24.38
52,Dungeons & Dragons,11,2019,1968176,38717,68207,232,3874,2737,53,50.83
53,Black Desert Online,11,2019,1960514,93630,62360,201,6527,2726,130,20.94
54,LOST ARK,11,2019,1859530,97036,8414,343,6385,2586,134,19.16
55,Need for Speed: Heat,11,2019,1813344,90100,43162,594,12512,2522,125,20.13
56,7 Days to Die,11,2019,1758873,98259,20463,307,8057,2446,136,17.9
57,Call of Duty: Black Ops 4,11,2019,1748796,198798,30127,508,22621,2432,276,8.8
58,World of Warships,11,2019,1696457,54160,7016,160,3994,2359,75,31.32
59,Football Manager 2020,11,2019,1630788,22414,24476,93,1582,2268,31,72.76
60,Tekken 7,11,2019,1571704,38121,22619,83,6172,2185,53,41.23
61,Star Citizen,11,2019,1531137,36832,44758,161,3031,2129,51,41.57
62,Games + Demos,11,2019,1462712,39025,26280,106,6435,2034,54,37.48
63,Heroes of the Storm,11,2019,1451383,63978,5485,157,5924,2018,88,22.69
64,The Elder Scrolls Online,11,2019,1348450,49629,15115,145,4333,1875,69,27.17
65,Madden NFL 20,11,2019,1328496,125342,17188,598,18715,1847,174,10.6
66,The Outer Worlds,11,2019,1325358,132086,14033,747,21349,1843,183,10.03
67,Street Fighter V,11,2019,1241838,26515,34624,76,2967,1727,36,46.84
68,Dota Underlords,11,2019,1183349,24081,8474,89,3184,1645,33,49.14
69,Chess,11,2019,1169957,14548,30979,58,1322,1627,20,80.42
70,Garena Free Fire,11,2019,1166645,35381,14748,105,4032,1622,49,32.97
71,Warframe,11,2019,1151095,99125,52932,262,10159,1600,137,11.61
72,Monster Hunter: World,11,2019,1150444,101951,9689,270,10907,1600,141,11.28
73,DayZ,11,2019,1122152,80173,7313,214,7968,1560,111,14.0
74,The Sims 4,11,2019,1060824,42350,31058,158,7873,1475,58,25.05
75,Heroes of Might and Magic III: The Shadow of Death,11,2019,1050430,9487,12057,36,468,1460,13,110.72
76,EA Sports UFC 3,11,2019,1039425,3964,101238,21,1949,1445,5,262.22
77,VRChat,11,2019,1016335,52088,14971,166,5281,1413,72,19.51
78,osu!,11,2019,1010438,125614,17387,320,26161,1405,174,8.04
79,Food & Drink,11,2019,983534,14198,17185,70,4149,1367,19,69.27
80,ARK: Survival Evolved,11,2019,974473,96386,25600,254,7624,1355,134,10.11
81,Shenmue III,11,2019,955001,12325,25263,131,1405,1328,17,77.48
82,Borderlands 3,11,2019,944392,74793,15877,263,11712,1313,104,12.63
83,Lineage II: The Chaotic Throne - The 1st Throne: The Kamael,11,2019,934024,37478,4808,132,1676,1299,52,24.92
84,Atlas,11,2019,913602,38377,8075,110,1807,1270,53,23.81
85,Divinity: Original Sin II,11,2019,888735,14021,18488,52,1860,1236,19,63.39
86,Diablo II: Lord of Destruction,11,2019,885289,18564,13931,58,1764,1231,25,47.69
87,Summoners War: Sky Arena,11,2019,884234,19009,8738,55,1124,1229,26,46.52
88,Science & Technology,11,2019,820450,68095,10255,163,6047,1141,94,12.05
89,Diablo IV,11,2019,819419,1620,47472,21,245,1139,2,505.81
90,StarCraft,11,2019,810988,11710,40856,37,908,1127,16,69.26
91,Battlefield V,11,2019,789231,69578,32287,280,14894,1097,96,11.34
92,Dragon Ball FighterZ,11,2019,763849,17919,33017,67,3916,1062,24,42.63
93,Nioh 2,11,2019,757013,8934,42913,98,1667,1052,12,84.73
94,PUBG Mobile,11,2019,750224,73501,10720,188,8400,1043,102,10.21
95,Ratropolis,11,2019,748399,6142,19053,46,850,1040,8,121.85
96,For Honor,11,2019,732784,43414,8462,255,7049,1019,60,16.88
97,Left 4 Dead 2,11,2019,727857,20843,16877,123,5867,1012,28,34.92
98,Dofus,11,2019,727419,17777,4164,59,1230,1011,24,40.92
99,Darkest Dungeon,11,2019,725075,14176,13672,40,2020,1008,19,51.15
100,Internet Cafe Simulator,11,2019,702992,4627,35892,55,1454,977,6,151.93
101,Fitness & Health,11,2019,693770,10213,65510,50,2165,964,14,67.93
102,Sid Meier's Civilization V,11,2019,685972,7695,13866,30,1028,954,10,89.15
103,Euro Truck Simulator 2,11,2019,670482,71683,11739,306,9505,932,99,9.35
104,Penn & Teller's Smoke and Mirrors,11,2019,668295,286,5862,3,12,929,0,2336.7
105,Dark Souls,11,2019,667038,28449,12854,90,3673,927,39,23.45
106,Marbles On Stream,11,2019,663678,25158,28570,78,3902,923,34,26.38
107,MapleStory,11,2019,660479,34083,6713,107,2885,918,47,19.38
108,Dark Souls III,11,2019,640333,58919,4237,137,8376,890,81,10.87
109,RimWorld,11,2019,630778,22109,14482,61,2106,877,30,28.53
110,Stardew Valley,11,2019,630598,43176,9492,218,7647,877,60,14.61
111,Halo: The Master Chief Collection,11,2019,623998,22880,25301,95,3569,867,31,27.27
112,Superliminal,11,2019,611776,2612,66435,30,1009,850,3,234.22
113,Clash Royale,11,2019,585761,9548,12154,36,1709,814,13,61.35
114,Knight Online,11,2019,581082,9410,4364,37,681,808,13,61.75
115,Mortal Kombat 11,11,2019,577756,27754,9874,149,5000,803,38,20.82
116,Paladins,11,2019,562027,61002,41213,164,10480,781,84,9.21
117,The Legend of Zelda: Ocarina of Time,11,2019,554904,25575,3932,173,1851,771,35,21.7
118,Travel & Outdoors,11,2019,549461,39981,15524,94,6879,764,55,13.74
119,Star Wars: Knights of the Old Republic II - The Sith Lords,11,2019,533173,1152,13259,9,238,741,1,462.82
120,ArcheAge,11,2019,525674,23754,6975,76,1638,731,33,22.13
121,Ring Fit Adventure,11,2019,524888,5062,16896,27,954,730,7,103.69
122,The Legend of Bum-bo,11,2019,524524,8462,18131,248,1789,729,11,61.99
123,The Jackbox Party Pack 6,11,2019,503630,16150,19365,109,3270,700,22,31.18
124,Europa Universalis IV,11,2019,496834,10529,5072,42,841,691,14,47.19
125,Golf It!,11,2019,487050,3471,64877,101,1246,677,4,140.32
126,Kingdom Under Fire II,11,2019,459865,4847,18369,30,501,639,6,94.88
127,Always On,11,2019,454066,3535,1272,6,10,631,4,128.45
128,iRacing,11,2019,438734,29020,2587,126,2542,610,40,15.12
129,Slay the Spire,11,2019,438316,11815,4188,37,2385,609,16,37.1
130,The Binding of Isaac: Afterbirth,11,2019,436980,16194,9912,52,3105,607,22,26.98
131,Bloodborne,11,2019,432559,22859,9328,78,3685,601,31,18.92
132,Roblox,11,2019,431426,80749,15885,274,15533,600,112,5.34
133,Don't Starve Together,11,2019,420871,24849,15085,90,3847,585,34,16.94
134,M.U.G.E.N,11,2019,420601,3804,986,10,93,584,5,110.57
135,Gwent: The Witcher Card Game,11,2019,419942,8860,1774,34,775,584,12,47.4
136,The Witcher 3: Wild Hunt,11,2019,416812,42142,7748,128,6249,579,58,9.89
137,Super Mario 64,11,2019,414276,12483,8646,46,1506,576,17,33.19
138,Twitch Sings,11,2019,413476,25131,13088,76,5085,575,34,16.45
139,Song of Horror,11,2019,411260,4142,30440,58,783,571,5,99.29
140,The Legend of Zelda: Breath of the Wild,11,2019,404895,21175,8986,63,2417,563,29,19.12
141,Otaku's Adventure,11,2019,403777,858,22487,26,187,561,1,470.6
142,Farming Simulator 19,11,2019,402857,41080,5423,157,4407,560,57,9.81
143,Bloons TD 6,11,2019,402629,2758,13143,19,610,559,3,145.99
144,Metin2,11,2019,396154,11976,2429,57,1248,550,16,33.08
145,Eternal Card Game,11,2019,395071,4321,1613,16,199,549,6,91.43
146,The Elder Scrolls V: Skyrim,11,2019,390385,49790,4325,130,7236,542,69,7.84
147,Resident Evil 2,11,2019,389681,29899,10249,180,5741,541,41,13.03
148,Saint Seiya : Awakening,11,2019,382323,7384,3039,29,504,531,10,51.78
149,RuneScape,11,2019,367465,26299,5515,70,2474,511,36,13.97
150,God of War,11,2019,365718,23079,17504,84,3971,508,32,15.85
151,The Beast Inside,11,2019,363851,8064,17353,146,1718,506,11,45.12
152,Quake Champions,11,2019,359424,12437,15497,53,1391,499,17,28.9
153,"Pok<U+00E9>mon: Let's Go, Pikachu!",11,2019,355908,19486,6057,106,2671,495,27,18.26
154,Twitch Plays,11,2019,351109,13936,1878,28,169,488,19,25.19
155,Epic Seven,11,2019,346937,12737,2551,40,1030,482,17,27.24
156,Age of Empires II,11,2019,342558,7552,13776,39,1378,476,10,45.36
157,Sekiro: Shadows Die Twice,11,2019,338892,19094,22467,88,4834,471,26,17.75
158,Guild Wars 2,11,2019,335932,25356,2631,99,2257,467,35,13.25
159,EVE Online,11,2019,334773,14951,15950,49,1131,465,20,22.39
160,Yu-Gi-Oh! Duel Links,11,2019,333232,10574,2825,41,1394,463,14,31.51
161,Blackjack,11,2019,331102,3518,6844,16,300,460,4,94.12
162,Beat Saber,11,2019,328940,33078,21960,100,8442,457,46,9.94
163,FIFA Online 4,11,2019,328467,2659,28440,17,547,456,3,123.53
164,Arcanum: Of Steamworks and Magick Obscura,11,2019,310380,238,12070,3,36,431,0,1304.12
165,Sid Meier's Civilization VI,11,2019,306136,11076,8151,46,1639,425,15,27.64
166,Factorio,11,2019,305744,15974,8354,61,1610,425,22,19.14
167,Super Smash Bros. Melee,11,2019,304127,9917,12110,42,1461,422,13,30.67
168,Makers & Crafting,11,2019,303936,28255,8097,78,2706,422,39,10.76
169,Dark Souls II: Scholar of the First Sin,11,2019,303902,14901,4439,44,1817,422,20,20.39
170,We Were Here Together,11,2019,301553,5085,29369,35,1162,419,7,59.3
171,The Forest,11,2019,300038,32154,9963,108,6968,417,44,9.33
172,Call of Duty: Mobile,11,2019,299051,38590,11275,110,9018,415,53,7.75
173,Mario & Sonic at the Olympic Games Tokyo 2020,11,2019,297310,1654,26435,26,432,413,2,179.75
174,The Legend of Zelda: A Link to the Past,11,2019,293769,21445,13019,162,1543,408,29,13.7
175,Just Dance 2020,11,2019,293112,4185,13054,39,830,407,5,70.04
176,Hunt: Showdown,11,2019,291750,35168,3112,110,3572,405,48,8.3
177,Super Mario World,11,2019,287135,9901,8992,49,1139,399,13,29.0
178,Code Vein,11,2019,286287,27179,23087,90,4118,398,37,10.53
179,Visage,11,2019,277325,4725,16772,115,1490,385,6,58.69
180,Gears 5,11,2019,274386,38241,11830,127,5853,381,53,7.18
181,Hearts of Iron IV,11,2019,274136,8896,3070,43,1231,381,12,30.82
182,Noita,11,2019,271650,7973,8637,30,1243,377,11,34.07
183,Pummel Party,11,2019,270966,4885,39990,33,1872,376,6,55.47
184,Thief Simulator,11,2019,270498,2212,24651,14,752,376,3,122.29
185,Mario Kart 8,11,2019,267279,9319,69415,47,2629,371,12,28.68
186,Grand Theft Auto: San Andreas,11,2019,262796,15673,10059,60,3087,365,21,16.77
187,Total War: Warhammer II,11,2019,261901,10409,2510,34,1104,364,14,25.16
188,Arma 3,11,2019,259410,36852,8142,219,4105,360,51,7.04
189,Star Wars Battlefront II,11,2019,259265,16745,17559,57,5906,360,23,15.48
190,The Last of Us,11,2019,256216,32900,1994,107,2084,356,45,7.79
191,War Thunder,11,2019,254080,31683,2970,89,4065,353,44,8.02
192,Microsoft Flight Simulator X,11,2019,250804,14803,1671,55,1031,348,20,16.94
193,Fallout: New Vegas,11,2019,250679,11413,5394,33,1932,348,15,21.96
194,Metro Sim Hustle,11,2019,249521,44,77676,4,20,347,0,5670.93
195,The Elder Scrolls: Legends,11,2019,242538,4468,892,18,266,337,6,54.28
196,Jikkyou Powerful Pro Yakyuu 2018,11,2019,238670,196,4643,3,21,331,0,1217.7
197,Untitled Goose Game,11,2019,234923,3975,14633,40,1618,326,5,59.1
198,Heave Ho,11,2019,234421,824,35284,11,339,326,1,284.49
199,Russian Fishing 4,11,2019,232381,13094,1432,45,759,323,18,17.75
200,SoulCalibur VI,11,2019,232270,7204,9782,60,1250,323,10,32.24
1,Just Chatting,12,2019,83590066,1265051,267822,3315,189224,112503,1702,66.08
2,League of Legends,12,2019,78579242,2302186,223571,6392,211766,105759,3098,34.13
3,Fortnite,12,2019,64228513,3857516,942880,35639,470255,86444,5191,16.65
4,Counter-Strike: Global Offensive,12,2019,40460483,977970,322386,2695,146003,54455,1316,41.37
5,Grand Theft Auto V,12,2019,37868145,751436,143326,2190,93082,50966,1011,50.39
6,Dota 2,12,2019,34260252,419408,200393,1072,30022,46110,564,81.69
7,Hearthstone,12,2019,26159827,174544,114139,983,18693,35208,234,149.88
8,Escape From Tarkov,12,2019,20280096,432077,224062,1290,23516,27294,581,46.94
9,World of Warcraft,12,2019,20198621,819153,83895,2933,55256,27185,1102,24.66
10,Path of Exile,12,2019,19374693,324264,146028,3094,19897,26076,436,59.75
11,Call of Duty: Warzone,12,2019,17686745,974152,116312,2819,181814,23804,1311,18.16
12,FIFA 20,12,2019,17434162,304107,249600,1106,41416,23464,409,57.33
13,Minecraft,12,2019,16923425,731539,164241,1852,131774,22777,984,23.13
14,PLAYERUNKNOWN'S BATTLEGROUNDS,12,2019,16404249,774882,80774,1586,68785,22078,1042,21.17
15,Overwatch,12,2019,14056666,722851,58517,1915,86206,18918,972,19.45
16,Apex Legends,12,2019,12382828,1051367,47729,2148,114378,16665,1415,11.78
17,Tom Clancy's Rainbow Six Siege,12,2019,11662933,779514,68913,1976,118207,15697,1049,14.96
18,Teamfight Tactics,12,2019,11214118,231366,71327,525,32689,15093,311,48.47
19,Pok<U+00E9>mon Sword/Shield,12,2019,10322209,291595,63077,956,22867,13892,392,35.4
20,Dead by Daylight,12,2019,10210545,477824,42933,1189,46360,13742,643,21.37
21,Special Events,12,2019,9362290,32694,1018282,3724,8305,12600,44,286.36
22,Slots,12,2019,9278195,68831,77546,170,3673,12487,92,134.8
23,Rocket League,12,2019,6177142,311157,240598,881,64297,8313,418,19.85
24,Destiny 2,12,2019,5701369,454607,78704,1936,45579,7673,611,12.54
25,Magic: The Gathering,12,2019,5630498,59908,107819,147,5935,7578,80,93.99
26,Jump King,12,2019,5121980,13362,72015,78,3665,6893,17,383.32
27,Music,12,2019,5103430,267555,37049,557,15296,6868,360,19.07
28,Halo: The Master Chief Collection,12,2019,5097737,243597,136672,3441,44550,6861,327,20.93
29,Art,12,2019,4536859,263768,26437,558,30322,6106,355,17.2
30,Super Mario Maker 2,12,2019,4365636,47991,32196,193,4205,5875,64,90.97
31,World of Tanks,12,2019,4293112,156063,32473,499,11764,5778,210,27.51
32,Poker,12,2019,4004733,56123,39786,219,3301,5389,75,71.36
33,Street Fighter V,12,2019,3754280,41227,112182,154,4478,5052,55,91.06
34,StarCraft II,12,2019,3734058,59801,44452,130,5213,5025,80,62.44
35,Old School RuneScape,12,2019,3662509,85575,17387,193,6140,4929,115,42.8
36,Talk Shows & Podcasts,12,2019,3620061,57662,62718,333,8146,4872,77,62.78
37,ARK: Survival Evolved,12,2019,3197037,113458,33736,312,8880,4302,152,28.18
38,Monster Hunter: World,12,2019,3065932,156725,27200,401,15700,4126,210,19.56
39,Sea of Thieves,12,2019,3035548,155501,31618,438,19345,4085,209,19.52
40,Black Desert Online,12,2019,2920340,121383,9480,248,8312,3930,163,24.06
41,ASMR,12,2019,2906629,51375,14289,94,1287,3912,69,56.58
42,Red Dead Redemption 2,12,2019,2743267,243971,25729,689,28523,3692,328,11.24
43,Rust,12,2019,2727133,145530,33839,413,16167,3670,195,18.74
44,Tibia,12,2019,2713082,77711,11581,187,4643,3651,104,34.91
45,Age of Empires II: Definitive Edition,12,2019,2633779,32257,34716,100,3882,3544,43,81.65
46,Super Smash Bros. Ultimate,12,2019,2553222,75151,52875,258,9267,3436,101,33.97
47,DayZ,12,2019,2543960,116929,43006,329,11944,3423,157,21.76
48,Tekken 7,12,2019,2513646,48171,85363,159,8448,3383,64,52.18
49,NBA 2K20,12,2019,2508346,200369,12735,670,26561,3375,269,12.52
50,Call of Duty: Black Ops 4,12,2019,2393983,247724,34027,660,23409,3222,333,9.66
51,World of Warships,12,2019,2294773,59767,11909,163,4367,3088,80,38.4
52,Raft,12,2019,2236637,53718,37023,172,9946,3010,72,41.64
53,Warcraft III,12,2019,2187258,40482,31105,103,3043,2943,54,54.03
54,Games + Demos,12,2019,2123111,39596,38206,102,7016,2857,53,53.62
55,Warframe,12,2019,2116162,120964,64366,315,12630,2848,162,17.49
56,The Witcher 3: Wild Hunt,12,2019,1966289,102872,31898,587,19309,2646,138,19.11
57,Conan Exiles,12,2019,1945519,41230,26424,121,3655,2618,55,47.19
58,Heroes of the Storm,12,2019,1944765,70203,26111,166,6501,2617,94,27.7
59,Retro,12,2019,1936806,90078,8609,190,6135,2606,121,21.5
60,FINAL FANTASY XIV Online,12,2019,1935782,187627,29622,832,13462,2605,252,10.32
61,Star Citizen,12,2019,1924520,53627,30882,199,4189,2590,72,35.89
62,Stardew Valley,12,2019,1776499,83495,17614,211,12564,2390,112,21.28
63,Madden NFL 20,12,2019,1700095,156962,21630,632,24447,2288,211,10.83
64,Diablo III,12,2019,1677434,92711,17813,348,10898,2257,124,18.09
65,GTFO,12,2019,1644672,36648,57986,181,8286,2213,49,44.88
66,SMITE,12,2019,1601116,102314,5349,267,11483,2154,137,15.65
67,The Elder Scrolls Online,12,2019,1594458,57487,16272,146,5227,2145,77,27.74
68,Phoenix Point,12,2019,1462113,19327,37599,158,1720,1967,26,75.65
69,Sekiro: Shadows Die Twice,12,2019,1455485,46758,28414,125,10037,1958,62,31.13
70,Chess,12,2019,1452336,15389,21320,60,1394,1954,20,94.37
71,Star Wars Jedi: Fallen Order,12,2019,1449241,113398,13532,453,29687,1950,152,12.78
72,Euro Truck Simulator 2,12,2019,1430811,93910,30098,320,12984,1925,126,15.24
73,MapleStory,12,2019,1333001,52131,8756,247,4542,1794,70,25.57
74,The Legend of Zelda: Breath of the Wild,12,2019,1319520,27713,19758,79,2797,1775,37,47.61
75,Dungeons & Dragons,12,2019,1281861,32615,58134,181,3497,1725,43,39.3
76,VRChat,12,2019,1217636,55274,13055,163,6052,1638,74,22.03
77,Garena Free Fire,12,2019,1174840,37323,12479,114,3943,1581,50,31.48
78,Heroes of Might and Magic III: The Shadow of Death,12,2019,1163385,9698,8026,32,484,1565,13,119.96
79,XCOM 2: War of the Chosen,12,2019,1150585,9029,18768,29,766,1548,12,127.43
80,Food & Drink,12,2019,1146418,16041,34264,62,4795,1542,21,71.47
81,Dark Souls III,12,2019,1117965,73875,17809,194,10795,1504,99,15.13
82,Death Stranding,12,2019,1108216,71803,22380,267,10791,1491,96,15.43
83,God of War,12,2019,1108052,33208,16694,88,5312,1491,44,33.37
84,7 Days to Die,12,2019,1106939,79444,27020,192,7238,1489,106,13.93
85,Borderlands 3,12,2019,1028286,60289,19967,277,9953,1383,81,17.06
86,LOST ARK,12,2019,963448,45606,13740,162,2608,1296,61,21.13
87,Fitness & Health,12,2019,946677,10830,77838,40,2301,1274,14,87.41
88,Marbles On Stream,12,2019,938095,29251,32714,89,4994,1262,39,32.07
89,FIFA Online 4,12,2019,934434,3546,60597,19,641,1257,4,263.52
90,Twitch Sings,12,2019,915358,26422,41848,98,6030,1231,35,34.64
91,osu!,12,2019,912228,132428,11559,316,28163,1227,178,6.89
92,Summoners War: Sky Arena,12,2019,896832,19879,9619,57,1260,1207,26,45.11
93,Super Mario 64,12,2019,838087,14421,27969,44,1636,1127,19,58.12
94,Science & Technology,12,2019,807920,73285,4267,162,6450,1087,98,11.02
95,Football Manager 2020,12,2019,796696,20999,22824,82,1485,1072,28,37.94
96,Dark Souls II: Scholar of the First Sin,12,2019,768106,18517,24126,58,2370,1033,24,41.48
97,Planet Zoo,12,2019,766707,25623,16878,113,3655,1031,34,29.92
98,Pummel Party,12,2019,756193,12029,36865,99,4056,1017,16,62.86
99,Atlas,12,2019,746842,36069,4387,111,2086,1005,48,20.71
100,Transport Fever 2,12,2019,739280,16594,26412,150,1680,994,22,44.55
101,Resident Evil 2,12,2019,730470,65818,5889,192,12871,983,88,11.1
102,Mount & Blade: Warband,12,2019,724561,5274,14949,23,931,975,7,137.38
103,The Sims 4,12,2019,715396,36774,16837,110,7845,962,49,19.45
104,Clash Royale,12,2019,702499,10804,16230,39,2047,945,14,65.02
105,Gears 5,12,2019,702406,38396,22537,146,5866,945,51,18.29
106,Don't Starve Together,12,2019,688545,31058,21833,87,4943,926,41,22.17
107,Knight Online,12,2019,687335,12087,6958,54,708,925,16,56.87
108,Life is Strange 2,12,2019,684047,21285,26851,263,4025,920,28,32.14
109,The Legend of Zelda: Ocarina of Time,12,2019,680717,24458,8809,161,1881,916,32,27.83
110,Star Wars Battlefront II,12,2019,678106,39399,30958,159,14927,912,53,17.21
111,Travel & Outdoors,12,2019,677002,33557,16198,83,5458,911,45,20.17
112,Dofus,12,2019,672096,16824,4364,62,1233,904,22,39.95
113,Lineage II: The Chaotic Throne - The 1st Throne: The Kamael,12,2019,667679,37379,3576,126,1564,898,50,17.86
114,Diablo II: Lord of Destruction,12,2019,657759,15793,4802,95,1134,885,21,41.65
115,Hades,12,2019,653636,14483,16365,58,2500,879,19,45.13
116,Total War: Warhammer II,12,2019,652696,19608,25420,80,1943,878,26,33.29
117,The Legend of Zelda: A Link to the Past,12,2019,639850,24158,21813,97,1720,861,32,26.49
118,Darksiders Genesis,12,2019,634741,15600,25443,265,2514,854,20,40.69
119,Detroit: Become Human,12,2019,626571,20389,11277,161,4233,843,27,30.73
120,iRacing,12,2019,621892,37650,4871,185,3203,837,50,16.52
121,PUBG Mobile,12,2019,614314,79333,16199,195,8995,826,106,7.74
122,Dark Souls,12,2019,611460,33687,25923,104,4440,822,45,18.15
123,Welcome to the Game II,12,2019,589034,1419,24355,14,385,792,1,415.11
124,MechWarrior 5: Mercenaries,12,2019,588950,17977,19401,162,1726,792,24,32.76
125,Monopoly Plus,12,2019,580992,4579,41828,38,1778,781,6,126.88
126,Battlefield V,12,2019,578916,58033,25583,185,11459,779,78,9.98
127,Gwent: The Witcher Card Game,12,2019,573604,10301,6724,39,860,772,13,55.68
128,Forza Horizon 4,12,2019,569372,35690,24416,161,9757,766,48,15.95
129,Hunt: Showdown,12,2019,568594,54459,8476,208,5719,765,73,10.44
130,Saint Seiya : Awakening,12,2019,566040,7538,4569,28,494,761,10,75.09
131,Dota Underlords,12,2019,559008,14409,6922,48,2077,752,19,38.8
132,Divinity: Original Sin II,12,2019,557423,18608,15596,57,2226,750,25,29.96
133,Slay the Spire,12,2019,555633,14625,10660,44,2912,747,19,37.99
134,Halo: Reach,12,2019,552985,46693,18709,1026,12778,744,62,11.84
135,Super Mario World,12,2019,532892,11144,21258,43,1261,717,14,47.82
136,The Binding of Isaac: Afterbirth,12,2019,527792,16363,6782,51,3114,710,22,32.26
137,Terraria,12,2019,522738,59682,13148,157,11573,703,80,8.76
138,The Elder Scrolls V: Skyrim,12,2019,521534,59704,10299,175,9002,701,80,8.74
139,RimWorld,12,2019,505096,19954,5524,66,2061,679,26,25.31
140,Dragon Ball FighterZ,12,2019,479206,24940,18873,133,5739,644,33,19.21
141,Roblox,12,2019,478292,98591,2248,283,20163,643,132,4.85
142,Paladins,12,2019,462477,63298,4227,161,11091,622,85,7.31
143,Mortal Kombat 11,12,2019,461102,28949,13619,74,5395,620,38,15.93
144,Makers & Crafting,12,2019,460969,31098,11661,81,3209,620,41,14.82
145,Last Year,12,2019,458011,10052,33924,90,1672,616,13,45.56
146,Arma 3,12,2019,428862,39575,11464,205,4639,577,53,10.84
147,Super Smash Bros. Melee,12,2019,428484,9886,25283,41,1510,576,13,43.34
148,Bloodborne,12,2019,428084,27493,22413,76,4153,576,37,15.57
149,Farming Simulator 19,12,2019,425938,43683,31361,172,4636,573,58,9.75
150,Clash of Clans,12,2019,418754,10023,18081,37,1134,563,13,41.78
151,Need for Speed: Heat,12,2019,413221,36089,7267,161,6118,556,48,11.45
152,Risk of Rain 2,12,2019,409067,30060,11306,176,6933,550,40,13.61
153,Anno 1800,12,2019,405048,12267,10953,70,1559,545,16,33.02
154,EA Sports UFC 3,12,2019,404111,5272,28447,29,2624,543,7,76.65
155,Garry's Mod,12,2019,403319,19554,63722,80,5787,542,26,20.63
156,Eternal Card Game,12,2019,399965,4515,3617,15,200,538,6,88.59
157,Epic Seven,12,2019,397018,12074,5732,53,977,534,16,32.88
158,Grand Theft Auto: San Andreas,12,2019,393471,16346,7736,54,3442,529,22,24.07
159,M.U.G.E.N,12,2019,385725,3720,1975,9,84,519,5,103.69
160,Beat Saber,12,2019,383080,36083,14082,116,10355,515,48,10.62
161,Metin2,12,2019,382052,12576,3111,55,1252,514,16,30.38
162,Vampire: The Masquerade - Bloodlines,12,2019,376315,1859,13684,12,292,506,2,202.43
163,Left 4 Dead 2,12,2019,375359,22060,17437,69,6265,505,29,17.02
164,Sid Meier's Civilization V,12,2019,371851,8503,30032,37,1130,500,11,43.73
165,Kenshi,12,2019,371381,6132,6836,23,606,499,8,60.56
166,Mario Kart 8,12,2019,368922,11630,32724,54,2972,496,15,31.72
167,BONEWORKS,12,2019,361796,13695,22796,285,3444,486,18,26.42
168,Sid Meier's Civilization VI,12,2019,357687,15808,7675,53,2541,481,21,22.63
169,RuneScape,12,2019,356648,27062,4314,71,2502,480,36,13.18
170,Europa Universalis IV,12,2019,342868,9880,13160,41,883,461,13,34.7
171,Guild Wars 2,12,2019,333101,24804,1594,93,2337,448,33,13.43
172,Politics,12,2019,332039,5549,26255,35,325,446,7,59.84
173,Luigi's Mansion 3,12,2019,330079,11969,9090,45,1897,444,16,27.58
174,Black Mesa,12,2019,329635,7369,9132,37,1364,443,9,44.73
175,skribbl.io,12,2019,327346,7029,53093,56,4265,440,9,46.57
176,Subnautica: Below Zero,12,2019,324586,6833,33121,27,1279,436,9,47.5
177,Subnautica,12,2019,319919,28301,5572,81,5421,430,38,11.3
178,Resident Evil 3: Nemesis,12,2019,319825,4793,11698,26,813,430,6,66.73
179,Monster Rancher 2,12,2019,316595,186,19189,4,21,426,0,1702.12
180,Shadowverse,12,2019,312433,11166,5672,79,948,420,15,27.98
181,Human: Fall Flat,12,2019,311936,15580,19963,60,6499,419,20,20.02
182,Yu-Gi-Oh! Duel Links,12,2019,310418,9066,2358,30,1212,417,12,34.24
183,Fate/Grand Order,12,2019,308557,12925,11597,71,1230,415,17,23.87
184,The Forest,12,2019,304407,46567,9863,156,10274,409,62,6.54
185,Kingdom Under Fire II,12,2019,302694,4100,16205,25,382,407,5,73.83
186,Auto Chess,12,2019,302603,6894,13068,22,587,407,9,43.89
187,Hearts of Iron IV,12,2019,296267,8540,25901,31,1203,398,11,34.69
188,LEGO Star Wars: The Complete Saga,12,2019,295265,2734,30871,20,894,397,3,108.0
189,Board Games,12,2019,292767,2728,18505,18,490,394,3,107.32
190,Portal 2,12,2019,292623,14180,20063,54,4671,393,19,20.64
191,Twitch Plays,12,2019,291124,13578,14399,26,169,391,18,21.44
192,Celeste,12,2019,289854,14029,5445,57,2997,390,18,20.66
193,Hand Simulator,12,2019,289048,2463,33481,23,1576,389,3,117.36
194,Darkest Dungeon,12,2019,285994,13285,3819,37,1915,384,17,21.53
195,The Jackbox Party Pack 6,12,2019,285293,14645,18828,73,3544,383,19,19.48
196,Hollow Knight,12,2019,282292,25529,7832,78,4056,379,34,11.06
197,Kingdom Come: Deliverance,12,2019,277506,6728,30758,24,1029,373,9,41.25
198,Barbie and The Magic of Pegasus,12,2019,276731,253,26470,5,70,372,0,1093.8
199,StarCraft,12,2019,275977,12444,2090,40,969,371,16,22.18
200,Final Fantasy VII,12,2019,275048,9469,5202,36,1108,370,12,29.05
1,League of Legends,1,2020,99657869,2953365,349964,8083,237426,134129,3974,33.74
2,Just Chatting,1,2020,88378302,1409820,631876,2959,214185,118947,1897,62.69
3,Escape From Tarkov,1,2020,72356308,1043028,287491,2376,60579,97383,1403,69.37
4,Fortnite,1,2020,53731549,4399954,595541,11303,502688,72317,5921,12.21
5,Dota 2,1,2020,44025208,442024,364279,1055,30616,59253,594,99.6
6,Grand Theft Auto V,1,2020,42646840,936367,157557,2520,110069,57398,1260,45.55
7,Counter-Strike: Global Offensive,1,2020,33893286,1217678,257488,3371,168202,45616,1638,27.83
8,World of Warcraft,1,2020,27563181,940687,167799,4077,59799,37097,1266,29.3
9,FIFA 20,1,2020,23787522,354761,365896,1693,49934,32015,477,67.05
10,Hearthstone,1,2020,21222953,163061,62503,405,16330,28563,219,130.15
11,PLAYERUNKNOWN'S BATTLEGROUNDS,1,2020,18973733,856439,65714,1831,78410,25536,1152,22.15
12,Minecraft,1,2020,18707737,842914,181623,2151,142141,25178,1134,22.19
13,Path of Exile,1,2020,14629734,282855,52746,697,17101,19690,380,51.72
14,Overwatch,1,2020,14476204,817235,53847,1706,91877,19483,1099,17.71
15,Apex Legends,1,2020,13757762,1270815,41996,3193,132964,18516,1710,10.83
16,Tom Clancy's Rainbow Six Siege,1,2020,11764294,983629,54126,2483,138979,15833,1323,11.96
17,Dead by Daylight,1,2020,10223157,525684,30565,1219,50373,13759,707,19.45
18,Slots,1,2020,9845249,65678,73865,166,3376,13250,88,149.9
19,Monster Hunter: World,1,2020,9202214,319826,66169,1196,25265,12385,430,28.77
20,DRAGON BALL Z: KAKAROT,1,2020,9161843,245638,115615,2157,29163,12330,330,37.3
21,Call of Duty: Warzone,1,2020,9027723,824833,85708,2482,166150,12150,1110,10.94
22,Teamfight Tactics,1,2020,8979087,200082,28666,525,28138,12084,269,44.88
23,Destiny 2,1,2020,6709117,416818,157168,1027,41292,9029,560,16.1
24,The Witcher 3: Wild Hunt,1,2020,6282969,223895,40643,700,30165,8456,301,28.06
25,Rocket League,1,2020,5679366,379221,54967,953,75446,7643,510,14.98
26,Magic: The Gathering,1,2020,5518102,76362,36268,344,7595,7426,102,72.26
27,Music,1,2020,5165455,342005,49122,632,15975,6952,460,15.1
28,Super Smash Bros. Ultimate,1,2020,4948523,100384,116071,996,12179,6660,135,49.3
29,Warcraft III,1,2020,4740268,68570,89157,793,8638,6379,92,69.13
30,Pok<U+00E9>mon Sword/Shield,1,2020,4657586,188772,34159,539,15243,6268,254,24.67
31,Conan Exiles,1,2020,4553791,59610,37852,145,4041,6128,80,76.39
32,Art,1,2020,4531962,306541,14820,625,33743,6099,412,14.78
33,World of Tanks,1,2020,4530893,161046,19734,472,12196,6098,216,28.13
34,Talk Shows & Podcasts,1,2020,4508271,62400,48434,138,8380,6067,83,72.25
35,Old School RuneScape,1,2020,4425638,97237,20197,220,6950,5956,130,45.51
36,Poker,1,2020,4151399,61053,20363,223,3641,5587,82,68.0
37,Super Mario Maker 2,1,2020,4034061,46729,257595,116,3811,5429,62,86.33
38,Games + Demos,1,2020,3926158,45725,63318,189,7960,5284,61,85.86
39,ARK: Survival Evolved,1,2020,3775545,146969,41684,414,10776,5081,197,25.69
40,StarCraft II,1,2020,3709550,61973,17583,131,5225,4992,83,59.86
41,Call of Duty: Black Ops 4,1,2020,3616755,313949,62175,741,26881,4867,422,11.52
42,Temtem,1,2020,3563811,104060,97027,1332,16278,4796,140,34.25
43,Black Desert Online,1,2020,3535806,147963,12686,363,9795,4758,199,23.9
44,Legends of Runeterra,1,2020,3517042,113350,53694,2026,23488,4733,152,31.03
45,Age of Empires II: Definitive Edition,1,2020,3321795,32917,53430,87,3573,4470,44,100.91
46,Jump King,1,2020,3231663,18688,36132,79,4822,4349,25,172.93
47,ASMR,1,2020,3114916,55781,13763,102,1346,4192,75,55.84
48,NBA 2K20,1,2020,2917366,229830,16345,682,30278,3926,309,12.69
49,Rust,1,2020,2851099,165956,15907,638,16879,3837,223,17.18
50,Sekiro: Shadows Die Twice,1,2020,2836305,59908,266615,155,10899,3817,80,47.34
51,Tibia,1,2020,2719189,87135,12472,230,5006,3659,117,31.21
52,Street Fighter V,1,2020,2602393,41422,86365,110,4678,3502,55,62.83
53,Chess,1,2020,2452993,18175,29278,61,1526,3301,24,134.97
54,The Elder Scrolls Online,1,2020,2246992,75859,68217,211,7146,3024,102,29.62
55,Sea of Thieves,1,2020,2175381,161928,15169,464,18983,2927,217,13.43
56,Retro,1,2020,2149714,100601,10472,209,6771,2893,135,21.37
57,Heroes of the Storm,1,2020,2121378,73780,10055,171,6368,2855,99,28.75
58,World of Warships,1,2020,2111041,61464,9610,174,4510,2841,82,34.35
59,Dark Souls III,1,2020,2105831,95083,13970,221,13231,2834,127,22.15
60,Yakuza,1,2020,1988402,11816,29606,85,449,2676,15,168.28
61,Grand Theft Auto: San Andreas,1,2020,1921973,22565,130601,73,4521,2586,30,85.17
62,MapleStory,1,2020,1853144,62434,16119,240,5303,2494,84,29.68
63,SMITE,1,2020,1839608,121506,16464,338,12954,2475,163,15.14
64,Dungeons & Dragons,1,2020,1793666,40239,58542,219,4001,2414,54,44.58
65,Hades,1,2020,1734396,27481,35544,99,4121,2334,36,63.11
66,Z1: Battle Royale,1,2020,1715614,51159,56651,249,7832,2309,68,33.53
67,Madden NFL 20,1,2020,1685607,181877,26217,709,27403,2268,244,9.27
68,FINAL FANTASY XIV Online,1,2020,1631144,175048,9260,739,13110,2195,235,9.32
69,Heroes of Might and Magic III: The Shadow of Death,1,2020,1617061,11432,8142,41,629,2176,15,141.45
70,DayZ,1,2020,1544010,125496,27652,362,12314,2078,168,12.3
71,Diablo II: Lord of Destruction,1,2020,1516592,20599,14641,116,1341,2041,27,73.62
72,Red Dead Redemption 2,1,2020,1415140,182212,24707,477,22141,1904,245,7.77
73,Dark Souls,1,2020,1393168,44402,175532,115,5416,1875,59,31.38
74,The Legend of Zelda: Ocarina of Time,1,2020,1342335,27001,165946,117,2116,1806,36,49.71
75,Monster Hunter World: Iceborne,1,2020,1340317,173861,23181,1077,17688,1803,233,7.71
76,Fitness & Health,1,2020,1298529,13159,20394,53,2698,1747,17,98.68
77,Star Citizen,1,2020,1229011,47548,9658,176,3674,1654,63,25.85
78,Tekken 7,1,2020,1198374,45593,44635,104,8190,1612,61,26.28
79,The Legend of Zelda: A Link to the Past,1,2020,1195369,24370,237540,108,1950,1608,32,49.05
80,Bloodborne,1,2020,1170429,37670,12768,99,5167,1575,50,31.07
81,Clash Royale,1,2020,1169765,14253,34472,48,2644,1574,19,82.07
82,Resident Evil 2,1,2020,1168260,70600,15016,202,12434,1572,95,16.55
83,Stardew Valley,1,2020,1150623,89011,10235,226,13002,1548,119,12.93
84,Super Mario 64,1,2020,1138031,15303,169684,46,1791,1531,20,74.37
85,Mount & Blade: Warband,1,2020,1135940,9889,15873,32,1300,1528,13,114.87
86,Star Wars Battlefront II,1,2020,1113611,56504,37631,190,18585,1498,76,19.71
87,VRChat,1,2020,1088220,60561,5098,310,6490,1464,81,17.97
88,Final Fantasy VIII,1,2020,1078200,5169,143278,19,586,1451,6,208.59
89,Warframe,1,2020,1055309,100002,55810,235,10504,1420,134,10.55
90,Garena Free Fire,1,2020,1047542,45073,6218,122,4966,1409,60,23.24
91,DOOM,1,2020,1038863,24538,138424,94,6049,1398,33,42.34
92,Marbles On Stream,1,2020,1030186,31812,34301,91,6075,1386,42,32.38
93,Slay the Spire,1,2020,1022382,24725,19100,86,4871,1376,33,41.35
94,Food & Drink,1,2020,1018532,15630,28292,47,4669,1370,21,65.17
95,Super Metroid,1,2020,995983,8103,232309,50,741,1340,10,122.92
96,Super Smash Bros. Melee,1,2020,982119,11039,100696,51,1741,1321,14,88.97
97,Clash of Clans,1,2020,970074,14959,26409,53,1618,1305,20,64.85
98,7 Days to Die,1,2020,968474,83832,6825,203,7268,1303,112,11.55
99,Raft,1,2020,950547,39527,36012,138,7618,1279,53,24.05
100,Special Events,1,2020,929756,21195,69973,259,4171,1251,28,43.87
101,iRacing,1,2020,929743,59415,11454,821,3839,1251,79,15.65
102,Terraria,1,2020,925457,53382,185307,156,9155,1245,71,17.34
103,Science & Technology,1,2020,899403,80155,10538,176,7004,1210,107,11.22
104,Football Manager 2020,1,2020,830545,19934,8596,74,1437,1117,26,41.66
105,The Sims 4,1,2020,801912,50066,14070,171,9364,1079,67,16.02
106,Knight Online,1,2020,798605,12807,6843,47,799,1074,17,62.36
107,Hunt: Showdown,1,2020,786074,60528,20383,180,5614,1057,81,12.99
108,Lineage II: The Chaotic Throne - The 1st Throne: The Kamael,1,2020,778303,39054,4961,161,1678,1047,52,19.93
109,Paladins,1,2020,770073,83753,8509,255,13794,1036,112,9.19
110,The Binding of Isaac: Afterbirth,1,2020,762715,18661,169578,58,3511,1026,25,40.87
111,Dark Souls II: Scholar of the First Sin,1,2020,757538,25609,9578,72,2917,1019,34,29.58
112,The Witcher,1,2020,753880,27384,28729,112,3708,1014,36,27.53
113,The Forest,1,2020,745423,50889,21283,159,10411,1003,68,14.65
114,Euro Truck Simulator 2,1,2020,744559,89138,15621,320,11508,1002,119,8.35
115,Mortal Kombat 11,1,2020,735165,34110,32046,226,6454,989,45,21.55
116,osu!,1,2020,733432,128282,7065,339,26228,987,172,5.72
117,Frostpunk,1,2020,731512,14042,25489,103,2638,984,18,52.09
118,LOST ARK,1,2020,728700,30065,15676,94,1638,980,40,24.24
119,Hollow Knight,1,2020,713870,34711,15403,89,4958,960,46,20.57
120,Summoners War: Sky Arena,1,2020,713324,17002,5609,49,1016,960,22,41.96
121,Subnautica,1,2020,710962,33505,112385,99,5611,956,45,21.22
122,The Legend of Zelda: Breath of the Wild,1,2020,708584,38372,21242,96,3717,953,51,18.47
123,Star Wars Jedi: Fallen Order,1,2020,700009,64974,8460,241,17146,942,87,10.77
124,Super Mario World,1,2020,694268,12540,170553,46,1460,934,16,55.36
125,Darwin Project,1,2020,687024,42523,21444,193,9901,924,57,16.16
126,Plague Inc: Evolved,1,2020,685173,3441,37226,42,1382,922,4,199.12
127,PUBG Mobile,1,2020,673031,88786,6426,226,10017,905,119,7.58
128,Pummel Party,1,2020,667305,15067,35905,99,4878,898,20,44.29
129,Journey to the Savage Planet,1,2020,654827,5358,35949,138,1308,881,7,122.21
130,Pok<U+00E9>mon X/Y,1,2020,654702,933,157620,10,201,881,1,701.72
131,Dofus,1,2020,649652,18376,3498,69,1277,874,24,35.35
132,Grand Theft Auto IV,1,2020,630461,4127,26228,17,768,848,5,152.76
133,RimWorld,1,2020,625158,25740,4552,70,2416,841,34,24.29
134,Kingdom Hearts III,1,2020,623830,37158,7260,468,4336,839,50,16.79
135,The Elder Scrolls V: Skyrim,1,2020,616061,73470,5360,171,10145,829,98,8.39
136,Saint Seiya : Awakening,1,2020,608400,8667,2917,30,550,818,11,70.2
137,Halo: The Master Chief Collection,1,2020,607447,60597,6417,273,11914,817,81,10.02
138,Don't Starve Together,1,2020,606935,31532,8368,94,4610,816,42,19.25
139,Brawl Stars,1,2020,595473,24871,18601,91,3940,801,33,23.94
140,Dragon's Dogma: Dark Arisen,1,2020,583703,4111,29194,16,527,785,5,141.99
141,Garry's Mod,1,2020,582528,23885,30633,90,6304,784,32,24.39
142,God of War,1,2020,579823,34848,29109,104,5193,780,46,16.64
143,Borderlands 3,1,2020,574016,51876,6322,156,8234,772,69,11.07
144,GTFO,1,2020,573121,21442,42684,83,5190,771,28,26.73
145,Gwent: The Witcher Card Game,1,2020,571545,12833,2136,38,1122,769,17,44.54
146,Detroit: Become Human,1,2020,566945,14946,13915,54,3661,763,20,37.93
147,Battlefield V,1,2020,556608,57271,11532,165,11435,749,77,9.72
148,Farming Simulator 19,1,2020,551841,54062,5842,414,6681,742,72,10.21
149,Fallout,1,2020,547171,781,181041,10,162,736,1,700.6
150,Atlas,1,2020,541188,30326,3553,111,1718,728,40,17.85
151,The Legend of Zelda,1,2020,535382,2389,162264,22,308,720,3,224.1
152,My Summer Car,1,2020,534291,5623,29434,25,688,719,7,95.02
153,Roblox,1,2020,530454,109576,7807,302,22095,713,147,4.84
154,The Witcher 2: Assassins of Kings,1,2020,526984,10868,23349,45,1393,709,14,48.49
155,Anno 1800,1,2020,525822,8905,12944,48,1118,707,11,59.05
156,Travel & Outdoors,1,2020,515037,34641,10935,83,6561,693,46,14.87
157,The Legend of Zelda: Skyward Sword,1,2020,502656,2546,167335,19,192,676,3,197.43
158,Diablo III,1,2020,490847,46106,3683,135,6053,660,62,10.65
159,Raid: Shadow Legends,1,2020,486707,9490,8888,31,831,655,12,51.29
160,Makers & Crafting,1,2020,478293,35946,8275,93,3307,643,48,13.31
161,Resident Evil 4,1,2020,475073,16667,175922,55,2890,639,22,28.5
162,Twitch Sings,1,2020,461697,26989,21531,109,5742,621,36,17.11
163,Europa Universalis IV,1,2020,457874,10812,4568,49,996,616,14,42.35
164,skribbl.io,1,2020,445602,12177,86433,69,6073,599,16,36.59
165,Star Wars: Knights of the Old Republic,1,2020,443175,4423,19089,19,703,596,5,100.2
166,Epic Seven,1,2020,432595,12412,1910,38,922,582,16,34.85
167,The Legend of Zelda: Link's Awakening,1,2020,430165,5954,235605,29,946,578,8,72.25
168,NHL 20,1,2020,424584,16854,33759,57,4841,571,22,25.19
169,Donkey Kong Country 3: Dixie Kong's Double Trouble!,1,2020,420597,743,144511,8,133,566,1,566.08
170,Devil May Cry 5,1,2020,415479,13116,144037,40,3208,559,17,31.68
171,Romance of the Three Kingdoms XIV,1,2020,415378,2713,9236,30,157,559,3,153.11
172,RuneScape,1,2020,411969,31472,4661,77,2633,554,42,13.09
173,Eco,1,2020,410701,3120,7014,18,350,552,4,131.63
174,Yu-Gi-Oh! Duel Links,1,2020,402429,11993,3094,38,1439,541,16,33.56
175,Left 4 Dead 2,1,2020,397557,25279,11514,84,6469,535,34,15.73
176,Darkest Dungeon,1,2020,397312,14320,8485,45,2034,534,19,27.75
177,Pok<U+00E9>mon Ruby/Sapphire,1,2020,393510,1498,169805,16,237,529,2,262.69
178,UNO,1,2020,388478,10106,44736,61,6270,522,13,38.44
179,Dragon Ball FighterZ,1,2020,386361,23099,6241,76,5259,520,31,16.73
180,Super Mario Bros. 3,1,2020,384028,2218,181735,21,448,516,2,173.14
181,Mario Kart 8,1,2020,378675,15362,5879,82,3567,509,20,24.65
182,Arknights,1,2020,377213,12183,9606,104,1465,507,16,30.96
183,Total War: Warhammer II,1,2020,376765,17417,3764,51,1628,507,23,21.63
184,Eternal Card Game,1,2020,375589,4159,1675,14,235,505,5,90.31
185,M.U.G.E.N,1,2020,375281,3942,3233,8,97,505,5,95.2
186,Barbie and The Magic of Pegasus,1,2020,374932,224,33560,8,77,504,0,1673.8
187,Death Stranding,1,2020,373348,36994,16873,138,5921,502,49,10.09
188,Portal 2,1,2020,372182,13297,28813,50,4032,500,17,27.99
189,Guild Wars 2,1,2020,372025,28796,2004,105,2427,500,38,12.92
190,Final Fantasy VII,1,2020,368472,15351,3893,55,1699,495,20,24.0
191,Total War: Three Kingdoms,1,2020,368287,6615,8646,38,658,495,8,55.67
192,The Last of Us,1,2020,365196,28663,6781,79,1825,491,38,12.74
193,Beat Saber,1,2020,361309,39375,7807,113,10216,486,52,9.18
194,Space Engineers,1,2020,359847,17925,6917,56,1840,484,24,20.08
195,Mario & Luigi: Superstar Saga,1,2020,358689,260,116350,11,55,482,0,1379.57
196,Fire Emblem: Three Houses,1,2020,356950,12720,131393,51,1327,480,17,28.06
197,Shadowverse,1,2020,354284,11158,6629,45,922,476,15,31.75
198,Control,1,2020,352953,9987,155664,42,1886,475,13,35.34
199,Albion Online,1,2020,351531,20122,6277,71,1956,473,27,17.47
200,some some convenience store,1,2020,342876,4683,9903,63,800,461,6,73.22
1,League of Legends,2,2020,121635889,2549292,412216,7253,211492,175015,3668,47.71
2,Just Chatting,2,2020,89799571,1379006,309048,2849,195799,129208,1984,65.12
3,Fortnite,2,2020,55475583,3975899,273169,11837,427073,79820,5720,13.95
4,Counter-Strike: Global Offensive,2,2020,49796451,1135106,614792,3212,154126,71649,1633,43.87
5,Escape From Tarkov,2,2020,48964051,1095520,208360,2443,60704,70451,1576,44.69
6,Grand Theft Auto V,2,2020,43423533,917355,132945,2661,100907,62479,1319,47.34
7,Dota 2,2,2020,34971672,436925,236718,1176,29417,50318,628,80.04
8,World of Warcraft,2,2020,31740780,1009217,293197,4240,61087,45670,1452,31.45
9,Apex Legends,2,2020,28301475,1962702,283368,7923,204742,40721,2824,14.42
10,Hearthstone,2,2020,19173902,135829,81234,339,12881,27588,195,141.16
11,Tom Clancy's Rainbow Six Siege,2,2020,17681666,886577,234650,2407,124016,25441,1275,19.94
12,Minecraft,2,2020,17225482,797537,128086,2207,129650,24784,1147,21.6
13,FIFA 20,2,2020,16522429,303186,117164,1091,41810,23773,436,54.5
14,Overwatch,2,2020,15337803,744064,89447,1648,83070,22068,1070,20.61
15,PLAYERUNKNOWN'S BATTLEGROUNDS,2,2020,13970333,732289,61324,1852,68692,20101,1053,19.08
16,Dead by Daylight,2,2020,10475445,497495,56698,1083,45723,15072,715,21.06
17,Wolcen: Lords of Mayhem,2,2020,9168572,190977,113848,1335,17192,13192,274,48.01
18,Slots,2,2020,9125550,67291,74401,184,3123,13130,96,135.61
19,Call of Duty: Warzone,2,2020,8989168,960329,73905,3467,134630,12934,1381,9.36
20,Rocket League,2,2020,8655808,339652,152454,885,66909,12454,488,25.48
21,Magic: The Gathering,2,2020,6452345,64787,126517,182,6288,9283,93,99.59
22,Teamfight Tactics,2,2020,5625187,141346,27404,323,20546,8093,203,39.8
23,Warcraft III,2,2020,5231864,82902,48265,363,7678,7527,119,63.11
24,Music,2,2020,5076685,293678,38075,561,14177,7304,422,17.29
25,StarCraft II,2,2020,5013370,55442,90208,128,4841,7213,79,90.43
26,Art,2,2020,4926212,298276,15098,648,31702,7088,429,16.52
27,Rust,2,2020,4776194,152886,30825,526,14473,6872,219,31.24
28,Destiny 2,2,2020,4584474,367942,19157,1005,35308,6596,529,12.46
29,Talk Shows & Podcasts,2,2020,4554476,59907,93365,146,7049,6553,86,76.03
30,Old School RuneScape,2,2020,4410537,95771,29455,224,6843,6346,137,46.05
31,Path of Exile,2,2020,4293192,106347,36630,334,8251,6177,153,40.37
32,Poker,2,2020,4149246,58049,38080,220,3350,5970,83,71.48
33,Legends of Runeterra,2,2020,4051367,104156,32154,404,15452,5829,149,38.9
34,World of Tanks,2,2020,4029702,144066,20331,485,10672,5798,207,27.97
35,Super Smash Bros. Ultimate,2,2020,3881729,94803,115046,403,11241,5585,136,40.95
36,Super Mario Maker 2,2,2020,3675414,43774,26193,116,3493,5288,62,83.96
37,Monster Hunter: World,2,2020,3506723,214834,16068,542,19349,5045,309,16.32
38,Conan Exiles,2,2020,3384917,47368,23748,151,3077,4870,68,71.46
39,Pok<U+00E9>mon Sword/Shield,2,2020,3183977,132270,15849,387,10495,4581,190,24.07
40,Call of Duty: Black Ops 4,2,2020,3141657,286749,32038,741,23271,4520,412,10.96
41,Black Desert Online,2,2020,3129909,140043,45234,407,9361,4503,201,22.35
42,ASMR,2,2020,2890274,49038,14354,110,1289,4158,70,58.94
43,NBA 2K20,2,2020,2844878,228963,28303,723,28686,4093,329,12.43
44,FINAL FANTASY XIV Online,2,2020,2781625,261416,35026,1586,16019,4002,376,10.64
45,Games + Demos,2,2020,2659816,43955,41315,122,7505,3827,63,60.51
46,ARK: Survival Evolved,2,2020,2612791,151989,40993,815,12045,3759,218,17.19
47,Dark Souls III,2,2020,2438142,89677,14657,229,11805,3508,129,27.19
48,SMITE,2,2020,2361816,118510,25843,320,12791,3398,170,19.93
49,Granblue Fantasy: Versus,2,2020,2182765,29533,26392,232,3240,3140,42,73.91
50,The Witcher 3: Wild Hunt,2,2020,2167203,103574,29669,344,13221,3118,149,20.92
51,Dungeons & Dragons,2,2020,2164248,42731,66873,230,4292,3114,61,50.65
52,Sea of Thieves,2,2020,2152866,138378,40606,563,15832,3097,199,15.56
53,Tibia,2,2020,2137602,74410,8529,217,4216,3075,107,28.73
54,The Elder Scrolls Online,2,2020,2070471,72555,24423,202,6179,2979,104,28.54
55,World of Warships,2,2020,2041307,60421,12756,180,4440,2937,86,33.78
56,Age of Empires II: Definitive Edition,2,2020,1989402,26259,19356,81,2755,2862,37,75.76
57,Madden NFL 20,2,2020,1869419,155886,26588,643,22549,2689,224,11.99
58,Retro,2,2020,1856447,99725,7938,226,6920,2671,143,18.62
59,Super Smash Bros. Melee,2,2020,1839672,12373,60594,55,1817,2647,17,148.68
60,Heroes of the Storm,2,2020,1796824,64126,12423,157,5819,2585,92,28.02
61,Heroes of Might and Magic III: The Shadow of Death,2,2020,1739532,11112,12360,38,558,2502,15,156.55
62,RimWorld,2,2020,1667883,31839,29544,129,3024,2399,45,52.38
63,Street Fighter V,2,2020,1618347,35958,19199,137,4703,2328,51,45.01
64,Lineage II: The Chaotic Throne - The 1st Throne: The Kamael,2,2020,1568332,44468,10181,161,1875,2256,63,35.27
65,MapleStory,2,2020,1523815,58159,13016,178,4303,2192,83,26.2
66,Jump King,2,2020,1463492,10995,21102,42,2639,2105,15,133.11
67,Dragon Ball FighterZ,2,2020,1409609,32183,89981,289,6846,2028,46,43.8
68,Tom Clancy's The Division 2,2,2020,1384004,155388,69659,658,27010,1991,223,8.91
69,Stoneshard,2,2020,1332969,18681,30833,120,3108,1917,26,71.35
70,The Sims 4,2,2020,1318269,55658,32272,167,13708,1896,80,23.69
71,Temtem,2,2020,1228948,71085,12324,389,10030,1768,102,17.29
72,DayZ,2,2020,1215414,106105,20476,305,10941,1748,152,11.45
73,Satisfactory,2,2020,1172353,49974,18673,257,4513,1686,71,23.46
74,Garena Free Fire,2,2020,1166341,40346,9844,126,4139,1678,58,28.91
75,Stardew Valley,2,2020,1143276,78398,21550,194,11774,1645,112,14.58
76,Farming Simulator 19,2,2020,1116890,104669,16503,557,13227,1607,150,10.67
77,VRChat,2,2020,1072777,55662,6883,186,5668,1543,80,19.27
78,Dark Souls,2,2020,1071297,42309,9408,119,4979,1541,60,25.32
79,Science & Technology,2,2020,1064818,76963,9550,194,6004,1532,110,13.84
80,DRAGON BALL Z: KAKAROT,2,2020,1055787,81001,15438,407,11893,1519,116,13.03
81,Super Mario 64,2,2020,1030422,15853,22078,50,1904,1482,22,65.0
82,Chess,2,2020,1026827,17289,23768,51,1372,1477,24,59.39
83,The Legend of Zelda: Ocarina of Time,2,2020,1023914,29300,20463,203,2254,1473,42,34.95
84,Star Citizen,2,2020,1000199,35701,9990,152,2896,1439,51,28.02
85,Pummel Party,2,2020,994085,10565,56660,67,3770,1430,15,94.09
86,Food & Drink,2,2020,976921,14178,19460,49,3698,1405,20,68.9
87,Marbles On Stream,2,2020,972349,32331,43074,103,6059,1399,46,30.07
88,Hunt: Showdown,2,2020,970352,82570,12240,344,8971,1396,118,11.75
89,Fitness & Health,2,2020,965539,11846,20893,39,1982,1389,17,81.51
90,The Legend of Zelda: Breath of the Wild,2,2020,963652,37557,17728,115,3791,1386,54,25.66
91,Clash of Clans,2,2020,918036,12179,37006,45,1345,1320,17,75.38
92,Red Dead Redemption 2,2,2020,906316,123575,14869,320,15253,1304,177,7.33
93,iRacing,2,2020,892252,48756,13870,582,3706,1283,70,18.3
94,They Are Billions,2,2020,889086,6342,19644,23,624,1279,9,140.19
95,Danganronpa: Trigger Happy Havoc,2,2020,886765,4192,14314,19,458,1275,6,211.54
96,Borderlands 3,2,2020,886712,46475,19232,140,6766,1275,66,19.08
97,Kingdom Come: Deliverance,2,2020,881225,28457,17183,156,3999,1267,40,30.97
98,Warframe,2,2020,864642,88123,47986,223,9023,1244,126,9.81
99,Clash Royale,2,2020,864234,12474,17622,45,2148,1243,17,69.28
100,Dark Souls II: Scholar of the First Sin,2,2020,857594,25264,8760,68,2840,1233,36,33.95
101,Slay the Spire,2,2020,837318,19063,20955,57,3660,1204,27,43.92
102,7 Days to Die,2,2020,832733,73716,5467,197,6199,1198,106,11.3
103,Subnautica: Below Zero,2,2020,830287,10109,29209,52,1718,1194,14,82.13
104,Tekken 7,2,2020,787152,41318,21713,97,6606,1132,59,19.05
105,Terraria,2,2020,777424,43984,22339,117,7066,1118,63,17.68
106,Dreams,2,2020,761420,15707,43582,95,2835,1095,22,48.48
107,TrackMania 2: Stadium,2,2020,760213,5746,29774,50,876,1093,8,132.3
108,The Isle,2,2020,759240,14339,29864,49,1399,1092,20,52.95
109,PUBG Mobile,2,2020,757304,80139,11976,222,8182,1089,115,9.45
110,Super Mario World,2,2020,756494,13320,7887,55,1546,1088,19,56.79
111,Raid: Shadow Legends,2,2020,746347,11115,14121,33,939,1073,15,67.15
112,Diablo II: Lord of Destruction,2,2020,720487,19546,7080,74,1229,1036,28,36.86
113,Knight Online,2,2020,708966,11131,5431,45,694,1020,16,63.69
114,Special Events,2,2020,702934,17845,51621,244,2754,1011,25,39.39
115,Bloodborne,2,2020,698492,35903,7616,106,4772,1005,51,19.45
116,Resident Evil 2,2,2020,682122,54972,6124,157,9424,981,79,12.41
117,Sekiro: Shadows Die Twice,2,2020,682037,38342,41798,107,7186,981,55,17.79
118,osu!,2,2020,680864,118924,8433,312,24161,979,171,5.73
119,The Binding of Isaac: Afterbirth,2,2020,664217,18969,7875,56,3391,955,27,35.02
120,Metro Exodus,2,2020,662254,28541,27136,202,4727,952,41,23.2
121,Dragon's Dogma: Dark Arisen,2,2020,656883,5033,27620,20,646,945,7,130.52
122,Diablo III,2,2020,619539,32728,12307,117,4796,891,47,18.93
123,Grand Theft Auto: San Andreas,2,2020,617271,20425,18428,73,3824,888,29,30.22
124,Zombie Army 4: Dead War,2,2020,612082,16364,27709,130,2297,880,23,37.4
125,The Forest,2,2020,610844,41900,25561,152,8529,878,60,14.58
126,The Coin Game,2,2020,604834,778,51002,12,292,870,1,777.42
127,Paladins,2,2020,600045,72009,3648,199,11751,863,103,8.33
128,Bloons TD 6,2,2020,599600,13273,27354,54,2498,862,19,45.17
129,Summoners War: Sky Arena,2,2020,598656,15966,5371,53,1019,861,22,37.5
130,Twitch Presents,2,2020,594710,265,24107,7,6,855,0,2244.19
131,Yu-Gi-Oh! Duel Links,2,2020,584545,12747,10726,41,1434,841,18,45.86
132,Euro Truck Simulator 2,2,2020,581210,77818,5441,315,9943,836,111,7.47
133,Subnautica,2,2020,579569,34977,10580,108,5710,833,50,16.57
134,Football Manager 2020,2,2020,578584,18241,11821,68,1404,832,26,31.72
135,Mount & Blade: Warband,2,2020,573222,9941,11984,34,1262,824,14,57.66
136,The Elder Scrolls V: Skyrim,2,2020,571223,62473,9056,154,8294,821,89,9.14
137,Hearts of Iron IV,2,2020,569974,11683,6262,66,1625,820,16,48.79
138,Dofus,2,2020,559023,15514,4077,54,1149,804,22,36.03
139,Mortal Kombat 11,2,2020,557570,31278,13984,107,5780,802,45,17.83
140,Danganronpa 2: Goodbye Despair,2,2020,547963,3206,12370,14,265,788,4,170.92
141,Skul: The Hero Slayer,2,2020,529687,6611,30294,80,1418,762,9,80.12
142,Gwent: The Witcher Card Game,2,2020,529586,10334,6425,35,795,761,14,51.25
143,Monster Hunter World: Iceborne,2,2020,525508,91298,4983,343,13491,756,131,5.76
144,Arknights,2,2020,519577,17682,6282,118,1661,747,25,29.38
145,The Walking Dead: Saints & Sinners,2,2020,515711,6693,16314,41,1700,742,9,77.05
146,Hollow Knight,2,2020,512460,32879,11422,94,4443,737,47,15.59
147,Yakuza,2,2020,512330,6864,8727,43,351,737,9,74.64
148,Wasteland 2,2,2020,506126,1906,22327,10,134,728,2,265.54
149,Saint Seiya : Awakening,2,2020,498347,8336,3085,36,533,717,11,59.78
150,Deceit,2,2020,497910,12788,19071,56,4564,716,18,38.94
151,Battlefield V,2,2020,494211,52729,40161,185,10483,711,75,9.37
152,God of War,2,2020,493450,26861,8571,76,3919,710,38,18.37
153,Dead Cells,2,2020,492580,20617,19229,109,4770,708,29,23.89
154,Travel & Outdoors,2,2020,492238,43677,6487,103,8121,708,62,11.27
155,RuneScape,2,2020,474167,32693,6472,92,2706,682,47,14.5
156,Super Mario Odyssey,2,2020,468793,8510,20679,36,1034,674,12,55.09
157,Star Wars Battlefront II,2,2020,466336,32083,22840,127,9982,670,46,14.54
158,For Honor,2,2020,464229,38565,25648,135,6348,667,55,12.04
159,Arma 3,2,2020,460934,53242,5509,278,5126,663,76,8.66
160,Garry's Mod,2,2020,460253,21768,17524,86,5497,662,31,21.14
161,Detroit: Become Human,2,2020,457980,10822,19268,39,2756,658,15,42.32
162,Total War: Warhammer II,2,2020,452617,15086,4801,47,1379,651,21,30.0
163,Roblox,2,2020,452551,98480,2589,299,19391,651,141,4.6
164,LOST ARK,2,2020,447198,24857,3019,79,1301,643,35,17.99
165,Europa Universalis IV,2,2020,445253,11038,4153,46,989,640,15,40.34
166,Cuphead,2,2020,438929,10223,25564,40,3256,631,14,42.94
167,Monopoly Plus,2,2020,434908,3945,14805,26,1619,625,5,110.24
168,Auto Chess,2,2020,430368,7051,12837,26,559,619,10,61.04
169,Mario Kart 8,2,2020,426470,14723,22708,72,3473,613,21,28.97
170,GTFO,2,2020,423278,12573,29885,74,3218,609,18,33.67
171,The Legend of Zelda: A Link to the Past,2,2020,410059,22599,8078,109,1828,590,32,18.15
172,Twitch Sings,2,2020,407828,25366,7381,94,5234,586,36,16.08
173,Don't Starve Together,2,2020,402680,26717,8420,81,3896,579,38,15.07
174,DOOM,2,2020,402605,30764,23269,98,7157,579,44,13.09
175,Makers & Crafting,2,2020,400880,32291,6810,87,2828,576,46,12.41
176,Guild Wars 2,2,2020,399486,28853,2204,92,2483,574,41,13.85
177,DreadOut 2,2,2020,399008,1179,31528,23,282,574,1,338.43
178,Plague Inc: Evolved,2,2020,395658,3906,19736,36,1720,569,5,101.29
179,Z1: Battle Royale,2,2020,391244,22110,9925,136,3525,562,31,17.7
180,Beat Saber,2,2020,385591,37347,12280,118,8765,554,53,10.32
181,Persona 5 Royal,2,2020,384855,6965,14996,67,289,553,10,55.26
182,Vintage Story,2,2020,384564,1261,25729,21,140,553,1,304.97
183,The Legend of Zelda: The Wind Waker,2,2020,383339,4214,3376,18,566,551,6,90.97
184,The Suicide of Rachel Foster,2,2020,378256,3354,25762,69,922,544,4,112.78
185,Dota Underlords,2,2020,376249,13032,20152,103,2010,541,18,28.87
186,The Last of Us,2,2020,371605,28424,5054,96,1888,534,40,13.07
187,XCOM 2: War of the Chosen,2,2020,367766,6329,6306,22,569,529,9,58.11
188,Halo: The Master Chief Collection,2,2020,366724,35566,4479,157,6895,527,51,10.31
189,Raft,2,2020,365926,22739,21796,78,4618,526,32,16.09
190,Hades,2,2020,362505,14272,7441,56,2285,521,20,25.4
191,The Pedestrian,2,2020,359607,1245,25157,13,466,517,1,288.84
192,The Legend of Zelda: Majora's Mask,2,2020,358725,6057,7978,25,578,516,8,59.22
193,Albion Online,2,2020,354864,21673,2917,69,1973,510,31,16.37
194,Dead Space 2,2,2020,349800,2621,4907,14,569,503,3,133.46
195,Alien: Isolation,2,2020,347691,9347,10613,39,1886,500,13,37.2
196,Final Fantasy VII,2,2020,345899,17028,8713,51,1913,497,24,20.31
197,Journey to the Savage Planet,2,2020,343540,10366,25405,98,2173,494,14,33.14
198,Quake Champions,2,2020,341767,11395,5313,42,1366,491,16,29.99
199,Darkest Dungeon,2,2020,338439,14543,22477,43,1912,486,20,23.27
200,M.U.G.E.N,2,2020,337682,3635,1024,9,80,485,5,92.9
1,League of Legends,3,2020,123599885,3062720,421581,8390,252555,166352,4122,40.36
2,Just Chatting,3,2020,112003986,1808562,360279,4180,248185,150745,2434,61.93
3,Call of Duty: Warzone,3,2020,96459529,4272706,520918,13777,474044,129824,5750,22.58
4,Counter-Strike: Global Offensive,3,2020,66797699,1511619,828949,4667,197089,89902,2034,44.19
5,Fortnite,3,2020,66249206,4750140,289330,12948,497697,89164,6393,13.95
6,Grand Theft Auto V,3,2020,56174067,1056098,184708,3278,110705,75604,1421,53.19
7,Dota 2,3,2020,41849138,544228,164524,1490,35212,56324,732,76.9
8,Animal Crossing: New Horizons,3,2020,30832827,455308,244171,4403,40068,41497,612,67.72
9,Escape From Tarkov,3,2020,27232954,928222,173904,2238,49014,36652,1249,29.34
10,Hearthstone,3,2020,23909476,175493,108476,433,17509,32179,236,136.24
11,Minecraft,3,2020,22970430,1168906,225095,3744,183753,30915,1573,19.65
12,Apex Legends,3,2020,22035686,1722658,118822,3895,183683,29657,2318,12.79
13,World of Warcraft,3,2020,20337340,1096231,73509,4060,65578,27371,1475,18.55
14,FIFA 20,3,2020,19820823,419590,227013,2196,62395,26676,564,47.24
15,Overwatch,3,2020,15595432,870540,194372,1983,98914,20989,1171,17.91
16,Path of Exile,3,2020,13926308,292398,117037,3236,17070,18743,393,47.63
17,PLAYERUNKNOWN'S BATTLEGROUNDS,3,2020,13775512,623229,72358,1359,57987,18540,838,22.1
18,Teamfight Tactics,3,2020,13650837,305239,57503,1194,44779,18372,410,44.72
19,Tom Clancy's Rainbow Six Siege,3,2020,13071194,1143568,69354,3068,152219,17592,1539,11.43
20,Dead by Daylight,3,2020,11911331,596711,50220,1458,55228,16031,803,19.96
21,Slots,3,2020,11634399,76425,90448,205,3783,15658,102,152.23
22,Rocket League,3,2020,10498059,422375,189258,1518,83660,14129,568,24.85
23,DOOM Eternal,3,2020,10275689,332177,140962,4196,48508,13829,447,30.93
24,Music,3,2020,10049112,409115,137303,1404,29752,13525,550,24.56
25,Nioh 2,3,2020,9395702,150561,123868,754,10544,12645,202,62.4
26,Destiny 2,3,2020,9267132,619405,85865,2334,50146,12472,833,14.96
27,RimWorld,3,2020,6548503,61694,40076,153,4834,8813,83,106.14
28,Art,3,2020,5812675,371003,24127,886,39865,7823,499,15.67
29,Poker,3,2020,5475198,77681,43768,361,4990,7369,104,70.48
30,Rust,3,2020,4988329,163575,24070,494,16495,6713,220,30.5
31,Old School RuneScape,3,2020,4984883,114788,21516,296,7750,6709,154,43.43
32,Half-Life: Alyx,3,2020,4770477,60071,303620,2399,11019,6420,80,79.41
33,Magic: The Gathering,3,2020,4682946,77452,16717,285,7508,6302,104,60.46
34,StarCraft II,3,2020,4255219,70958,78201,238,6087,5727,95,59.97
35,Mount & Blade II: Bannerlord,3,2020,4208318,36695,243038,1380,7274,5663,49,114.68
36,Ori and the Will of the Wisps,3,2020,4166360,142104,68414,1502,18078,5607,191,29.32
37,World of Tanks,3,2020,4014371,152027,23233,454,10943,5402,204,26.41
38,Tom Clancy's The Division 2,3,2020,3781173,264917,72816,1074,30434,5089,356,14.27
39,Age of Empires II: Definitive Edition,3,2020,3744552,32795,54835,135,3459,5039,44,114.18
40,Talk Shows & Podcasts,3,2020,3743993,76960,57359,248,9903,5039,103,48.65
41,NBA 2K20,3,2020,3731517,332195,40615,1159,44954,5022,447,11.23
42,Black Desert Online,3,2020,3578533,176093,13271,359,11948,4816,237,20.32
43,ASMR,3,2020,3566345,58384,25076,109,1408,4799,78,61.08
44,Super Mario Maker 2,3,2020,3084676,45945,19694,126,3865,4151,61,67.14
45,Super Smash Bros. Ultimate,3,2020,3068824,104674,40498,358,12335,4130,140,29.32
46,ARK: Survival Evolved,3,2020,3024507,225503,23061,625,16504,4070,303,13.41
47,Monster Hunter: World,3,2020,2987052,231102,22233,764,21266,4020,311,12.93
48,Games + Demos,3,2020,2900391,50877,57908,132,9135,3903,68,57.01
49,Pok<U+00E9>mon Sword/Shield,3,2020,2876384,112653,18471,299,9303,3871,151,25.53
50,SMITE,3,2020,2859327,131331,12149,378,14324,3848,176,21.77
51,Chess,3,2020,2655564,25040,43863,117,2054,3574,33,106.05
52,Tibia,3,2020,2647829,103378,8955,295,4893,3563,139,25.61
53,Warcraft III,3,2020,2441447,47308,25982,124,3543,3285,63,51.61
54,World of Warships,3,2020,2333880,61758,11615,160,4587,3141,83,37.79
55,Sea of Thieves,3,2020,2133919,173625,32892,703,20210,2872,233,12.29
56,The Elder Scrolls Online,3,2020,2102807,71605,25190,200,6076,2830,96,29.37
57,Last Oasis,3,2020,2098094,23761,59245,752,3091,2823,31,88.3
58,Retro,3,2020,2022025,112050,12597,257,7641,2721,150,18.05
59,FINAL FANTASY XIV Online,3,2020,1913929,240505,11083,1144,16591,2575,323,7.96
60,Heroes of Might and Magic III: The Shadow of Death,3,2020,1911668,13259,10639,44,717,2572,17,144.18
61,MapleStory,3,2020,1884405,65391,20913,172,4217,2536,88,28.82
62,iRacing,3,2020,1834184,66114,55317,688,5181,2468,88,27.74
63,Heroes of the Storm,3,2020,1813029,73306,7514,180,6535,2440,98,24.73
64,Dungeons & Dragons,3,2020,1770596,57985,74864,345,5877,2383,78,30.54
65,Legends of Runeterra,3,2020,1770502,43659,12716,124,5571,2382,58,40.55
66,Diablo III,3,2020,1732328,109895,23610,1015,11947,2331,147,15.76
67,Twitch Stream Aid,3,2020,1667571,1282,168180,92,336,2244,1,1300.76
68,MLB The Show 20,3,2020,1662603,39107,14181,393,9320,2237,52,42.51
69,Stilt Fella,3,2020,1632057,3037,63244,19,776,2196,4,537.39
70,VRChat,3,2020,1622188,66846,51406,223,6981,2183,89,24.27
71,Fitness & Health,3,2020,1544640,20494,43527,152,3885,2078,27,75.37
72,Garena Free Fire,3,2020,1517659,46972,21139,150,4869,2042,63,32.31
73,F1 2019,3,2020,1508101,25448,181862,197,7070,2029,34,59.26
74,Dark Souls III,3,2020,1462174,97795,10748,236,13021,1967,131,14.95
75,Granblue Fantasy: Versus,3,2020,1452885,37629,29261,196,5651,1955,50,38.61
76,Science & Technology,3,2020,1428936,104046,10800,246,8249,1923,140,13.73
77,Lineage II: The Chaotic Throne - The 1st Throne: The Kamael,3,2020,1412158,52771,6904,177,2134,1900,71,26.76
78,Marbles On Stream,3,2020,1375601,39423,22306,135,7908,1851,53,34.89
79,Clash Royale,3,2020,1355826,18261,20739,67,2597,1824,24,74.25
80,Madden NFL 20,3,2020,1353161,171462,18831,679,23789,1821,230,7.89
81,Call of Duty: Black Ops 4,3,2020,1333127,192775,40253,674,21245,1794,259,6.92
82,The Witcher 3: Wild Hunt,3,2020,1320731,86371,17963,270,12105,1777,116,15.29
83,The Legend of Zelda: Breath of the Wild,3,2020,1292601,45662,15856,135,4781,1739,61,28.31
84,Food & Drink,3,2020,1191805,18916,14777,65,4650,1604,25,63.01
85,Black Mesa,3,2020,1186651,22545,35028,96,3762,1597,30,52.63
86,Resident Evil 2,3,2020,1179402,81124,20170,307,14722,1587,109,14.54
87,DayZ,3,2020,1174659,95072,9120,273,9339,1580,127,12.36
88,Pummel Party,3,2020,1156479,23392,41446,221,7389,1556,31,49.44
89,The Seven Deadly Sins: Grand Cross,3,2020,1132919,32799,7370,125,1878,1524,44,34.54
90,Mortal Kombat 11,3,2020,1090406,41163,44425,262,7703,1467,55,26.49
91,Slay the Spire,3,2020,1084648,22361,36941,205,3804,1459,30,48.51
92,Hunt: Showdown,3,2020,1078524,94781,8066,338,9326,1451,127,11.38
93,Stardew Valley,3,2020,1066389,96548,13850,256,15192,1435,129,11.05
94,Satisfactory,3,2020,1057794,59816,18838,485,5485,1423,80,17.68
95,Football Manager 2020,3,2020,1048300,28962,16549,118,2748,1410,38,36.2
96,Borderlands 3,3,2020,1045528,120569,10733,597,16216,1407,162,8.67
97,Warframe,3,2020,1011639,105581,52982,349,10856,1361,142,9.58
98,Street Fighter V,3,2020,1002428,32354,29213,94,3860,1349,43,30.98
99,Tekken 7,3,2020,1001346,47567,19861,139,7353,1347,64,21.05
100,The Legend of Zelda: Ocarina of Time,3,2020,994485,33818,24279,162,2662,1338,45,29.41
101,Special Events,3,2020,993916,24641,217238,411,3843,1337,33,40.34
102,Pok<U+00E9>mon Mystery Dungeon: Rescue Team DX,3,2020,988580,39231,16927,420,4416,1330,52,25.2
103,The Sims 4,3,2020,961469,64716,7582,211,13470,1294,87,14.86
104,UNO,3,2020,931759,15923,52191,90,9258,1254,21,58.52
105,DOOM,3,2020,924047,65634,19331,332,14243,1243,88,14.08
106,Dark Souls II: Scholar of the First Sin,3,2020,918794,26638,8990,79,3024,1236,35,34.49
107,Dofus,3,2020,917484,25276,34804,295,2009,1234,34,36.3
108,Knight Online,3,2020,915978,13069,6808,51,781,1232,17,70.09
109,Sekiro: Shadows Die Twice,3,2020,898027,39722,7861,114,7957,1208,53,22.61
110,Motorsport Manager,3,2020,878718,2338,32394,19,318,1182,3,375.84
111,osu!,3,2020,874783,138699,7016,363,26592,1177,186,6.31
112,The Binding of Isaac: Afterbirth,3,2020,838836,22470,8283,71,4126,1128,30,37.33
113,Final Fantasy VII,3,2020,837761,31355,14637,87,4033,1127,42,26.72
114,Dark Souls,3,2020,835476,44559,7447,127,5406,1124,59,18.75
115,Resident Evil 3,3,2020,832857,24507,42298,588,15783,1120,32,33.98
116,Super Mario 64,3,2020,818825,20508,8920,76,2278,1102,27,39.93
117,Red Dead Redemption 2,3,2020,809840,117876,15095,309,15647,1089,158,6.87
118,Dragon Ball FighterZ,3,2020,807750,37304,17899,124,7300,1087,50,21.65
119,Mario Kart 8,3,2020,802938,18493,47712,78,4636,1080,24,43.42
120,Persona 5 Royal,3,2020,799879,20319,18590,716,2479,1076,27,39.37
121,Curse of the Dead Gods,3,2020,790287,6654,28147,63,1373,1063,8,118.77
122,PUBG Mobile,3,2020,784484,81141,11114,214,8144,1055,109,9.67
123,Star Citizen,3,2020,771010,40073,11899,135,3114,1037,53,19.24
124,Yu-Gi-Oh! Duel Links,3,2020,769014,14198,10051,49,1660,1035,19,54.16
125,Final Fantasy VII Remake,3,2020,765522,15310,41764,497,8967,1030,20,50.0
126,Ori and the Blind Forest,3,2020,742052,45972,17485,163,8789,998,61,16.14
127,Bloodborne,3,2020,741030,43748,17273,124,6232,997,58,16.94
128,Summoners War: Sky Arena,3,2020,739890,17239,5534,58,1039,995,23,42.92
129,7 Days to Die,3,2020,729236,80171,12573,230,7206,981,107,9.1
130,The Forest,3,2020,728395,66124,15368,243,12900,980,88,11.02
131,Farming Simulator 19,3,2020,726147,72793,7387,270,7167,977,97,9.98
132,Divinity: Original Sin II,3,2020,722658,33841,27058,113,3677,972,45,21.35
133,Diablo II: Lord of Destruction,3,2020,718598,17204,3857,45,1102,967,23,41.77
134,Predator: Hunting Grounds,3,2020,717180,11410,48802,348,3753,965,15,62.86
135,eFootball PES 2020,3,2020,714366,24876,18115,96,3770,961,33,28.72
136,Golf It!,3,2020,695277,4817,28907,39,1843,935,6,144.34
137,Garry's Mod,3,2020,693888,32044,49885,139,8136,933,43,21.65
138,Wolcen: Lords of Mayhem,3,2020,684919,43457,18049,240,4534,921,58,15.76
139,The Elder Scrolls V: Skyrim,3,2020,680547,73779,7523,205,9824,915,99,9.22
140,Super Mario World,3,2020,670687,16509,5292,65,1888,902,22,40.63
141,For Honor,3,2020,661629,42448,10770,137,6985,890,57,15.59
142,Conan Exiles,3,2020,652610,44145,3875,123,3098,878,59,14.78
143,RuneScape,3,2020,647906,35800,13200,157,3040,872,48,18.1
144,Nioh,3,2020,636531,32048,21769,97,3839,856,43,19.86
145,Don't Starve Together,3,2020,634990,32792,4946,118,4908,854,44,19.36
146,Paladins,3,2020,629885,76204,9600,237,13239,847,102,8.27
147,Travel & Outdoors,3,2020,620805,65276,9883,159,10342,835,87,9.51
148,Roblox,3,2020,620662,134256,3125,528,25430,835,180,4.62
149,Raid: Shadow Legends,3,2020,613263,11392,24042,31,1023,825,15,53.83
150,Euro Truck Simulator 2,3,2020,608468,92264,6022,374,11763,818,124,6.59
151,Tabletop RPGs,3,2020,583699,9238,30178,54,1164,785,12,63.18
152,"Yes, Your Grace",3,2020,583076,3703,37177,38,795,784,4,157.46
153,Europa Universalis IV,3,2020,576643,12202,4208,52,1144,776,16,47.26
154,Gwent: The Witcher Card Game,3,2020,571782,11553,5404,41,889,769,15,49.49
155,State of Decay 2,3,2020,564213,30477,18262,150,4395,759,41,18.51
156,Stellaris,3,2020,562399,20133,21339,146,2395,756,27,27.93
157,Gears 5,3,2020,560321,36712,15312,152,4770,754,49,15.26
158,Metin2,3,2020,543103,19326,4691,92,1753,730,26,28.1
159,Twitch Sings,3,2020,538967,28612,137455,109,5893,725,38,18.84
160,FTL: Faster Than Light,3,2020,538419,6403,18568,174,1076,724,8,84.09
161,Total Lockdown,3,2020,531250,1157,43182,48,216,715,1,459.16
162,Grand Theft Auto: San Andreas,3,2020,525047,24743,6222,89,4640,706,33,21.22
163,Halo: The Master Chief Collection,3,2020,523196,75900,5544,432,14753,704,102,6.89
164,Hollow Knight,3,2020,513075,38399,12231,112,5450,690,51,13.36
165,Terraria,3,2020,512677,51247,19929,156,8647,690,68,10.0
166,The Last of Us,3,2020,504055,42014,4665,138,2746,678,56,12.0
167,Fallout 76,3,2020,503895,29513,10378,84,2972,678,39,17.07
168,The Legend of Zelda: A Link to the Past,3,2020,489540,27833,5865,121,2012,658,37,17.59
169,Cities: Skylines,3,2020,487936,21190,30123,109,3938,656,28,23.03
170,Diabotical,3,2020,486973,21153,33204,282,3599,655,28,23.02
171,Dota Underlords,3,2020,484057,17501,10135,56,2372,651,23,27.66
172,Guild Wars 2,3,2020,482096,35038,2387,113,3029,648,47,13.76
173,Half-Life 2,3,2020,475945,11281,12877,45,2437,640,15,42.19
174,God of War,3,2020,475455,34938,9379,120,5297,639,47,13.61
175,Star Wars Jedi: Fallen Order,3,2020,475362,20907,21955,71,6229,639,28,22.74
176,Brawl Stars,3,2020,463461,33928,12281,110,4398,623,45,13.66
177,The Jackbox Party Pack 6,3,2020,460051,27108,29440,386,7946,619,36,16.97
178,Super Smash Bros. Melee,3,2020,454379,13076,7954,53,2046,611,17,34.75
179,Anno 1800,3,2020,454124,14830,20889,162,1955,611,19,30.62
180,Blackjack,3,2020,453931,7185,9761,26,698,610,9,63.18
181,LOST ARK,3,2020,453532,24202,3310,89,1151,610,32,18.74
182,Friday the 13th: The Game,3,2020,445025,22023,31228,278,5309,598,29,20.21
183,Saint Seiya : Awakening,3,2020,438113,8368,3783,35,561,589,11,52.36
184,Beat Saber,3,2020,436507,42125,30631,126,10113,587,56,10.36
185,Darkest Dungeon,3,2020,432628,16559,4358,61,2381,582,22,26.13
186,Sid Meier's Civilization VI,3,2020,425484,16225,8378,70,2507,572,21,26.22
187,Makers & Crafting,3,2020,419245,39043,5995,109,3714,564,52,10.74
188,ShootMania Storm,3,2020,417455,1324,16389,11,177,561,1,315.3
189,Total War: Warhammer II,3,2020,416362,16170,3937,49,1539,560,21,25.75
190,Hearts of Iron IV,3,2020,413997,12619,3322,53,1753,557,16,32.81
191,Super Mario Odyssey,3,2020,412323,10916,5013,45,1373,554,14,37.77
192,Raft,3,2020,410500,22396,17658,78,4479,552,30,18.33
193,Forza Horizon 4,3,2020,410303,38751,20946,149,8906,552,52,10.59
194,Jump King,3,2020,408908,5775,8518,22,1694,550,7,70.81
195,Call of Duty: Black Ops III,3,2020,392481,76848,8268,289,15032,528,103,5.11
196,World War Z,3,2020,391783,92461,7651,1385,26059,527,124,4.24
197,Danganronpa 2: Goodbye Despair,3,2020,384870,3959,14278,18,349,517,5,97.21
198,Epic Seven,3,2020,380308,10619,2318,35,766,511,14,35.81
199,War Thunder,3,2020,371775,47610,4432,141,5701,500,64,7.81
200,Mafia II,3,2020,371423,3366,28058,18,681,499,4,110.35
1,VALORANT,4,2020,344551979,4588347,1728977,15710,319709,479209,6381,75.09
2,Just Chatting,4,2020,141922978,2303367,548653,4912,272519,197389,3203,61.62
3,League of Legends,4,2020,135859472,3461495,727437,8802,243651,188956,4814,39.25
4,Fortnite,4,2020,97700836,7413195,832660,59676,565926,135884,10310,13.18
5,Counter-Strike: Global Offensive,4,2020,86673161,1981314,535624,5542,215744,120546,2755,43.75
6,Call of Duty: Warzone,4,2020,80164314,5542660,389980,13207,436487,111494,7708,14.46
7,Grand Theft Auto V,4,2020,75744434,1450376,240860,4233,122286,105346,2017,52.22
8,Dota 2,4,2020,54477072,673933,360147,1747,34147,75767,937,80.83
9,Minecraft,4,2020,41127736,1669376,317297,4077,196386,57201,2321,24.64
10,World of Warcraft,4,2020,33013013,1326196,150840,4515,68562,45915,1844,24.89
11,Hearthstone,4,2020,29294664,252286,159643,1313,20427,40743,350,116.12
12,FIFA 20,4,2020,26722751,708342,252777,3825,87226,37166,985,37.73
13,Final Fantasy VII Remake,4,2020,23588747,1087372,229292,9298,54928,32807,1512,21.69
14,Teamfight Tactics,4,2020,22805444,393485,121033,821,44358,31718,547,57.96
15,Animal Crossing: New Horizons,4,2020,22494164,519504,130992,1759,38121,31285,722,43.3
16,Escape From Tarkov,4,2020,19255239,732947,266055,1697,34297,26780,1019,26.27
17,Music,4,2020,18532544,631257,185533,1954,43889,25775,877,29.36
18,Apex Legends,4,2020,16947885,1658572,74276,3877,135535,23571,2306,10.22
19,Resident Evil 3,4,2020,15506656,415801,318002,5619,51549,21566,578,37.29
20,Slots,4,2020,13993522,81627,114814,230,4130,19462,113,171.43
21,Overwatch,4,2020,13708585,875738,82477,2087,87545,19066,1217,15.65
22,Mount & Blade II: Bannerlord,4,2020,13446480,218393,132049,1010,17732,18701,303,61.57
23,Dead by Daylight,4,2020,12971551,673816,68689,1790,55513,18041,937,19.25
24,PLAYERUNKNOWN'S BATTLEGROUNDS,4,2020,11950808,619812,71953,1371,45116,16621,862,19.28
25,Tom Clancy's Rainbow Six Siege,4,2020,11393509,1293668,42454,3131,136957,15846,1799,8.81
26,Path of Exile,4,2020,9404140,239978,26884,598,10489,13079,333,39.19
27,Rocket League,4,2020,8220061,525512,141539,1322,87995,11432,730,15.64
28,Old School RuneScape,4,2020,7384185,151879,37832,329,8735,10270,211,48.62
29,Last Oasis,4,2020,7336458,137112,89047,736,6704,10203,190,53.51
30,Poker,4,2020,7200393,100546,54989,417,6024,10014,139,71.61
31,Destiny 2,4,2020,7197240,578827,58881,1881,40966,10010,805,12.43
32,Art,4,2020,6942633,447504,23175,968,40925,9655,622,15.51
33,Magic: The Gathering,4,2020,6607126,116677,43689,492,8446,9189,162,56.63
34,NBA 2K20,4,2020,6390045,565452,36322,1619,54702,8887,786,11.3
35,Garena Free Fire,4,2020,5722068,104369,151000,403,6173,7958,145,54.83
36,Talk Shows & Podcasts,4,2020,5169699,98350,52404,260,10272,7190,136,52.56
37,StarCraft II,4,2020,4516712,76828,31283,175,5603,6281,106,58.79
38,World of Tanks,4,2020,4498709,178288,22183,543,10399,6256,247,25.23
39,Super Mario Maker 2,4,2020,4495910,60743,48011,342,5159,6253,84,74.02
40,Sea of Thieves,4,2020,4367820,252280,78018,992,23402,6074,350,17.31
41,ASMR,4,2020,4341913,53830,14535,108,1614,6038,74,80.66
42,SMITE,4,2020,4071594,172933,22708,459,14382,5662,240,23.54
43,The Elder Scrolls Online,4,2020,3847242,116136,39160,298,8874,5350,161,33.13
44,Chess,4,2020,3784982,34966,47638,123,2713,5264,48,108.25
45,Rust,4,2020,3742896,190069,40997,742,15530,5205,264,19.69
46,Black Desert Online,4,2020,3735559,172106,9591,352,9179,5195,239,21.7
47,VRChat,4,2020,3722313,84386,70578,228,7629,5177,117,44.11
48,Fallout 76,4,2020,3501875,145699,37793,900,11277,4870,202,24.03
49,Tibia,4,2020,3217534,134385,14649,354,5401,4475,186,23.94
50,Games + Demos,4,2020,3209757,57902,53929,210,8458,4464,80,55.43
51,World of Warships,4,2020,3185105,74954,29665,232,4595,4429,104,42.49
52,Madden NFL 20,4,2020,3175509,249791,75160,878,26818,4416,347,12.71
53,F1 2019,4,2020,3077000,45836,210442,253,9038,4279,63,67.13
54,Super Smash Bros. Ultimate,4,2020,3010574,118731,32451,403,11239,4187,165,25.36
55,Pok<U+00E9>mon Sword/Shield,4,2020,2754491,93678,67743,257,6495,3831,130,29.4
56,Persona 5 Royal,4,2020,2712061,146673,14888,751,6291,3771,203,18.49
57,iRacing,4,2020,2625851,117002,41103,949,6948,3652,162,22.44
58,Dark Souls III,4,2020,2596554,140545,47194,383,15631,3611,195,18.47
59,Monster Hunter: World,4,2020,2563293,219139,13238,648,17431,3565,304,11.7
60,Warcraft III,4,2020,2538237,42169,26053,124,2474,3530,58,60.19
61,Retro,4,2020,2452026,123415,15050,283,7677,3410,171,19.87
62,MLB The Show 20,4,2020,2291721,51215,33236,158,10055,3187,71,44.75
63,The Legend of Zelda: Breath of the Wild,4,2020,2247183,51479,17375,122,4370,3125,71,43.65
64,DOOM Eternal,4,2020,2197924,149598,37518,697,22026,3056,208,14.69
65,Drug Dealer Simulator,4,2020,2159568,29373,60804,188,4863,3003,40,73.52
66,Dark Souls,4,2020,2145133,58952,39557,175,6004,2983,81,36.39
67,Marbles On Stream,4,2020,2134188,63912,26424,186,10996,2968,88,33.39
68,Fitness & Health,4,2020,2098934,37747,40012,195,4413,2919,52,55.61
69,FINAL FANTASY XIV Online,4,2020,2022378,239858,32256,1062,15829,2812,333,8.43
70,Age of Empires II: Definitive Edition,4,2020,2015537,41554,15293,119,3460,2803,57,48.5
71,MapleStory,4,2020,1940693,65153,25285,188,3794,2699,90,29.79
72,Green Hell,4,2020,1915955,59825,59600,249,7153,2664,83,32.03
73,Heroes of the Storm,4,2020,1893895,85835,11848,229,6368,2634,119,22.06
74,Food & Drink,4,2020,1884593,25436,29388,81,5304,2621,35,74.09
75,Heroes of Might and Magic III: The Shadow of Death,4,2020,1870071,14849,11806,52,762,2600,20,125.94
76,Legends of Runeterra,4,2020,1846041,48376,42921,356,5953,2567,67,38.16
77,ARK: Survival Evolved,4,2020,1700365,213767,12957,509,13087,2364,297,7.95
78,Street Fighter V,4,2020,1694848,35491,25065,91,3210,2357,49,47.75
79,Science & Technology,4,2020,1682887,135701,16547,396,8577,2340,188,12.4
80,Summoners War: Sky Arena,4,2020,1615190,27035,15526,89,1601,2246,37,59.74
81,RimWorld,4,2020,1596864,44179,17115,118,3189,2220,61,36.15
82,Pummel Party,4,2020,1584575,37615,78569,174,9612,2203,52,42.13
83,The Witcher 3: Wild Hunt,4,2020,1576551,101232,14775,274,10820,2192,140,15.57
84,Assassin's Creed: Odyssey,4,2020,1574631,52069,196035,192,7245,2190,72,30.24
85,XCOM: Chimera Squad,4,2020,1501750,25568,41604,476,3218,2088,35,58.74
86,Football Manager 2020,4,2020,1491443,36131,22571,127,2567,2074,50,41.28
87,Lineage II: The Chaotic Throne - The 1st Throne: The Kamael,4,2020,1445076,67364,6298,204,2499,2009,93,21.45
88,Dofus,4,2020,1422736,39004,16565,251,2316,1978,54,36.48
89,Deadside,4,2020,1382600,62758,34454,433,6331,1922,87,22.03
90,The Seven Deadly Sins: Grand Cross,4,2020,1372175,30636,8846,132,1542,1908,42,44.79
91,Red Dead Redemption 2,4,2020,1369606,154638,15289,391,15118,1904,215,8.86
92,The Sims 4,4,2020,1349806,76927,26332,214,12011,1877,106,17.55
93,Dungeons & Dragons,4,2020,1343705,73559,22706,390,6508,1868,102,18.27
94,Garry's Mod,4,2020,1297086,43250,88164,151,8643,1804,60,29.99
95,Clash Royale,4,2020,1293866,23509,21677,68,2545,1799,32,55.04
96,DayZ,4,2020,1276640,118617,4917,307,9306,1775,164,10.76
97,Subnautica,4,2020,1261735,58423,45117,171,7364,1754,81,21.6
98,Super Mario 64,4,2020,1253134,24476,16503,74,2425,1742,34,51.2
99,Tom Clancy's The Division 2,4,2020,1242172,115084,9604,331,11326,1727,160,10.79
100,Borderlands 3,4,2020,1235001,123238,9192,334,13395,1717,171,10.02
101,Trials of Mana,4,2020,1226759,39244,35891,473,3184,1706,54,31.26
102,Mario Kart 8,4,2020,1225887,25599,33907,104,5078,1704,35,47.89
103,Monopoly Plus,4,2020,1213689,25735,86805,181,6894,1688,35,47.16
104,Risk of Rain 2,4,2020,1175237,74482,43879,324,12193,1634,103,15.78
105,Knight Online,4,2020,1172073,19457,5635,68,945,1630,27,60.24
106,Warframe,4,2020,1152123,128456,34756,290,10063,1602,178,8.97
107,The Elder Scrolls V: Skyrim,4,2020,1145029,99901,8724,245,10447,1592,138,11.46
108,RuneScape,4,2020,1141558,43331,8745,105,3285,1587,60,26.35
109,Nioh 2,4,2020,1138966,59994,8544,218,4558,1584,83,18.98
110,Don't Starve Together,4,2020,1119371,43086,17788,125,5066,1556,59,25.98
111,Star Citizen,4,2020,1099094,43049,20286,205,2874,1528,59,25.53
112,Slay the Spire,4,2020,1080714,19854,8685,99,2877,1503,27,54.43
113,Metin2,4,2020,1077906,29231,4934,93,2314,1499,40,36.88
114,osu!,4,2020,1077344,160039,7754,369,24954,1498,222,6.73
115,Jump King,4,2020,1062317,5845,57653,53,1534,1477,8,181.75
116,Sekiro: Shadows Die Twice,4,2020,1061808,53993,7517,140,8447,1476,75,19.67
117,Euro Truck Simulator 2,4,2020,1029087,133837,30827,516,13334,1431,186,7.69
118,PUBG Mobile,4,2020,1013934,98723,21688,246,7515,1410,137,10.27
119,Hunt: Showdown,4,2020,991408,90979,19184,253,6825,1378,126,10.9
120,Bloodborne,4,2020,988379,55067,14531,138,6026,1374,76,17.95
121,Raid: Shadow Legends,4,2020,959341,13344,20141,44,1049,1334,18,71.89
122,Final Fantasy VII,4,2020,956600,42563,15530,130,4317,1330,59,22.47
123,Roblox,4,2020,949817,202237,11151,559,26631,1321,281,4.7
124,Diablo III,4,2020,919991,80836,3935,230,7656,1279,112,11.38
125,Motorsport Manager,4,2020,889460,6162,31849,40,603,1237,8,144.35
126,The Legend of Zelda: Ocarina of Time,4,2020,874724,39493,31450,157,2719,1216,54,22.15
127,Diablo II: Lord of Destruction,4,2020,864755,21675,4698,97,1216,1202,30,39.9
128,Gears Tactics,4,2020,861951,13773,45968,533,2439,1198,19,62.58
129,Tekken 7,4,2020,856137,48374,3964,103,6585,1190,67,17.7
130,Call of Duty: Black Ops III,4,2020,833063,139200,28947,381,18425,1158,193,5.98
131,SnowRunner,4,2020,829043,22259,67524,579,3007,1153,30,37.25
132,Sid Meier's Civilization VI,4,2020,822831,23914,30435,109,2695,1144,33,34.41
133,Special Events,4,2020,819073,33192,44673,128,3410,1139,46,24.68
134,Gwent: The Witcher Card Game,4,2020,817197,17676,6125,67,1139,1136,24,46.23
135,Farming Simulator 19,4,2020,781464,86557,11905,297,6640,1086,120,9.03
136,Predator: Hunting Grounds,4,2020,768207,33595,38593,564,4960,1068,46,22.87
137,7 Days to Die,4,2020,759550,85636,10050,221,6446,1056,119,8.87
138,Granblue Fantasy: Versus,4,2020,754997,24989,17393,162,3166,1050,34,30.21
139,Yu-Gi-Oh! Duel Links,4,2020,732594,16865,19131,50,1647,1018,23,43.44
140,Resident Evil 2,4,2020,726706,98288,9132,363,15308,1010,136,7.39
141,Call of Duty: Black Ops 4,4,2020,710294,177240,13344,446,15810,987,246,4.01
142,Paladins,4,2020,688283,112680,5049,308,15732,957,156,6.11
143,Twitch Sings,4,2020,685787,31879,32271,109,5869,953,44,21.51
144,Travel & Outdoors,4,2020,679531,87811,6542,247,9381,945,122,7.74
145,Dark Souls II: Scholar of the First Sin,4,2020,677563,33432,11235,99,3142,942,46,20.27
146,Super Mario World,4,2020,675071,18021,9716,63,1811,938,25,37.46
147,The Last of Us,4,2020,674393,47488,12694,133,2609,937,66,14.2
148,Tabletop RPGs,4,2020,668170,12997,30729,77,1345,929,18,51.41
149,The Jackbox Party Pack 6,4,2020,640019,40606,41473,383,10462,890,56,15.76
150,Grand Theft Auto: San Andreas,4,2020,634782,34819,5240,98,4891,882,48,18.23
151,UNO,4,2020,634076,16565,71701,81,8678,881,23,38.28
152,Brawl Stars,4,2020,633462,45260,3763,130,4232,881,62,14.0
153,Clash of Clans,4,2020,622749,15428,18115,50,1337,866,21,40.36
154,The Legend of Zelda: A Link to the Past,4,2020,615721,30068,40272,156,1920,856,41,20.48
155,Cities: Skylines,4,2020,609188,28418,27378,99,3786,847,39,21.44
156,Mortal Kombat 11,4,2020,608975,41760,8257,107,5571,846,58,14.58
157,Beat Saber,4,2020,608942,53353,48872,147,9698,846,74,11.41
158,Halo: The Master Chief Collection,4,2020,601886,70522,7031,297,9644,837,98,8.53
159,Terraria,4,2020,594608,90553,32292,234,10920,826,125,6.57
160,Stardew Valley,4,2020,594118,83374,6551,198,11201,826,115,7.13
161,Resident Evil Resistance,4,2020,592809,16808,20302,81,2168,824,23,35.27
162,NHL 20,4,2020,592435,28360,27971,113,8320,823,39,20.89
163,Albion Online,4,2020,590191,38029,4211,100,2442,820,52,15.52
164,Guild Wars 2,4,2020,585250,43362,2682,134,3143,813,60,13.5
165,Virtual Casino,4,2020,579046,17420,6092,47,541,805,24,33.24
166,Project Winter,4,2020,576286,19308,25828,287,4136,801,26,29.85
167,Saint Seiya : Awakening,4,2020,573690,10722,4830,48,539,797,14,53.51
168,Gears 5,4,2020,570857,62120,5776,210,5809,793,86,9.19
169,Deceit,4,2020,566465,24550,44946,94,6969,787,34,23.07
170,Darkest Dungeon,4,2020,563696,19894,5924,62,2363,784,27,28.33
171,M.U.G.E.N,4,2020,562888,3366,3476,9,111,782,4,167.23
172,skribbl.io,4,2020,562160,24092,65402,114,11603,781,33,23.33
173,Epic Seven,4,2020,561834,14005,8404,62,869,781,19,40.12
174,Arma 3,4,2020,559209,75247,14639,365,6013,777,104,7.43
175,GeoGuessr,4,2020,559193,4619,23120,27,1114,777,6,121.06
176,NBA 2K19,4,2020,557930,17865,1826,56,2151,775,24,31.23
177,Europa Universalis IV,4,2020,548749,14576,3391,51,1088,763,20,37.65
178,Forza Horizon 4,4,2020,547869,56424,18451,189,9101,761,78,9.71
179,Remnant: From the Ashes,4,2020,545793,17691,77894,216,2743,759,24,30.85
180,Peggle 2,4,2020,544406,943,19949,9,213,757,1,577.31
181,The Forest,4,2020,526826,79777,15326,229,12076,732,110,6.6
182,Jackbox Party Packs,4,2020,522697,62846,34056,652,19624,726,87,8.32
183,Super Mario Odyssey,4,2020,519976,11318,58909,35,1191,723,15,45.94
184,Makers & Crafting,4,2020,519960,52844,8049,137,3869,723,73,9.84
185,World War Z,4,2020,515611,105727,9061,764,21510,717,147,4.88
186,Griftlands,4,2020,510792,1767,22684,18,177,710,2,289.07
187,The Isle,4,2020,500219,16751,11947,55,1192,695,23,29.86
188,The Binding of Isaac: Afterbirth,4,2020,494730,24391,7177,69,3501,688,33,20.28
189,Half-Life: Alyx,4,2020,491862,27024,23027,160,5320,684,37,18.2
190,Blackjack,4,2020,485413,7442,18430,28,707,675,10,65.23
191,Ori and the Will of the Wisps,4,2020,482683,39712,34927,150,5660,671,55,12.15
192,State of Decay 2,4,2020,473014,20298,10855,61,2452,657,28,23.3
193,Conqueror's Blade,4,2020,468444,24029,20366,89,1596,651,33,19.49
194,Satisfactory,4,2020,465484,49089,10613,187,4054,647,68,9.48
195,Brawlhalla,4,2020,461782,77102,13675,218,14859,642,107,5.99
196,Super Smash Bros. Melee,4,2020,460678,13601,24827,58,1649,640,18,33.87
197,Tabletop Simulator,4,2020,460466,19026,47256,94,3879,640,26,24.2
198,Stranded Deep,4,2020,454174,18584,21820,139,2664,631,25,24.44
199,Dragon Ball FighterZ,4,2020,447461,34552,4591,108,5093,622,48,12.95
200,FIFA 17,4,2020,446780,5129,3303,14,252,621,7,87.11
1,Just Chatting,5,2020,181536582,2602630,839576,6961,314436,244329,3502,69.75
2,VALORANT,5,2020,144780385,4763465,790635,16287,363116,194859,6411,30.39
3,League of Legends,5,2020,127698472,3517695,504630,8347,245122,171868,4734,36.3
4,Fortnite,5,2020,122842189,10245704,623197,39752,749518,165332,13789,11.99
5,Grand Theft Auto V,5,2020,100049997,2101914,373709,5847,197660,134656,2828,47.6
6,Call of Duty: Warzone,5,2020,91664784,5862126,352914,14850,420751,123371,7889,15.64
7,Counter-Strike: Global Offensive,5,2020,76786808,1783788,380494,4853,187999,103346,2400,43.05
8,Dota 2,5,2020,51023847,717401,199291,1758,33057,68672,965,71.12
9,Minecraft,5,2020,41091438,1782172,481719,4034,210206,55304,2398,23.06
10,FIFA 20,5,2020,40390175,941357,256298,4961,105866,54360,1266,42.91
11,World of Warcraft,5,2020,36702327,1398699,123076,4731,69030,49397,1882,26.24
12,Apex Legends,5,2020,30792219,2389850,222753,8000,178385,41443,3216,12.88
13,Music,5,2020,26675053,775422,170584,2168,50281,35901,1043,34.4
14,Hearthstone,5,2020,22611511,206674,66948,483,15434,30432,278,109.41
15,Teamfight Tactics,5,2020,21441095,337992,68163,711,37590,28857,454,63.44
16,Escape From Tarkov,5,2020,17114160,689551,125105,4195,35078,23033,928,24.82
17,Dead by Daylight,5,2020,16391093,823254,128138,2183,62995,22060,1108,19.91
18,Overwatch,5,2020,14819259,935781,142904,2434,87808,19945,1259,15.84
19,PLAYERUNKNOWN'S BATTLEGROUNDS,5,2020,14217448,594699,72660,1220,40736,19135,800,23.91
20,Slots,5,2020,14140321,87183,100892,225,4263,19031,117,162.19
21,Sea of Thieves,5,2020,13382265,384757,76126,992,33764,18011,517,34.78
22,Terraria,5,2020,13299419,387419,125768,4989,39524,17899,521,34.33
23,Tom Clancy's Rainbow Six Siege,5,2020,11483497,1338101,106988,2972,139671,15455,1800,8.58
24,Animal Crossing: New Horizons,5,2020,10150782,306001,58370,862,25999,13661,411,33.17
25,Old School RuneScape,5,2020,9293815,166505,77627,352,8980,12508,224,55.82
26,Poker,5,2020,9212870,99128,66482,378,5481,12399,133,92.94
27,NBA 2K20,5,2020,8638002,706043,61229,1868,62943,11625,950,12.23
28,Minecraft Dungeons,5,2020,8095949,291564,199475,5340,46892,10896,392,27.77
29,Chess,5,2020,8014578,45546,81672,208,5060,10786,61,175.97
30,Art,5,2020,7726699,487288,30391,1010,43298,10399,655,15.86
31,Talk Shows & Podcasts,5,2020,6970052,111589,413745,379,11278,9380,150,62.46
32,Rocket League,5,2020,6958942,535445,92615,1202,87250,9366,720,13.0
33,Destiny 2,5,2020,6878581,549016,33126,1490,37636,9257,738,12.53
34,Special Events,5,2020,6000512,38049,541073,676,4834,8076,51,157.7
35,Legends of Runeterra,5,2020,5807100,124499,55832,333,13640,7815,167,46.64
36,Magic: The Gathering,5,2020,5538538,106607,19364,393,7599,7454,143,51.95
37,Path of Exile,5,2020,5447251,134392,20628,386,6467,7331,180,40.53
38,Garena Free Fire,5,2020,5260465,185719,73967,516,8209,7080,249,28.32
39,The Elder Scrolls Online,5,2020,5051253,112316,48995,329,7674,6798,151,44.97
40,StarCraft II,5,2020,4983021,85283,30027,183,5740,6706,114,58.43
41,Super Mario 64,5,2020,4838732,39639,47195,104,4102,6512,53,122.07
42,ASMR,5,2020,4759753,58093,15521,107,1652,6406,78,81.93
43,SMITE,5,2020,4679979,186584,32960,491,15103,6298,251,25.08
44,Dark Souls III,5,2020,4305343,185872,43941,421,18693,5794,250,23.16
45,Super Mario Maker 2,5,2020,4289939,65569,25509,173,5158,5773,88,65.43
46,SnowRunner,5,2020,4120121,174398,57672,651,12536,5545,234,23.62
47,Games + Demos,5,2020,4063876,64196,40050,196,9358,5469,86,63.3
48,World of Tanks,5,2020,4022800,171438,22401,548,9489,5414,230,23.47
49,Rust,5,2020,3982745,198542,40436,755,15413,5360,267,20.06
50,Black Desert Online,5,2020,3792743,181453,38909,362,8699,5104,244,20.9
51,Super Smash Bros. Ultimate,5,2020,3519278,132921,38697,430,12123,4736,178,26.48
52,Tibia,5,2020,3497920,147323,10977,400,5649,4707,198,23.74
53,Red Dead Redemption 2,5,2020,3428147,235158,24318,570,22278,4613,316,14.58
54,Madden NFL 20,5,2020,3278133,278467,43829,929,28434,4412,374,11.77
55,Final Fantasy VII Remake,5,2020,3277899,269238,42902,1059,19541,4411,362,12.17
56,Warcraft III,5,2020,3148681,44219,25153,113,2354,4237,59,71.21
57,F1 2019,5,2020,3049972,54564,150704,282,10710,4104,73,55.9
58,World of Warships,5,2020,3032785,81788,15875,238,4789,4081,110,37.08
59,Retro,5,2020,2959282,132873,12242,315,8574,3982,178,22.27
60,Age of Empires II: Definitive Edition,5,2020,2885600,45127,29594,118,3623,3883,60,63.94
61,Monster Hunter: World,5,2020,2794831,196237,34107,556,15953,3761,264,14.24
62,Star Citizen,5,2020,2740054,79169,35775,327,5091,3687,106,34.61
63,Scrap Mechanic,5,2020,2519411,65680,114076,329,6519,3390,88,38.36
64,VRChat,5,2020,2485936,89038,22944,243,7914,3345,119,27.92
65,Pok<U+00E9>mon Sword/Shield,5,2020,2439201,99805,12536,240,7190,3282,134,24.44
66,Maneater,5,2020,2414797,49778,111724,774,7754,3250,66,48.51
67,MapleStory,5,2020,2402346,73873,16661,181,3964,3233,99,32.52
68,Fallout 76,5,2020,2369923,149568,22899,499,10289,3189,201,15.85
69,Crucible,5,2020,2351433,62992,122695,1371,13344,3164,84,37.33
70,Marbles On Stream,5,2020,2326227,74803,59363,194,13601,3130,100,31.1
71,Assassin's Creed: Odyssey,5,2020,2315274,115598,17395,291,13504,3116,155,20.03
72,FINAL FANTASY XIV Online,5,2020,2281787,278327,11933,1059,16916,3071,374,8.2
73,Korean Baseball League,5,2020,2262351,3783,44930,62,245,3044,5,598.03
74,The Sims 4,5,2020,2259426,81797,31223,210,11717,3040,110,27.62
75,Pummel Party,5,2020,2215282,37311,101819,198,9890,2981,50,59.37
76,Mortal Kombat 11,5,2020,2206652,77215,93972,825,9449,2969,103,28.58
77,Heroes of the Storm,5,2020,2167893,91168,12825,217,6096,2917,122,23.78
78,Heroes of Might and Magic III: The Shadow of Death,5,2020,2155309,14692,13395,50,756,2900,19,146.7
79,iRacing,5,2020,2116585,104142,23949,543,6636,2848,140,20.32
80,Sekiro: Shadows Die Twice,5,2020,2043184,57945,14474,163,8659,2749,77,35.26
81,Detroit: Become Human,5,2020,2035280,20755,96478,70,4681,2739,27,98.06
82,The Legend of Zelda: Breath of the Wild,5,2020,2006344,60070,27416,151,5193,2700,80,33.4
83,Dark Souls,5,2020,1996416,73249,43047,202,7205,2686,98,27.26
84,ARK: Survival Evolved,5,2020,1994504,203722,20631,505,11787,2684,274,9.79
85,Food & Drink,5,2020,1982278,27425,24021,78,5701,2667,36,72.28
86,Science & Technology,5,2020,1950895,146210,71487,450,9120,2625,196,13.34
87,DayZ,5,2020,1911441,150150,12341,448,12404,2572,202,12.73
88,Mount & Blade II: Bannerlord,5,2020,1876556,49439,19770,186,4545,2525,66,37.96
89,Sid Meier's Civilization VI,5,2020,1826947,83399,21934,540,12427,2458,112,21.91
90,Lineage II: The Chaotic Throne - The 1st Throne: The Kamael,5,2020,1797527,69189,6910,251,2246,2419,93,25.98
91,God of War,5,2020,1773840,66261,56292,161,6279,2387,89,26.77
92,Summoners War: Sky Arena,5,2020,1755094,32726,10072,88,1703,2362,44,53.63
93,Bloodborne,5,2020,1674821,64377,32120,168,6485,2254,86,26.02
94,Fitness & Health,5,2020,1672431,37086,91259,188,4043,2250,49,45.1
95,Monster Train,5,2020,1653841,16829,35351,109,1978,2225,22,98.27
96,The Last of Us,5,2020,1644330,91413,26986,308,5519,2213,123,17.99
97,Street Fighter V,5,2020,1513065,41270,8417,110,3458,2036,55,36.66
98,Persona 5 Royal,5,2020,1414775,73398,9771,229,3626,1904,98,19.28
99,MLB The Show 20,5,2020,1405082,41984,8171,141,7364,1891,56,33.47
100,Dungeons & Dragons,5,2020,1376853,77668,18987,376,6860,1853,104,17.73
101,osu!,5,2020,1363402,182838,34787,425,27399,1834,246,7.46
102,Diablo II: Lord of Destruction,5,2020,1360369,23672,36191,66,1294,1830,31,57.47
103,The Seven Deadly Sins: Grand Cross,5,2020,1354827,32388,13667,100,1712,1823,43,41.83
104,Football Manager 2020,5,2020,1339023,38555,25275,136,2501,1802,51,34.73
105,Warframe,5,2020,1328803,136208,38800,389,9830,1788,183,9.76
106,Euro Truck Simulator 2,5,2020,1314740,110073,34580,459,11921,1769,148,11.94
107,Total War: Warhammer II,5,2020,1307641,36455,20031,240,2840,1759,49,35.87
108,Mario Kart 8,5,2020,1306768,33239,27094,160,6350,1758,44,39.31
109,Fallout 4,5,2020,1292261,57019,19332,132,5134,1739,76,22.66
110,Tekken 7,5,2020,1285090,57439,36760,122,7277,1729,77,22.37
111,The Witcher 3: Wild Hunt,5,2020,1264793,110808,9998,301,11517,1702,149,11.41
112,Gears Tactics,5,2020,1247066,29411,29441,183,3210,1678,39,42.4
113,Raid: Shadow Legends,5,2020,1188578,18116,27897,50,1372,1599,24,65.61
114,Last Oasis,5,2020,1180995,44382,8458,154,2059,1589,59,26.61
115,Call of Duty: Black Ops III,5,2020,1175234,180795,37744,410,23243,1581,243,6.5
116,Roblox,5,2020,1173499,231396,12067,501,29952,1579,311,5.07
117,Subnautica,5,2020,1168894,59821,30403,163,7541,1573,80,19.54
118,Metin2,5,2020,1168537,28018,7039,90,2094,1572,37,41.71
119,PUBG Mobile,5,2020,1167484,113568,16138,255,7587,1571,152,10.28
120,Halo: The Master Chief Collection,5,2020,1163699,132442,44499,904,16724,1566,178,8.79
121,Clash Royale,5,2020,1136026,24263,20012,71,2671,1528,32,46.82
122,Tabletop RPGs,5,2020,1105928,14772,38408,70,1529,1488,19,74.87
123,War Thunder,5,2020,1104138,67668,19681,257,6118,1486,91,16.32
124,Deep Rock Galactic,5,2020,1103454,38706,30963,162,4763,1485,52,28.51
125,Knight Online,5,2020,1081822,19127,7992,84,923,1456,25,56.56
126,The Elder Scrolls V: Skyrim,5,2020,1069153,108975,12208,252,10523,1438,146,9.81
127,The Forest,5,2020,1066513,103038,38869,265,14806,1435,138,10.35
128,Hunt: Showdown,5,2020,1059913,94434,16499,269,7411,1426,127,11.22
129,Virtual Casino,5,2020,1044143,17582,10515,44,622,1405,23,59.39
130,Trials of Mana,5,2020,1044061,37291,32254,169,2734,1405,50,28.0
131,Resident Evil 3,5,2020,1026093,47215,12265,161,7102,1381,63,21.73
132,Gears 5,5,2020,990327,67092,22707,223,5812,1332,90,14.76
133,Jump King,5,2020,983324,11175,31416,40,2275,1323,15,87.99
134,Dragon Ball FighterZ,5,2020,981748,52580,18914,252,7569,1321,70,18.67
135,Gwent: The Witcher Card Game,5,2020,974808,19808,13904,59,1445,1311,26,49.21
136,Mafia II,5,2020,970876,22825,32764,241,3458,1306,30,42.54
137,The Legend of Zelda: Ocarina of Time,5,2020,961218,44230,18952,165,3004,1293,59,21.73
138,Shadow Arena,5,2020,959625,10343,36960,175,1866,1291,13,92.78
139,Hollow Knight,5,2020,954321,57738,8384,144,6259,1284,77,16.53
140,Farming Simulator 19,5,2020,953265,139771,35200,529,14009,1282,188,6.82
141,Darkest Dungeon,5,2020,945195,25549,21243,132,3246,1272,34,37.0
142,Call of Duty: Black Ops 4,5,2020,937302,200433,10165,453,16929,1261,269,4.68
143,DOOM Eternal,5,2020,928866,64344,17405,193,8837,1250,86,14.44
144,Travel & Outdoors,5,2020,924413,92972,7009,210,9031,1244,125,9.94
145,Brawl Stars,5,2020,918802,57727,12538,175,5554,1236,77,15.92
146,Streets of Rage 4,5,2020,904921,57127,33308,709,10170,1217,76,15.84
147,GeoGuessr,5,2020,893719,6722,52103,33,1594,1202,9,132.95
148,Welcome to the Game II,5,2020,875228,4201,48253,20,877,1177,5,208.34
149,Tom Clancy's The Division 2,5,2020,861767,87653,4086,231,8236,1159,117,9.83
150,The Binding of Isaac: Afterbirth,5,2020,847505,28434,13531,81,4006,1140,38,29.81
151,Poly Bridge 2,5,2020,820649,2531,51350,64,756,1104,3,324.24
152,Slay the Spire,5,2020,818551,18896,16529,54,2822,1101,25,43.32
153,Green Hell,5,2020,818077,47564,16502,225,6052,1101,64,17.2
154,Project Winter,5,2020,811953,13806,58447,80,2247,1092,18,58.81
155,Epic Seven,5,2020,788364,17329,11462,61,1076,1061,23,45.49
156,Albion Online,5,2020,775306,45468,3342,114,2577,1043,61,17.05
157,Forza Horizon 4,5,2020,774026,64369,40152,186,10086,1041,86,12.02
158,Raft,5,2020,768791,36463,31745,102,6024,1034,49,21.08
159,Diablo III,5,2020,765224,61081,6838,179,6348,1029,82,12.53
160,Borderlands 3,5,2020,762834,92533,9486,283,10136,1026,124,8.24
161,Paladins,5,2020,762188,120869,3544,306,15856,1025,162,6.31
162,Friday the 13th: The Game,5,2020,752590,42823,13788,167,7537,1012,57,17.57
163,Ragnarok Online,5,2020,751156,31271,8900,136,1542,1010,42,24.02
164,Yu-Gi-Oh! Duel Links,5,2020,750700,18516,6503,51,1768,1010,24,40.54
165,Grand Theft Auto: San Andreas,5,2020,737589,36041,20155,104,5002,992,48,20.47
166,Resident Evil 7 biohazard,5,2020,734910,29187,40940,92,4943,989,39,25.18
167,RuneScape,5,2020,733736,47736,7088,139,3252,987,64,15.37
168,Don't Starve Together,5,2020,733602,41134,6080,112,4731,987,55,17.83
169,Dofus,5,2020,724589,24857,3937,83,1471,975,33,29.15
170,NBA 2K19,5,2020,717093,15868,2069,51,1724,965,21,45.19
171,Garry's Mod,5,2020,712323,38133,38639,136,7819,958,51,18.68
172,7 Days to Die,5,2020,703934,93498,4175,247,7066,947,125,7.53
173,Guild Wars 2,5,2020,697004,47723,3376,130,3295,938,64,14.61
174,Phantasy Star Online 2,5,2020,688209,59388,34477,1015,6653,926,79,11.59
175,RimWorld,5,2020,685037,35499,7522,100,2670,921,47,19.3
176,NieR: Automata,5,2020,682216,18504,32739,53,2837,918,24,36.87
177,Super Mario World,5,2020,671842,19349,5831,60,2028,904,26,34.72
178,Outlast II,5,2020,659567,24978,59505,94,6893,887,33,26.41
179,Makers & Crafting,5,2020,658872,53586,9066,129,4118,886,72,12.3
180,Alien: Isolation,5,2020,650974,53337,5911,273,9376,876,71,12.2
181,Warface: Breakout,5,2020,646929,9487,52685,193,1699,870,12,68.19
182,Saint Seiya : Awakening,5,2020,614745,11651,5807,52,602,827,15,52.76
183,House Flipper,5,2020,611416,19928,9409,101,3639,822,26,30.68
184,Twitch Sings,5,2020,607004,37723,13478,137,6717,816,50,16.09
185,The Jackbox Party Pack 6,5,2020,604798,35031,34752,279,8782,813,47,17.26
186,Call of Duty: Mobile,5,2020,603349,63606,31979,166,6842,812,85,9.49
187,NCAA Football 14,5,2020,591058,3817,73986,22,238,795,5,154.85
188,Call of Duty: Modern Warfare 2,5,2020,588453,27045,35925,341,5939,791,36,21.76
189,Outlast,5,2020,579234,32271,30733,118,9380,779,43,17.95
190,Dark Souls II: Scholar of the First Sin,5,2020,575799,44757,7125,125,3897,774,60,12.87
191,Kartrider,5,2020,557862,21097,18826,76,2333,750,28,26.44
192,The Elder Scrolls IV: Oblivion,5,2020,556617,8292,14510,32,898,749,11,67.13
193,Stardew Valley,5,2020,548637,68427,4282,162,9308,738,92,8.02
194,Super Mario Odyssey,5,2020,543706,14098,6847,45,1487,731,18,38.57
195,The Legend of Zelda: A Link to the Past,5,2020,540818,35266,11616,154,2120,727,47,15.34
196,Clash of Clans,5,2020,537793,16337,20354,53,1292,723,21,32.92
197,Brawlhalla,5,2020,537311,93239,9815,248,17016,723,125,5.76
198,Gothic II: Night of the Raven,5,2020,533595,6387,8449,27,264,718,8,83.54
199,Granblue Fantasy: Versus,5,2020,531656,15005,8273,62,1941,715,20,35.43
200,Arma 3,5,2020,530410,72500,5638,389,5542,713,97,7.32
1,Just Chatting,6,2020,174681829,2438913,777678,12126,310815,242951,3392,71.62
2,League of Legends,6,2020,143290296,2997392,556963,7519,215394,199291,4168,47.8
3,Fortnite,6,2020,111733315,9686644,2331987,115814,733031,155400,13472,11.53
4,Grand Theft Auto V,6,2020,100533035,1681199,389147,4500,145049,139823,2338,59.8
5,Call of Duty: Warzone,6,2020,86836610,5425161,397249,13985,384367,120774,7545,16.01
6,Escape From Tarkov,6,2020,77876827,920141,304888,2408,39629,108312,1279,84.64
7,Counter-Strike: Global Offensive,6,2020,76001332,1403689,499919,4209,149577,105704,1952,54.14
8,VALORANT,6,2020,55560006,3970028,250805,14194,331747,77274,5521,13.99
9,Dota 2,6,2020,41177114,569147,212444,1490,27354,57269,791,72.35
10,Minecraft,6,2020,38878256,1728072,397172,4747,214199,54072,2403,22.5
11,World of Warcraft,6,2020,32400568,1119802,137907,4178,59924,45063,1557,28.93
12,The Last of Us Part II,6,2020,29527085,491159,508463,5893,68587,41066,683,60.12
13,Apex Legends,6,2020,28595590,1994754,100600,4710,154296,39771,2774,14.34
14,FIFA 20,6,2020,24651716,651649,205599,2865,77416,34286,906,37.83
15,Hearthstone,6,2020,20047047,162887,126693,419,12361,27881,226,123.07
16,Music,6,2020,18131542,635011,173802,1806,38285,25217,883,28.55
17,Dead by Daylight,6,2020,17143940,920224,83669,2915,74973,23844,1279,18.63
18,Overwatch,6,2020,15364110,819637,68028,1756,78735,21368,1139,18.75
19,Teamfight Tactics,6,2020,13983115,282286,50374,945,32964,19448,392,49.54
20,Sea of Thieves,6,2020,13074561,479773,63429,1447,42558,18184,667,27.25
21,Path of Exile,6,2020,13049473,261238,136329,3911,13311,18149,363,49.95
22,Slots,6,2020,12658828,70604,89825,209,3814,17606,98,179.29
23,Chess,6,2020,12622789,65732,155183,189,10241,17556,91,192.03
24,PLAYERUNKNOWN'S BATTLEGROUNDS,6,2020,12471270,508739,80565,1061,34621,17345,707,24.51
25,Tom Clancy's Rainbow Six Siege,6,2020,12013893,1279671,49198,3779,133945,16709,1779,9.39
26,Destiny 2,6,2020,10546869,712956,289529,6800,50306,14668,991,14.79
27,NBA 2K20,6,2020,9716329,632553,91296,2188,55185,13513,879,15.36
28,Special Events,6,2020,7803161,52845,3123208,6191,11817,10852,73,147.66
29,Garena Free Fire,6,2020,7587250,167376,89514,526,10254,10552,232,45.33
30,Art,6,2020,6955589,448582,30805,938,40716,9673,623,15.51
31,The Last of Us,6,2020,6271511,242889,124711,1266,14176,8722,337,25.82
32,Rocket League,6,2020,6200876,465670,71629,1117,76014,8624,647,13.32
33,Old School RuneScape,6,2020,6149011,141068,28364,338,7646,8552,196,43.59
34,Pok<U+00E9>mon Sword/Shield,6,2020,6047136,193517,115043,2345,16206,8410,269,31.25
35,Terraria,6,2020,5247075,195641,37539,659,21963,7297,272,26.82
36,Magic: The Gathering,6,2020,5176816,90800,27473,297,6689,7200,126,57.01
37,StarCraft II,6,2020,4829641,74907,24748,175,5121,6717,104,64.48
38,ASMR,6,2020,4793918,59912,16091,119,1608,6667,83,80.02
39,Poker,6,2020,4705595,75504,23510,301,4097,6544,105,62.32
40,Talk Shows & Podcasts,6,2020,4536769,108525,96639,727,11447,6309,150,41.8
41,Animal Crossing: New Horizons,6,2020,4530366,169253,24104,541,17257,6300,235,26.77
42,Rust,6,2020,4309351,169574,44671,725,14303,5993,235,25.41
43,Tibia,6,2020,4020740,140429,11994,347,5420,5592,195,28.63
44,The Elder Scrolls Online,6,2020,3892037,116879,40295,303,8205,5413,162,33.3
45,SMITE,6,2020,3855806,176255,25557,514,14889,5362,245,21.88
46,Games + Demos,6,2020,3686794,60500,48897,167,9686,5127,84,60.94
47,World of Tanks,6,2020,3442776,130301,33592,406,7454,4788,181,26.42
48,Black Desert Online,6,2020,3361617,157977,10218,370,7919,4675,219,21.28
49,Super Mario Maker 2,6,2020,3282391,51368,26483,127,4137,4565,71,63.9
50,Red Dead Redemption 2,6,2020,3180873,204974,46850,487,18229,4424,285,15.52
51,Dark Souls III,6,2020,2939929,153732,25730,364,17122,4088,213,19.12
52,Warcraft III,6,2020,2928016,39358,18084,113,2154,4072,54,74.39
53,Super Smash Bros. Ultimate,6,2020,2923933,130253,84802,1627,12885,4066,181,22.45
54,Pummel Party,6,2020,2884539,37030,107269,279,10176,4011,51,77.9
55,ARK: Survival Evolved,6,2020,2751792,272680,32686,806,21832,3827,379,10.09
56,Retro,6,2020,2715304,120347,10679,274,8118,3776,167,22.56
57,Football Manager 2020,6,2020,2526816,32812,23262,129,2244,3514,45,77.01
58,The Sims 4,6,2020,2508863,80391,45055,313,11668,3489,111,31.21
59,Legends of Runeterra,6,2020,2495908,63241,13967,193,6183,3471,87,39.47
60,World of Warships,6,2020,2482727,68118,18152,196,4230,3453,94,36.45
61,The Elder Scrolls V: Skyrim,6,2020,2448588,107967,29653,262,11073,3405,150,22.68
62,VRChat,6,2020,2437110,82554,10310,213,7562,3389,114,29.52
63,Age of Empires II: Definitive Edition,6,2020,2263061,38998,28514,104,3006,3147,54,58.03
64,F1 2019,6,2020,2253944,42858,106783,260,8466,3134,59,52.59
65,Fitness & Health,6,2020,2237398,29119,48075,122,3543,3111,40,76.84
66,Hunt: Showdown,6,2020,2195816,88524,50318,322,6944,3053,123,24.8
67,Korean Baseball League,6,2020,2168873,3916,44595,55,151,3016,5,553.85
68,FINAL FANTASY XIV Online,6,2020,2160064,232262,15257,886,14712,3004,323,9.3
69,Clubhouse Games: 51 Worldwide Classics,6,2020,2096638,8080,65020,52,1655,2916,11,259.48
70,Marbles On Stream,6,2020,2094369,68932,47344,213,13468,2912,95,30.38
71,Heroes of the Storm,6,2020,2086774,80423,8647,205,5506,2902,111,25.95
72,Minecraft Dungeons,6,2020,2085908,212968,33762,1460,36229,2901,296,9.79
73,Madden NFL 20,6,2020,2083780,220177,36494,818,23227,2898,306,9.46
74,Heroes of Might and Magic III: The Shadow of Death,6,2020,2076348,13380,19435,42,579,2887,18,155.18
75,Star Citizen,6,2020,2050585,57125,26212,194,3476,2851,79,35.9
76,SpongeBob SquarePants: Battle for Bikini Bottom - Rehydrated,6,2020,2029143,41421,93617,1209,9998,2822,57,48.99
77,Science & Technology,6,2020,1968540,138946,18999,293,8382,2737,193,14.17
78,DayZ,6,2020,1936338,124395,29501,350,9241,2693,173,15.57
79,Monster Train,6,2020,1925453,22868,13524,112,2390,2677,31,84.2
80,Detroit: Become Human,6,2020,1896887,47764,64309,223,9299,2638,66,39.71
81,Poly Bridge 2,6,2020,1869276,11014,58914,54,2344,2599,15,169.72
82,MapleStory,6,2020,1843494,79593,23399,305,4874,2563,110,23.16
83,Super Mario 64,6,2020,1761704,37874,18442,107,3727,2450,52,46.51
84,Kingdom Come: Deliverance,6,2020,1718340,19332,23111,61,1633,2389,26,88.89
85,iRacing,6,2020,1709722,106658,28478,1529,5778,2377,148,16.03
86,Street Fighter V,6,2020,1544848,38980,30429,91,3308,2148,54,39.63
87,Food & Drink,6,2020,1518492,25347,28106,67,5283,2111,35,59.91
88,The Legend of Zelda: Breath of the Wild,6,2020,1447766,55687,21415,146,5128,2013,77,26.0
89,Sekiro: Shadows Die Twice,6,2020,1442866,48706,19111,135,7737,2006,67,29.62
90,Dungeons & Dragons,6,2020,1416882,65987,53654,359,6195,1970,91,21.47
91,Travel & Outdoors,6,2020,1409670,65405,28497,161,5032,1960,90,21.55
92,Raid: Shadow Legends,6,2020,1401952,17561,24651,55,1327,1949,24,79.83
93,GeoGuessr,6,2020,1383420,9776,25578,48,2125,1924,13,141.51
94,Monster Hunter: World,6,2020,1368678,121283,13547,267,10980,1903,168,11.28
95,Total War: Warhammer II,6,2020,1346759,31630,13825,94,2388,1873,43,42.58
96,Mortal Kombat 11,6,2020,1341778,66730,28406,187,8422,1866,92,20.11
97,Summoners War: Sky Arena,6,2020,1324207,26809,7764,83,1417,1841,37,49.39
98,The Witcher 3: Wild Hunt,6,2020,1229857,90291,8263,271,9748,1710,125,13.62
99,osu!,6,2020,1213640,179390,9802,415,27334,1687,249,6.77
100,7 Days to Die,6,2020,1210455,75019,34546,400,6309,1683,104,16.14
101,Satisfactory,6,2020,1210129,78166,48319,263,7125,1683,108,15.48
102,Bloodborne,6,2020,1202503,57368,25978,145,6069,1672,79,20.96
103,Roblox,6,2020,1190288,225533,6827,536,30137,1655,313,5.28
104,NCAA Football 14,6,2020,1177094,4878,141739,28,277,1637,6,241.31
105,Mario Kart 8,6,2020,1167136,29855,19155,107,6055,1623,41,39.09
106,Command & Conquer Remastered Collection,6,2020,1159268,34494,36957,1006,4635,1612,47,33.61
107,Ragnarok Online,6,2020,1133329,34378,5663,104,1511,1576,47,32.97
108,MLB The Show 20,6,2020,1131230,31362,25883,192,5079,1573,43,36.07
109,Borderlands 3,6,2020,1129625,73303,26614,336,8528,1571,101,15.41
110,Grand Theft Auto: San Andreas,6,2020,1117646,30283,12144,80,4565,1554,42,36.91
111,Gwent: The Witcher Card Game,6,2020,1108307,19004,18042,85,1351,1541,26,58.32
112,Clash Royale,6,2020,1075200,23396,19667,64,2771,1495,32,45.96
113,Tabletop RPGs,6,2020,1065547,13463,45995,74,1485,1481,18,79.15
114,Sid Meier's Civilization VI,6,2020,1052880,58452,11913,239,7395,1464,81,18.01
115,Last Day on Earth: Survival,6,2020,1039100,8098,5312,30,444,1445,11,128.32
116,Raft,6,2020,1037598,33002,23974,133,6048,1443,45,31.44
117,Dark Souls,6,2020,1025989,64271,8799,169,6623,1426,89,15.96
118,Phantasy Star Online 2,6,2020,1018930,87987,12326,414,6708,1417,122,11.58
119,Don't Starve Together,6,2020,1017772,48990,9981,159,6459,1415,68,20.78
120,The Seven Deadly Sins: Grand Cross,6,2020,1003093,26834,10491,99,1421,1395,37,37.38
121,Warframe,6,2020,1001939,124444,16284,438,9274,1393,173,8.05
122,Tekken 7,6,2020,983397,51028,45772,110,6884,1367,70,19.27
123,Tom Clancy's The Division 2,6,2020,952814,71307,32880,450,6790,1325,99,13.36
124,Brawl Stars,6,2020,917103,54899,23558,137,5822,1275,76,16.71
125,PUBG Mobile,6,2020,909210,93244,13026,214,6451,1264,129,9.75
126,Desperados III,6,2020,900772,14561,23242,210,1862,1252,20,61.86
127,Garry's Mod,6,2020,889311,29646,102669,107,6502,1236,41,30.0
128,Europa Universalis IV,6,2020,880991,20967,9687,124,1343,1225,29,42.02
129,TrackMania,6,2020,862966,205,36561,7,68,1200,0,4209.59
130,Super Smash Bros. Melee,6,2020,858578,22544,25324,159,3215,1194,31,38.08
131,Yu-Gi-Oh! Duel Links,6,2020,858052,19572,14537,53,1900,1193,27,43.84
132,Euro Truck Simulator 2,6,2020,857222,102710,10255,369,11203,1192,142,8.35
133,Diablo II: Lord of Destruction,6,2020,827293,23865,6351,172,1337,1150,33,34.67
134,NieR: Automata,6,2020,818278,14955,24162,47,2391,1138,20,54.72
135,Pogostuck: Rage With Your Friends,6,2020,814124,2120,66557,36,452,1132,2,384.02
136,Lineage II: The Chaotic Throne - The 1st Throne: The Kamael,6,2020,813411,44374,3246,152,1657,1131,61,18.33
137,DOOM Eternal,6,2020,795233,37248,19861,117,5512,1106,51,21.35
138,Final Fantasy VII Remake,6,2020,787568,85530,13005,264,7464,1095,118,9.21
139,War Thunder,6,2020,767585,61573,12167,176,5558,1067,85,12.47
140,Alien: Isolation,6,2020,763412,31177,30483,107,6293,1061,43,24.49
141,Green Hell,6,2020,760358,24159,27240,101,3663,1057,33,31.47
142,Paladins,6,2020,748388,100658,3715,257,12825,1040,139,7.43
143,The Legend of Zelda: Ocarina of Time,6,2020,738090,38555,4500,161,2792,1026,53,19.14
144,The Forest,6,2020,726164,78142,47620,263,12388,1009,108,9.29
145,The Binding of Isaac: Afterbirth,6,2020,725507,25908,23931,77,3971,1009,36,28.0
146,SnowRunner,6,2020,719537,49869,24085,185,4388,1000,69,14.43
147,Persona 5 Royal,6,2020,712326,46355,7395,148,2845,990,64,15.37
148,Call of Duty: Black Ops 4,6,2020,709957,165465,8866,415,13986,987,230,4.29
149,Demon's Souls,6,2020,701509,5910,10448,31,630,975,8,118.7
150,Super Mario World,6,2020,691305,17166,6352,59,1790,961,23,40.27
151,Virtual Casino,6,2020,688763,9882,13246,39,581,957,13,69.7
152,Halo: The Master Chief Collection,6,2020,684881,87886,4602,322,10919,952,122,7.79
153,God of War,6,2020,672953,57473,13147,154,5812,935,79,11.71
154,Albion Online,6,2020,672836,36607,3378,104,2148,935,50,18.38
155,Saint Seiya : Awakening,6,2020,669260,11228,6981,67,669,930,15,59.61
156,Farming Simulator 19,6,2020,662936,79343,16905,298,6478,922,110,8.36
157,Epic Seven,6,2020,660942,14177,10457,53,974,919,19,46.62
158,Summer Game Fest,6,2020,658651,429,100825,41,133,916,0,1535.32
159,Xenoblade Chronicles: Definitive Edition,6,2020,653284,55856,9083,239,3026,908,77,11.7
160,RimWorld,6,2020,648184,31267,15777,90,2513,901,43,20.73
161,rFactor 2,6,2020,645424,3489,62961,54,490,897,4,184.99
162,Call of Duty: Mobile,6,2020,639001,68163,24591,183,7326,888,94,9.37
163,Twitch Sings,6,2020,638507,35906,27333,128,6340,888,49,17.78
164,Remnant: From the Ashes,6,2020,632936,30060,24122,98,3834,880,41,21.06
165,Bioshock Infinite,6,2020,630066,7682,28179,32,1159,876,10,82.02
166,Diablo III,6,2020,629146,44207,9275,126,5395,875,61,14.23
167,Subnautica,6,2020,629032,48160,5524,126,6500,874,66,13.06
168,Persona 4 Golden,6,2020,616660,65550,32569,464,6332,857,91,9.41
169,Knight Online,6,2020,615929,12061,5633,54,667,856,16,51.07
170,Cyberpunk 2077,6,2020,612013,1784,568055,653,700,851,2,343.06
171,Makers & Crafting,6,2020,611238,47904,8674,137,3999,850,66,12.76
172,RuneScape,6,2020,609009,41553,5039,96,2712,847,57,14.66
173,Guild Wars 2,6,2020,604378,36688,4867,110,2678,840,51,16.47
174,Call of Duty: Black Ops III,6,2020,600558,136454,7580,356,18201,835,189,4.4
175,Hollow Knight,6,2020,593692,52941,6036,142,6250,825,73,11.21
176,Resident Evil 7 biohazard,6,2020,592250,42700,18362,173,7364,823,59,13.87
177,Mount & Blade II: Bannerlord,6,2020,588799,18374,14954,66,1965,818,25,32.05
178,Dragon Ball FighterZ,6,2020,586727,42411,3534,128,6409,816,58,13.83
179,Gunfire Reborn,6,2020,582640,31078,50647,106,4651,810,43,18.75
180,Metin2,6,2020,581073,19952,3200,68,1530,808,27,29.12
181,Outward,6,2020,579274,9685,19395,40,1096,805,13,59.81
182,EverQuest,6,2020,574946,13332,7671,50,471,799,18,43.13
183,Pok<U+00E9>mon HeartGold/SoulSilver,6,2020,572027,12834,8701,42,1663,795,17,44.57
184,Star Wars Battlefront II,6,2020,568043,59042,28309,172,20210,790,82,9.62
185,Gears 5,6,2020,554310,58614,5014,211,5301,770,81,9.46
186,Fallout 76,6,2020,548408,63570,4062,229,4604,762,88,8.63
187,Assassin's Creed: Odyssey,6,2020,539877,62844,4457,223,7855,750,87,8.59
188,Brawlhalla,6,2020,530386,87914,9633,218,16489,737,122,6.03
189,Dofus,6,2020,522350,17467,3751,59,1232,726,24,29.9
190,Outlast,6,2020,521244,31963,19190,124,9579,724,44,16.31
191,Torchlight III,6,2020,516748,11640,35232,162,1426,718,16,44.39
192,Hearts of Iron IV,6,2020,512336,13549,18429,48,1486,712,18,37.81
193,Super Mario Odyssey,6,2020,507233,14773,11881,45,1539,705,20,34.34
194,Jump King,6,2020,492492,9170,16075,35,1956,684,12,53.71
195,Krunker,6,2020,491901,41345,5647,101,4554,684,57,11.9
196,The Coin Game,6,2020,482797,851,41898,10,290,671,1,567.33
197,The Long Dark,6,2020,482543,13990,10033,45,1842,671,19,34.49
198,Pok<U+00E9>mon Emerald,6,2020,480864,11630,28704,40,1633,668,16,41.35
199,Barn Finders,6,2020,480523,5631,34790,85,934,668,7,85.34
200,Shadow Arena,6,2020,480029,7033,21156,26,742,667,9,68.25
1,Just Chatting,7,2020,182688702,2582898,573912,5586,324606,245879,3476,70.73
2,League of Legends,7,2020,135123272,3248650,494759,7246,223201,181861,4372,41.59
3,Fortnite,7,2020,105305814,8882333,328230,21039,681016,141730,11954,11.86
4,Grand Theft Auto V,7,2020,94129970,1614402,378519,3752,130521,126689,2172,58.31
5,Call of Duty: Warzone,7,2020,87748177,6455174,357124,16641,420466,118099,8687,13.59
6,VALORANT,7,2020,56840893,3608486,151120,8081,285520,76501,4856,15.75
7,Minecraft,7,2020,52864781,2081006,443809,4437,248121,71150,2800,25.4
8,Counter-Strike: Global Offensive,7,2020,41902442,1187042,197934,3034,126894,56396,1597,35.3
9,Dota 2,7,2020,35906928,571211,193157,1301,27565,48326,768,62.86
10,World of Warcraft,7,2020,35243547,1199477,247146,3821,64159,47434,1614,29.38
11,Apex Legends,7,2020,24001436,2003431,181143,4158,156699,32303,2696,11.98
12,Hearthstone,7,2020,21672730,167083,72440,363,12587,29169,224,129.71
13,Ghost of Tsushima,7,2020,21357810,818094,312594,5993,55600,28745,1101,26.11
14,Escape From Tarkov,7,2020,20199792,743763,78327,1841,33086,27186,1001,27.16
15,Dead by Daylight,7,2020,19034322,1018117,65116,2138,81765,25618,1370,18.7
16,Music,7,2020,18734242,634923,123955,1461,36181,25214,854,29.51
17,Overwatch,7,2020,17368052,883835,70577,1879,81725,23375,1189,19.65
18,Special Events,7,2020,14559745,42668,1379046,3180,8927,19595,57,341.23
19,Hyper Scape,7,2020,14271361,345105,456629,2136,60778,19207,464,41.35
20,FIFA 20,7,2020,14270255,504971,87350,1621,56403,19206,679,28.26
21,Tom Clancy's Rainbow Six Siege,7,2020,12976681,1365588,47393,2863,144626,17465,1837,9.5
22,Slots,7,2020,12427668,76556,95566,177,3584,16726,103,162.33
23,PLAYERUNKNOWN'S BATTLEGROUNDS,7,2020,11720863,589688,57693,1220,36800,15775,793,19.88
24,Teamfight Tactics,7,2020,11070214,220293,112915,482,26957,14899,296,50.25
25,Path of Exile,7,2020,10258739,248266,50665,611,10103,13807,334,41.32
26,NBA 2K20,7,2020,10127041,785633,76626,2079,70302,13629,1057,12.89
27,Destiny 2,7,2020,9801493,840733,52632,2406,54420,13191,1131,11.66
28,Poker,7,2020,8115254,75920,88133,305,4356,10922,102,106.89
29,Art,7,2020,7720683,484238,21218,1006,43954,10391,651,15.94
30,TrackMania,7,2020,7655805,61643,150360,433,11584,10303,82,124.2
31,Garena Free Fire,7,2020,7386516,132375,110371,353,11651,9941,178,55.8
32,Chess,7,2020,6710713,54921,103274,157,7403,9031,73,122.19
33,Rocket League,7,2020,6404829,503218,37288,1125,81236,8620,677,12.73
34,Hunt: Showdown,7,2020,6143333,125570,52276,362,9284,8268,169,48.92
35,Sea of Thieves,7,2020,5972355,349134,41888,905,33636,8038,469,17.11
36,Old School RuneScape,7,2020,5836399,145765,19120,312,7764,7855,196,40.04
37,StarCraft II,7,2020,5831241,76458,53544,168,5457,7848,102,76.27
38,Rogue Company,7,2020,5620099,268399,97100,2158,40425,7564,361,20.94
39,Magic: The Gathering,7,2020,5399694,97178,21089,243,7000,7267,130,55.56
40,The Elder Scrolls Online,7,2020,5331136,116764,57057,308,8560,7175,157,45.66
41,ASMR,7,2020,5005269,66254,15041,124,1637,6736,89,75.55
42,Fall Guys: Ultimate Knockout,7,2020,4961218,24218,243704,1237,6871,6677,32,204.86
43,Rust,7,2020,4936238,204538,40911,741,17294,6643,275,24.13
44,Talk Shows & Podcasts,7,2020,4933427,108621,70773,356,10918,6639,146,45.42
45,SMITE,7,2020,4868991,230443,28440,681,19476,6553,310,21.13
46,F1 2020,7,2020,4735075,109412,48705,566,14591,6372,147,43.28
47,Tibia,7,2020,4426221,142062,17516,377,5446,5957,191,31.16
48,Dark Souls III,7,2020,4315695,183516,26973,415,19717,5808,246,23.52
49,Among Us,7,2020,4156774,40450,85125,221,8466,5594,54,102.76
50,Grounded,7,2020,4080736,77287,256957,2516,16804,5492,104,52.8
51,Black Desert Online,7,2020,4006988,152683,27341,303,7839,5392,205,26.24
52,Animal Crossing: New Horizons,7,2020,3878213,156666,43056,681,16671,5219,210,24.75
53,Pok<U+00E9>mon Sword/Shield,7,2020,3789891,139507,15223,364,10238,5100,187,27.17
54,Monster Hunter: World,7,2020,3762608,244255,34374,1152,20530,5064,328,15.4
55,Dungeons & Dragons,7,2020,3527577,70562,116840,366,6460,4747,94,49.99
56,VRChat,7,2020,3439805,91292,24751,257,8250,4629,122,37.68
57,The Last of Us Part II,7,2020,3435115,189335,30007,942,31673,4623,254,18.14
58,World of Tanks,7,2020,3062251,124722,30277,351,7117,4121,167,24.55
59,Games + Demos,7,2020,2953677,59016,55936,144,8708,3975,79,50.05
60,Retro,7,2020,2898819,127490,16095,286,8465,3901,171,22.74
61,Super Mario Maker 2,7,2020,2877069,50424,23272,135,3970,3872,67,57.06
62,World of Warships,7,2020,2765815,74394,18090,220,4500,3722,100,37.18
63,Science & Technology,7,2020,2754619,155328,24548,330,8898,3707,209,17.73
64,Diablo III,7,2020,2730748,162099,28302,1563,13483,3675,218,16.85
65,eBaseball Powerful Pro Yaky<U+016B> 2020,7,2020,2714108,8519,23142,53,459,3652,11,318.59
66,Super Smash Bros. Ultimate,7,2020,2583270,136117,14704,532,13564,3476,183,18.98
67,Halo: The Master Chief Collection,7,2020,2477606,198315,56362,1111,24965,3334,266,12.49
68,Warcraft III,7,2020,2454701,36556,28334,91,1987,3303,49,67.15
69,Paper Mario: The Origami King,7,2020,2443756,81128,40084,935,7623,3289,109,30.12
70,MapleStory,7,2020,2430995,83290,19262,221,5248,3271,112,29.19
71,Age of Empires II: Definitive Edition,7,2020,2354533,42928,18809,104,3273,3168,57,54.85
72,FINAL FANTASY XIV Online,7,2020,2346316,251952,41554,920,15714,3157,339,9.31
73,DayZ,7,2020,2345331,142773,34790,356,10483,3156,192,16.43
74,Heroes of the Storm,7,2020,2273274,82292,14726,195,5738,3059,110,27.62
75,Legends of Runeterra,7,2020,2249254,43693,67871,113,4222,3027,58,51.48
76,7 Days to Die,7,2020,2247141,154970,23930,411,10624,3024,208,14.5
77,Red Dead Redemption 2,7,2020,2245505,234660,13455,842,20422,3022,315,9.57
78,Heroes of Might and Magic III: The Shadow of Death,7,2020,2205118,14707,10963,42,596,2967,19,149.94
79,Death Stranding,7,2020,2202567,99891,74535,819,8932,2964,134,22.05
80,Fitness & Health,7,2020,2143827,26142,104165,81,3570,2885,35,82.01
81,ARK: Survival Evolved,7,2020,2088824,239495,18359,571,15586,2811,322,8.72
82,Brawlhalla,7,2020,2047527,106026,41874,300,18732,2755,142,19.31
83,Pummel Party,7,2020,2038111,55260,110744,301,14704,2743,74,36.88
84,Marbles On Stream,7,2020,2008366,67669,42372,176,14573,2703,91,29.68
85,Detroit: Become Human,7,2020,1820706,52852,27407,183,9620,2450,71,34.45
86,Street Fighter V,7,2020,1777609,41238,37634,105,3572,2392,55,43.11
87,The Sims 4,7,2020,1578525,75468,22232,235,11280,2124,101,20.92
88,Madden NFL 20,7,2020,1573242,219218,22152,808,25456,2117,295,7.18
89,Terraria,7,2020,1532921,107678,32901,256,12844,2063,144,14.24
90,Dark Souls,7,2020,1518169,68581,18271,164,7266,2043,92,22.14
91,Food & Drink,7,2020,1501266,27993,15266,76,5885,2020,37,53.63
92,Roblox,7,2020,1485988,271383,13013,586,35538,1999,365,5.48
93,Korean Baseball League,7,2020,1476981,3254,24214,40,106,1987,4,453.9
94,osu!,7,2020,1467955,190266,14550,406,28354,1975,256,7.72
95,Pogostuck: Rage With Your Friends,7,2020,1464022,6791,36177,39,1482,1970,9,215.58
96,Super Mario 64,7,2020,1452400,37718,30989,111,4016,1954,50,38.51
97,Super Smash Bros. Melee,7,2020,1439699,34602,38548,124,4272,1937,46,41.61
98,PUBG Mobile,7,2020,1426509,90032,25729,211,6063,1919,121,15.84
99,Green Hell,7,2020,1424606,27476,44816,97,3892,1917,36,51.85
100,Clubhouse Games: 51 Worldwide Classics,7,2020,1384328,4924,39190,23,1092,1863,6,281.14
101,Clash Royale,7,2020,1382195,24614,17022,72,2899,1860,33,56.15
102,Jump King,7,2020,1359262,10250,45593,39,2486,1829,13,132.61
103,Tabletop RPGs,7,2020,1341101,15460,69564,91,1640,1804,20,86.75
104,Sports,7,2020,1317456,8224,137595,78,965,1773,11,160.2
105,The Forest,7,2020,1277626,100544,26338,309,15111,1719,135,12.71
106,GeoGuessr,7,2020,1273817,12355,41808,50,2769,1714,16,103.1
107,The Legend of Zelda: Breath of the Wild,7,2020,1270040,57887,17644,138,5348,1709,77,21.94
108,Sekiro: Shadows Die Twice,7,2020,1268678,60142,27932,147,9152,1707,80,21.09
109,Sid Meier's Civilization VI,7,2020,1259840,35136,17841,110,4193,1695,47,35.86
110,Warframe,7,2020,1252221,129890,30861,325,9821,1685,174,9.64
111,Virtual Casino,7,2020,1251674,9488,9934,33,570,1684,12,131.92
112,The Elder Scrolls V: Skyrim,7,2020,1248830,113273,9718,270,11448,1680,152,11.02
113,Satisfactory,7,2020,1199505,71703,26730,203,6267,1614,96,16.73
114,Raft,7,2020,1189282,43975,46716,137,7505,1600,59,27.04
115,Travel & Outdoors,7,2020,1187801,60831,13048,127,4116,1598,81,19.53
116,Max Payne 3,7,2020,1184524,2509,22400,15,484,1594,3,472.11
117,Summoners War: Sky Arena,7,2020,1156190,24251,13073,85,1310,1556,32,47.68
118,Carrion,7,2020,1147402,20797,62570,350,4965,1544,27,55.17
119,Gwent: The Witcher Card Game,7,2020,1146826,18867,4348,63,1230,1543,25,60.78
120,iRacing,7,2020,1145839,85394,10953,1043,4949,1542,114,13.42
121,MLB The Show 20,7,2020,1137126,31750,16520,106,4707,1530,42,35.81
122,Football Manager 2020,7,2020,1133493,34617,10316,145,2326,1525,46,32.74
123,Destroy All Humans!,7,2020,1103461,23974,91539,642,5565,1485,32,46.03
124,Pok<U+00E9>mon GO,7,2020,1100773,21079,22020,239,1659,1481,28,52.22
125,Tekken 7,7,2020,1098417,56907,32733,121,7386,1478,76,19.3
126,Krunker,7,2020,1094737,48894,6734,150,4826,1473,65,22.39
127,Super Mario World,7,2020,1064253,17884,11525,63,1993,1432,24,59.51
128,Raid: Shadow Legends,7,2020,1058884,17572,14675,48,1308,1425,23,60.26
129,Star Citizen,7,2020,1048574,42965,4973,129,2556,1411,57,24.41
130,Don't Starve Together,7,2020,997514,48930,7651,118,6143,1342,65,20.39
131,Brawl Stars,7,2020,989101,58974,21769,137,6231,1331,79,16.77
132,Gears 5,7,2020,985982,84826,10839,367,7718,1327,114,11.62
133,Tom Clancy's The Division 2,7,2020,970844,82870,24195,243,7660,1306,111,11.72
134,Call of Duty: Black Ops 4,7,2020,956100,182029,38970,424,14549,1286,244,5.25
135,Pok<U+00E9>mon Platinum,7,2020,952287,13551,53403,50,1729,1281,18,70.27
136,Lineage II: The Chaotic Throne - The 1st Throne: The Kamael,7,2020,920053,41756,4980,147,1440,1238,56,22.03
137,Last Day on Earth: Survival,7,2020,914995,8468,3673,27,440,1231,11,108.05
138,Mario Kart 8,7,2020,907731,32053,36686,103,6636,1221,43,28.32
139,Danganronpa V3: Killing Harmony,7,2020,899575,5219,18207,18,377,1210,7,172.37
140,Neon Abyss,7,2020,896701,27378,15236,198,4420,1206,36,32.75
141,Total War: Warhammer II,7,2020,868479,24418,7106,85,1958,1168,32,35.57
142,Garry's Mod,7,2020,864227,32015,56162,90,7058,1163,43,26.99
143,Dark Souls II: Scholar of the First Sin,7,2020,855256,43903,40972,109,4028,1151,59,19.48
144,Paladins,7,2020,837668,117700,5893,310,14473,1127,158,7.12
145,Mortal Kombat 11,7,2020,837491,58903,14841,153,6947,1127,79,14.22
146,Slam Dunk,7,2020,813674,4576,6963,25,271,1095,6,177.81
147,Epic Seven,7,2020,809244,17229,11108,102,1069,1089,23,46.97
148,Dragon Ball FighterZ,7,2020,805039,46921,5445,152,6944,1083,63,17.16
149,Darkest Dungeon,7,2020,802945,17909,13675,63,2254,1080,24,44.83
150,Grand Theft Auto: San Andreas,7,2020,799933,32563,15648,87,4504,1076,43,24.57
151,Euro Truck Simulator 2,7,2020,799292,103230,7279,350,11401,1075,138,7.74
152,No Man's Sky,7,2020,797829,60070,20676,182,6874,1073,80,13.28
153,Tabletop Simulator,7,2020,795210,13328,43250,64,2908,1070,17,59.66
154,Bloodborne,7,2020,786143,55917,9583,137,5960,1058,75,14.06
155,Yu-Gi-Oh! Duel Links,7,2020,777199,18201,7942,50,1826,1046,24,42.7
156,The Witcher 3: Wild Hunt,7,2020,773583,88392,7355,251,9763,1041,118,8.75
157,Persona 4 Golden,7,2020,762984,60013,10018,176,4343,1026,80,12.71
158,Genshin Impact,7,2020,755311,16027,34880,243,1197,1016,21,47.13
159,Mortal Shell,7,2020,748832,9806,44920,166,3980,1007,13,76.36
160,Farming Simulator 19,7,2020,738095,79750,8986,261,6249,993,107,9.26
161,RuneScape,7,2020,718170,43198,7186,100,2827,966,58,16.63
162,Gunfire Reborn,7,2020,716941,28386,15382,89,4314,964,38,25.26
163,Summer Game Fest,7,2020,716674,878,415333,377,442,964,1,816.26
164,Rocket Arena,7,2020,716414,18463,147718,192,3323,964,24,38.8
165,Twitch Sings,7,2020,713154,41678,15095,130,7182,959,56,17.11
166,Hollow Knight,7,2020,711918,62439,6799,154,7114,958,84,11.4
167,The Binding of Isaac: Afterbirth,7,2020,701248,26522,16055,77,4047,943,35,26.44
168,NieR: Automata,7,2020,699565,14509,28614,40,2407,941,19,48.22
169,God of War,7,2020,692268,52732,17248,132,5168,931,70,13.13
170,Call of Duty: Mobile,7,2020,689057,77598,22215,213,8494,927,104,8.88
171,Albion Online,7,2020,687988,38044,3154,102,2477,925,51,18.08
172,RimWorld,7,2020,687723,34960,8243,95,2713,925,47,19.67
173,Makers & Crafting,7,2020,677372,54171,5168,129,5038,911,72,12.5
174,Fallout 76,7,2020,674953,97564,17475,251,7275,908,131,6.92
175,The Legend of Zelda: Ocarina of Time,7,2020,668550,40326,4527,134,3116,899,54,16.58
176,Saint Seiya : Awakening,7,2020,656423,11551,7691,75,672,883,15,56.83
177,Pok<U+00E9>mon Emerald,7,2020,628374,12582,20847,44,1814,845,16,49.94
178,DOOM Eternal,7,2020,625897,40726,139759,120,5832,842,54,15.37
179,The Long Dark,7,2020,618880,16744,5622,56,1932,832,22,36.96
180,Borderlands 3,7,2020,604517,74418,3910,222,8322,813,100,8.12
181,The Seven Deadly Sins: Grand Cross,7,2020,603470,18058,4168,79,1180,812,24,33.42
182,Yakuza 5,7,2020,597611,2156,14254,12,153,804,2,277.19
183,Call of Duty: Black Ops III,7,2020,596639,137838,7540,339,17798,803,185,4.33
184,Until Dawn,7,2020,579239,4915,50697,27,1839,779,6,117.85
185,SpongeBob SquarePants: Battle for Bikini Bottom - Rehydrated,7,2020,578983,26575,33077,191,6542,779,35,21.79
186,King of Crabs,7,2020,573802,3209,68536,23,1231,772,4,178.81
187,Guild Wars 2,7,2020,571762,37136,5913,121,2779,769,49,15.4
188,Diablo II: Lord of Destruction,7,2020,568772,20272,5092,48,1172,765,27,28.06
189,LOST ARK,7,2020,561387,26355,11551,173,1332,755,35,21.3
190,Assassin's Creed: Odyssey,7,2020,559442,63493,13603,172,8618,752,85,8.81
191,Kartrider,7,2020,547947,19878,20040,80,2319,737,26,27.57
192,Kingdom Come: Deliverance,7,2020,546633,15439,11527,49,1453,735,20,35.41
193,Stardew Valley,7,2020,545181,71286,5423,172,10088,733,95,7.65
194,Sword Art Online: Alicization Lycoris,7,2020,544778,32811,14039,233,3560,733,44,16.6
195,Mobile Legends: Bang Bang,7,2020,541236,33625,106209,75,2375,728,45,16.1
196,Persona 5 Royal,7,2020,540891,37132,3551,119,2330,727,49,14.57
197,Metin2,7,2020,532934,17309,3944,58,1332,717,23,30.79
198,Ragnarok Online,7,2020,524443,31355,2884,77,1373,705,42,16.73
199,Subnautica,7,2020,524425,53141,8221,142,6693,705,71,9.87
200,Kingdom of the Winds,7,2020,523740,5109,19219,39,315,704,6,102.51
1,Just Chatting,8,2020,170478547,2607784,508828,5233,328529,229446,3509,65.37
2,League of Legends,8,2020,142551572,3250969,707347,7440,229635,191859,4375,43.85
3,Fall Guys: Ultimate Knockout,8,2020,112938341,2257803,713229,7272,395663,152003,3038,50.02
4,Fortnite,8,2020,98814094,7962195,497250,21768,663479,132993,10716,12.41
5,Call of Duty: Warzone,8,2020,84319459,6754492,951957,31506,445223,113485,9090,12.48
6,Grand Theft Auto V,8,2020,83320277,1515588,374879,3525,125748,112140,2039,54.98
7,VALORANT,8,2020,54462195,3016992,564404,8000,256154,73300,4060,18.05
8,Counter-Strike: Global Offensive,8,2020,48243344,1071229,313425,2526,117920,64930,1441,45.04
9,Minecraft,8,2020,40361660,1942298,374683,4520,244197,54322,2614,20.78
10,Dota 2,8,2020,38252005,554956,170474,1247,26864,51483,746,68.93
11,Among Us,8,2020,30537792,371215,266564,3044,73330,41100,499,82.26
12,World of Warcraft,8,2020,30251347,1227978,125034,4059,66062,40715,1652,24.64
13,Apex Legends,8,2020,25748385,2051473,173116,5970,166678,34654,2761,12.55
14,Hearthstone,8,2020,25341485,190670,115789,941,14666,34106,256,132.91
15,Dead by Daylight,8,2020,22216259,1024753,86217,2261,83980,29900,1379,21.68
16,Music,8,2020,21495258,651423,100859,1509,35380,28930,876,33.0
17,Escape From Tarkov,8,2020,15829721,659584,50345,1431,30460,21305,887,24.0
18,Overwatch,8,2020,12834847,826326,63488,2179,81557,17274,1112,15.53
19,Slots,8,2020,12768700,82740,97445,194,3637,17185,111,154.32
20,Tom Clancy's Rainbow Six Siege,8,2020,12484628,1236678,114613,3038,137891,16802,1664,10.1
21,PLAYERUNKNOWN'S BATTLEGROUNDS,8,2020,11449004,600713,120025,1275,39123,15409,808,19.06
22,New World,8,2020,11133401,166038,344240,2986,17706,14984,223,67.05
23,Rocket League,8,2020,9773161,484991,182628,1134,82809,13153,652,20.15
24,Teamfight Tactics,8,2020,8935073,189129,90594,415,23579,12025,254,47.24
25,FIFA 20,8,2020,8625837,380872,41935,1235,46172,11609,512,22.65
26,Art,8,2020,7775094,492612,33743,985,45084,10464,663,15.78
27,Special Events,8,2020,7774624,38169,1061765,2241,7027,10463,51,203.69
28,Garena Free Fire,8,2020,7580251,135063,283174,370,11399,10202,181,56.12
29,Destiny 2,8,2020,7558794,757588,26071,2480,50050,10173,1019,9.98
30,Chess,8,2020,7420337,45943,92999,121,5374,9986,61,161.51
31,NBA 2K20,8,2020,7393059,675373,76106,2017,62815,9950,908,10.95
32,Microsoft Flight Simulator,8,2020,6817924,111482,216593,987,15899,9176,150,61.16
33,Poker,8,2020,6755090,78390,124617,317,4744,9091,105,86.17
34,Rogue Company,8,2020,6347624,440205,146743,1919,55621,8543,592,14.42
35,Warframe,8,2020,6219274,198143,433443,1352,14877,8370,266,31.39
36,Path of Exile,8,2020,5706876,125666,26106,350,5688,7680,169,45.41
37,Talk Shows & Podcasts,8,2020,5438614,110165,97129,342,10535,7319,148,49.37
38,LOST ARK,8,2020,5214585,52203,53622,237,2773,7018,70,99.89
39,SMITE,8,2020,5146771,224702,25241,595,18501,6927,302,22.9
40,ASMR,8,2020,4884890,72379,13691,140,2102,6574,97,67.49
41,Magic: The Gathering,8,2020,4690291,91496,24171,242,6859,6312,123,51.26
42,Horizon Zero Dawn,8,2020,4665977,177158,91067,1658,16500,6279,238,26.34
43,Old School RuneScape,8,2020,4518433,135474,18013,299,7200,6081,182,33.35
44,Rust,8,2020,4384160,183250,48044,667,15124,5900,246,23.92
45,Sea of Thieves,8,2020,4203185,319827,46219,844,31000,5657,430,13.14
46,StarCraft II,8,2020,4155795,79053,20715,167,5610,5593,106,52.57
47,Hyper Scape,8,2020,4149273,284614,124014,1796,47132,5584,383,14.58
48,DayZ,8,2020,4118950,140663,106528,383,10369,5543,189,29.28
49,Tibia,8,2020,4061417,132770,15040,352,5226,5466,178,30.59
50,World of Tanks,8,2020,3990758,134306,33817,435,7545,5371,180,29.71
51,Risk of Rain 2,8,2020,3949079,136496,77577,825,19954,5315,183,28.93
52,Mortal Shell,8,2020,3911517,67617,138779,872,9007,5264,91,57.85
53,Black Desert Online,8,2020,3871512,145243,16699,296,7446,5210,195,26.66
54,Games + Demos,8,2020,3534952,60460,69696,136,8971,4757,81,58.47
55,FINAL FANTASY XIV Online,8,2020,3397969,334905,19206,1521,21528,4573,450,10.15
56,Pok<U+00E9>mon Sword/Shield,8,2020,3169607,108463,99618,254,7952,4265,145,29.22
57,VRChat,8,2020,3141316,97302,28042,282,8890,4227,130,32.28
58,Sports,8,2020,3033858,37490,37705,144,3676,4083,50,80.92
59,Dungeons & Dragons,8,2020,2991049,78632,85514,401,7105,4025,105,38.04
60,The Elder Scrolls Online,8,2020,2925711,121683,27529,293,8929,3937,163,24.04
61,World of Warships,8,2020,2889577,76034,15732,195,4526,3889,102,38.0
62,Age of Empires II: Definitive Edition,8,2020,2860449,40635,154059,95,3211,3849,54,70.39
63,Scrutinized,8,2020,2813543,10111,86338,59,1903,3786,13,278.27
64,Retro,8,2020,2792578,131827,12014,297,8661,3758,177,21.18
65,Grounded,8,2020,2604550,157448,30297,1044,26672,3505,211,16.54
66,Guild Wars 2,8,2020,2395254,54570,34421,141,4182,3223,73,43.89
67,Ghost of Tsushima,8,2020,2390347,355825,18373,1433,27817,3217,478,6.72
68,Super Smash Bros. Ultimate,8,2020,2320319,128417,17072,440,12453,3122,172,18.07
69,MapleStory,8,2020,2291944,74380,19305,216,4644,3084,100,30.81
70,Legends of Runeterra,8,2020,2281445,41349,51472,338,4183,3070,55,55.18
71,Darkest Dungeon,8,2020,2273599,18369,16182,47,2198,3060,24,123.77
72,EA Sports UFC 4,8,2020,2253610,23368,67130,191,5400,3033,31,96.44
73,Dark Souls III,8,2020,2240058,151980,18612,345,16455,3014,204,14.74
74,Animal Crossing: New Horizons,8,2020,2236186,109126,16121,429,12106,3009,146,20.49
75,Marvel's Avengers,8,2020,2213320,54667,103095,753,13395,2978,73,40.49
76,Heroes of the Storm,8,2020,2127267,79462,14071,190,5543,2863,106,26.77
77,Madden NFL 21,8,2020,2048371,99351,39671,1326,13289,2756,133,20.62
78,Street Fighter V,8,2020,2011813,49004,36339,189,4729,2707,65,41.05
79,Monster Hunter: World,8,2020,2003692,172461,28881,504,15880,2696,232,11.62
80,Warcraft III,8,2020,1995899,35537,30470,93,2068,2686,47,56.16
81,Science & Technology,8,2020,1955951,154798,11921,308,8558,2632,208,12.64
82,Super Mario Maker 2,8,2020,1887482,43681,11908,113,3453,2540,58,43.21
83,Heroes of Might and Magic III: The Shadow of Death,8,2020,1880435,15160,18250,51,633,2530,20,124.04
84,Remnant: From the Ashes,8,2020,1855656,205711,52768,976,27987,2497,276,9.02
85,Red Dead Redemption 2,8,2020,1839755,254168,9385,637,20736,2476,342,7.24
86,Marbles On Stream,8,2020,1796653,60769,19463,186,12886,2418,81,29.57
87,Food & Drink,8,2020,1791665,31059,23492,86,5978,2411,41,57.69
88,F1 2020,8,2020,1656629,88153,18230,491,11984,2229,118,18.79
89,Brawlhalla,8,2020,1640625,108518,31930,275,20676,2208,146,15.12
90,PGA TOUR 2K21,8,2020,1635739,44112,58027,500,6368,2201,59,37.08
91,ARK: Survival Evolved,8,2020,1615768,220558,5719,533,13889,2174,296,7.33
92,osu!,8,2020,1586499,199954,9576,441,30337,2135,269,7.93
93,SCP: Secret Laboratory,8,2020,1585434,18253,95543,70,3579,2133,24,86.86
94,Wasteland 3,8,2020,1570235,19586,52734,369,2658,2113,26,80.17
95,Krunker,8,2020,1551334,45942,15661,140,4290,2087,61,33.77
96,For The King,8,2020,1370626,8442,56517,68,1572,1844,11,162.36
97,7 Days to Die,8,2020,1360333,123123,12154,301,9189,1830,165,11.05
98,Epic Seven,8,2020,1325364,18111,21079,50,1022,1783,24,73.18
99,Clash Royale,8,2020,1325013,22083,19487,69,2649,1783,29,60.0
100,Roblox,8,2020,1323482,265337,6311,590,35109,1781,357,4.99
101,Tekken 7,8,2020,1291964,60067,15365,133,7428,1738,80,21.51
102,Travel & Outdoors,8,2020,1262297,55762,14573,116,3740,1698,75,22.64
103,The Sims 4,8,2020,1257187,70279,17057,179,10721,1692,94,17.89
104,Summoners War: Sky Arena,8,2020,1244267,23882,12371,88,1297,1674,32,52.1
105,Halo: The Master Chief Collection,8,2020,1233245,160952,10487,693,19589,1659,216,7.66
106,The Witcher 3: Wild Hunt,8,2020,1219693,81397,88802,236,8868,1641,109,14.98
107,The Legend of Zelda: Ocarina of Time,8,2020,1200195,39177,84807,151,3190,1615,52,30.64
108,Hunt: Showdown,8,2020,1198189,99928,20954,257,7474,1612,134,11.99
109,Mortal Kombat 11,8,2020,1193781,50604,67731,127,6103,1606,68,23.59
110,Terraria,8,2020,1178579,87420,13293,205,10693,1586,117,13.48
111,Spiritfarer,8,2020,1172797,22997,39948,145,3824,1578,30,51.0
112,Diablo III,8,2020,1152085,59076,14130,152,5994,1550,79,19.5
113,The Legend of Zelda: Breath of the Wild,8,2020,1148035,54416,100489,135,5273,1545,73,21.1
114,Diablo II: Lord of Destruction,8,2020,1114384,27181,12595,156,1466,1499,36,41.0
115,Captain Tsubasa: Rise of New Champions,8,2020,1101246,15441,62593,341,2683,1482,20,71.32
116,UnderMine,8,2020,1094145,18332,48576,77,2517,1472,24,59.68
117,Paper Mario: The Origami King,8,2020,1093993,38906,13259,209,4017,1472,52,28.12
118,Korean Baseball League,8,2020,1087199,2311,19390,31,47,1463,3,470.45
119,PUBG Mobile,8,2020,1085914,85201,15797,194,5926,1461,114,12.75
120,Pok<U+00E9>mon GO,8,2020,1072921,25041,9316,180,1771,1444,33,42.85
121,The Elder Scrolls V: Skyrim,8,2020,1061789,121853,13805,269,12091,1429,164,8.71
122,Gwent: The Witcher Card Game,8,2020,1048905,16291,11689,56,1083,1411,21,64.39
123,A Total War Saga: Troy,8,2020,1019391,23357,54218,415,3543,1371,31,43.64
124,Call of Duty: Black Ops 4,8,2020,998168,185300,20652,450,15599,1343,249,5.39
125,For Honor,8,2020,997246,65215,10134,336,8264,1342,87,15.29
126,iRacing,8,2020,982952,66669,9219,281,4291,1322,89,14.74
127,Virtual Casino,8,2020,976956,9187,12670,36,614,1314,12,106.34
128,Bloodborne,8,2020,975113,51224,113648,127,5536,1312,68,19.04
129,Hellpoint,8,2020,973262,20878,46559,133,2475,1309,28,46.62
130,Streamer Life Simulator,8,2020,971860,3376,50793,39,931,1308,4,287.87
131,Sid Meier's Civilization VI,8,2020,965159,27475,146231,78,3299,1299,36,35.13
132,Raid: Shadow Legends,8,2020,952583,17756,24134,48,1348,1282,23,53.65
133,Slam Dunk,8,2020,945186,7407,6341,28,291,1272,9,127.61
134,TrackMania,8,2020,933698,18541,20391,88,3104,1256,24,50.36
135,Factorio,8,2020,932518,42720,21634,161,3419,1255,57,21.83
136,Lineage II: The Chaotic Throne - The 1st Throne: The Kamael,8,2020,931319,48247,5014,138,1676,1253,64,19.3
137,Jackbox Party Packs,8,2020,930182,79976,14296,418,19589,1251,107,11.63
138,Sekiro: Shadows Die Twice,8,2020,923737,43681,10927,115,7158,1243,58,21.15
139,Albion Online,8,2020,921361,49420,4080,133,3017,1240,66,18.64
140,Surgeon Simulator 2,8,2020,910189,3208,42572,46,1106,1225,4,283.72
141,Don't Starve Together,8,2020,896588,38885,6371,108,4746,1206,52,23.06
142,Super Mario 64,8,2020,882949,30920,95607,97,3493,1188,41,28.56
143,Paladins,8,2020,870543,107881,2853,279,12974,1171,145,8.07
144,Subnautica,8,2020,867755,60881,12864,157,7579,1167,81,14.25
145,MLB The Show 20,8,2020,852056,27169,20516,104,4542,1146,36,31.36
146,Dark Souls,8,2020,845159,60967,11321,156,6524,1137,82,13.86
147,Star Citizen,8,2020,838808,38260,23620,127,2630,1128,51,21.92
148,Twitch Sings,8,2020,831155,45024,14556,163,7899,1118,60,18.46
149,The Long Dark,8,2020,815041,13763,7884,42,1624,1096,18,59.22
150,Gears 5,8,2020,804652,84119,19520,291,7958,1082,113,9.57
151,Battle Brothers,8,2020,789624,9614,3942,55,520,1062,12,82.13
152,Football Manager 2020,8,2020,785742,30728,14288,106,2258,1057,41,25.57
153,Pummel Party,8,2020,785282,27440,47978,156,8775,1056,36,28.62
154,There Is No Game : Wrong Dimension,8,2020,781567,3347,40697,28,778,1051,4,233.51
155,The Last of Us Part II,8,2020,771577,55019,16646,176,10871,1038,74,14.02
156,StarCraft,8,2020,754594,13485,20854,39,1072,1015,18,55.96
157,Final Fantasy VII Remake,8,2020,728497,45514,83031,116,4175,980,61,16.01
158,Dragon Ball FighterZ,8,2020,727672,47641,50775,165,6942,979,64,15.27
159,Detroit: Become Human,8,2020,722161,27757,30658,87,5580,971,37,26.02
160,Makers & Crafting,8,2020,721957,53347,6586,123,4787,971,71,13.53
161,Euro Truck Simulator 2,8,2020,713134,86502,18716,315,9840,959,116,8.24
162,Call of Duty: Mobile,8,2020,708012,85193,30460,242,9365,952,114,8.31
163,Garry's Mod,8,2020,702525,30944,76796,101,6730,945,41,22.7
164,Mario Kart 8,8,2020,699037,29719,74513,137,6370,940,39,23.52
165,RuneScape,8,2020,689777,44554,8367,113,2926,928,59,15.48
166,NHL 20,8,2020,687199,21562,42208,105,5572,924,29,31.87
167,Super Mario World,8,2020,677960,19005,91795,69,1973,912,25,35.67
168,Yu-Gi-Oh! Duel Links,8,2020,677391,18276,5549,55,1834,911,24,37.06
169,Brawl Stars,8,2020,673320,48176,12144,117,5436,906,64,13.98
170,Madden NFL 20,8,2020,669908,138319,28360,693,18852,901,186,4.84
171,Hollow Knight,8,2020,654341,60091,95667,147,7149,880,80,10.89
172,Golf It!,8,2020,649065,4652,91632,87,1815,873,6,139.52
173,Farming Simulator 19,8,2020,648724,79391,14350,253,6157,873,106,8.17
174,Borderlands 3,8,2020,633264,71917,6031,223,7948,852,96,8.81
175,Death Stranding,8,2020,616310,49301,18318,194,4561,829,66,12.5
176,Super Mario Odyssey,8,2020,610749,14786,100558,46,1598,822,19,41.31
177,Call of Duty: Black Ops III,8,2020,602639,127592,9973,305,17538,811,171,4.72
178,Grand Theft Auto: San Andreas,8,2020,601199,31718,19600,81,4438,809,42,18.95
179,RimWorld,8,2020,600629,33839,10181,91,2657,808,45,17.75
180,Slay the Spire,8,2020,600203,16654,26408,53,2542,807,22,36.04
181,Conqueror's Blade,8,2020,599545,29407,27538,87,1962,806,39,20.39
182,Conan Exiles,8,2020,578334,31269,36814,85,2116,778,42,18.5
183,The Forest,8,2020,577373,64794,21484,191,10758,777,87,8.91
184,Saint Seiya : Awakening,8,2020,576557,10519,7312,72,623,775,14,54.81
185,Dofus,8,2020,573223,19140,8892,56,1249,771,25,29.95
186,The Last of Us,8,2020,570870,34631,87300,105,1952,768,46,16.48
187,GeoGuessr,8,2020,563815,10130,19830,41,2505,758,13,55.66
188,Tabletop Simulator,8,2020,563065,12633,22475,72,2753,757,17,44.57
189,Nioh 2,8,2020,552295,28482,30770,111,2057,743,38,19.39
190,Super Smash Bros. Melee,8,2020,546261,25709,6774,107,3180,735,34,21.25
191,Agrou,8,2020,534353,1524,42718,19,318,719,2,350.63
192,Arma 3,8,2020,524332,55637,5514,270,4481,705,74,9.42
193,DOOM Eternal,8,2020,523174,42849,85152,129,5981,704,57,12.21
194,Fate/Grand Order,8,2020,522629,18947,12064,103,1680,703,25,27.58
195,Europa Universalis IV,8,2020,518345,13757,5298,47,924,697,18,37.68
196,Cuphead,8,2020,514856,43208,12690,165,8801,692,58,11.92
197,Pok<U+00E9>mon HeartGold/SoulSilver,8,2020,504654,13536,6830,49,1666,679,18,37.28
198,The Seven Deadly Sins: Grand Cross,8,2020,497988,17182,3760,61,1064,670,23,28.98
199,Alien: Isolation,8,2020,494709,30768,73694,101,6359,665,41,16.08
200,ShootMania Storm,8,2020,482392,748,147354,40,118,649,1,644.91
1,Just Chatting,9,2020,168706952,2550812,650779,8045,332334,234641,3547,66.14
2,Among Us,9,2020,147132248,2507735,745468,12317,410661,204634,3487,58.67
3,League of Legends,9,2020,135008222,3174675,794857,6737,230335,187772,4415,42.53
4,Fortnite,9,2020,77824133,6265599,271740,17083,561921,108239,8714,12.42
5,Call of Duty: Warzone,9,2020,73913008,6396945,363931,17370,422050,102799,8897,11.55
6,Grand Theft Auto V,9,2020,58950202,1228347,318681,3147,98039,81989,1708,47.99
7,Counter-Strike: Global Offensive,9,2020,53623137,1029871,306910,2620,114511,74580,1432,52.07
8,Minecraft,9,2020,39056368,1549038,431196,3771,203417,54320,2154,25.21
9,Dota 2,9,2020,38107678,551165,269456,1402,26860,53000,766,69.14
10,VALORANT,9,2020,37448029,2159886,155402,5330,196434,52083,3004,17.34
11,Fall Guys: Ultimate Knockout,9,2020,36054453,1048174,617661,4498,223720,50145,1457,34.4
12,World of Warcraft,9,2020,28332755,1077759,114189,3889,62389,39405,1498,26.29
13,Apex Legends,9,2020,24582890,1819601,78679,3868,144309,34190,2530,13.51
14,Dead by Daylight,9,2020,21492539,1026560,87686,2682,85128,29892,1427,20.94
15,Hearthstone,9,2020,20863959,172801,86009,527,13477,29018,240,120.74
16,Music,9,2020,19453307,678578,125133,1560,32892,27056,943,28.67
17,Teamfight Tactics,9,2020,18931349,370654,115620,1567,40534,26330,515,51.08
18,NBA 2K21,9,2020,14528308,893838,112997,6873,68466,20206,1243,16.25
19,Rocket League,9,2020,14067732,705274,136304,3520,151620,19565,980,19.95
20,Overwatch,9,2020,12981536,751471,58428,1725,74060,18054,1045,17.27
21,Slots,9,2020,12821607,82444,76613,192,3450,17832,114,155.52
22,Path of Exile,9,2020,12514422,254794,141391,3697,12906,17405,354,49.12
23,Escape From Tarkov,9,2020,12236186,589476,99336,1333,27034,17018,819,20.76
24,PLAYERUNKNOWN'S BATTLEGROUNDS,9,2020,11467501,640763,70332,1419,45178,15949,891,17.9
25,Tom Clancy's Rainbow Six Siege,9,2020,11083172,1222013,48552,3522,137597,15414,1699,9.07
26,DayZ,9,2020,9251411,231718,69758,624,16937,12867,322,39.93
27,Crusader Kings III,9,2020,7873053,102886,64778,803,8814,10950,143,76.52
28,Art,9,2020,7860060,507223,109701,1051,46893,10931,705,15.5
29,Poker,9,2020,7327380,77875,77415,336,4285,10191,108,94.09
30,Marvel's Avengers,9,2020,7179349,402903,200219,2451,34343,9985,560,17.82
31,LOST ARK,9,2020,7073935,75462,42242,349,4042,9838,104,93.74
32,Phasmophobia,9,2020,6427404,106102,150565,2037,18622,8939,147,60.58
33,Destiny 2,9,2020,6306724,631399,30941,1848,46274,8771,878,9.99
34,Genshin Impact,9,2020,6056381,303359,212270,5761,46276,8423,421,19.96
35,Garena Free Fire,9,2020,5876341,124474,78472,396,11374,8172,173,47.21
36,Special Events,9,2020,5797263,35207,2184938,5155,9399,8062,48,164.66
37,Spellbreak,9,2020,5665194,366094,68957,1472,64245,7879,509,15.47
38,Spelunky 2,9,2020,5530681,21957,60319,354,3159,7692,30,251.89
39,Hades,9,2020,5516251,93292,57365,512,13036,7672,129,59.13
40,Talk Shows & Podcasts,9,2020,5455799,117814,125286,457,11116,7588,163,46.31
41,Mafia: Definitive Edition,9,2020,5394800,67181,181475,1449,8841,7503,93,80.3
42,Black Desert Online,9,2020,5300431,176117,31153,510,9305,7371,244,30.1
43,Magic: The Gathering,9,2020,5237911,92705,39159,311,7211,7284,128,56.5
44,StarCraft II,9,2020,5104967,65169,43408,148,4984,7100,90,78.33
45,ASMR,9,2020,4845799,76688,14661,143,2785,6739,106,63.19
46,Old School RuneScape,9,2020,4770987,128128,16056,274,7099,6635,178,37.24
47,Chess,9,2020,4754306,39817,123597,112,4329,6612,55,119.4
48,FIFA 21,9,2020,4493195,9518,285517,857,2674,6249,13,472.07
49,Call of Duty: Black Ops Cold War,9,2020,4455758,95007,705050,7004,19543,6197,132,46.9
50,Tony Hawk's Pro Skater 1+2,9,2020,4289585,92676,130743,1122,23818,5966,128,46.29
51,Sports,9,2020,4284161,41072,121079,114,4238,5958,57,104.31
52,SMITE,9,2020,4062484,199425,22614,538,16135,5650,277,20.37
53,FIFA 20,9,2020,3990490,270750,27552,863,35493,5550,376,14.74
54,Sea of Thieves,9,2020,3854043,308828,35432,1046,29793,5360,429,12.48
55,Madden NFL 21,9,2020,3516406,326343,36842,1439,36362,4890,453,10.78
56,World of Tanks,9,2020,3393395,128611,131606,402,7469,4719,178,26.38
57,Rust,9,2020,3296832,156037,32378,606,13205,4585,217,21.13
58,Retro,9,2020,3270501,131433,19373,358,8811,4548,182,24.88
59,World of Warships,9,2020,3258798,77105,21742,202,4347,4532,107,42.26
60,Dungeons & Dragons,9,2020,3241146,76033,78504,409,7196,4507,105,42.63
61,Tibia,9,2020,3214240,129754,9301,363,5149,4470,180,24.77
62,FINAL FANTASY XIV Online,9,2020,2985005,301407,30134,1032,18829,4151,419,9.9
63,MapleStory,9,2020,2962510,71324,28950,199,4810,4120,99,41.54
64,VRChat,9,2020,2783769,83315,81185,272,7826,3871,115,33.41
65,Games + Demos,9,2020,2651917,57576,35162,136,8359,3688,80,46.06
66,The Elder Scrolls Online,9,2020,2609523,101938,59777,266,6986,3629,141,25.6
67,Conan Exiles,9,2020,2487759,76024,29987,339,4881,3460,105,32.72
68,Watch Parties,9,2020,2413658,34876,109895,154,10356,3356,48,69.21
69,Warframe,9,2020,2383092,168983,129996,429,13228,3314,235,14.1
70,Super Mario 3D All-Stars,9,2020,2365224,81457,45152,1571,14467,3289,113,29.04
71,The Witcher 3: Wild Hunt,9,2020,2273988,87979,25865,262,9143,3162,122,25.85
72,Science & Technology,9,2020,2165504,155455,24586,339,8372,3011,216,13.93
73,Red Dead Redemption 2,9,2020,2134662,202676,18066,505,16841,2968,281,10.53
74,Dark Souls III,9,2020,2024159,130075,22247,293,14405,2815,180,15.56
75,Brawlhalla,9,2020,1997763,94116,37112,272,17792,2778,130,21.23
76,Heroes of the Storm,9,2020,1943502,83245,6948,201,5942,2703,115,23.35
77,Medieval Dynasty,9,2020,1826035,33530,33742,244,3411,2539,46,54.46
78,Legends of Runeterra,9,2020,1801473,33740,22351,108,3411,2505,46,53.39
79,Pok<U+00E9>mon Sword/Shield,9,2020,1795874,92037,17366,367,7209,2497,128,19.51
80,Super Smash Bros. Ultimate,9,2020,1793382,110907,33496,417,11649,2494,154,16.17
81,Animal Crossing: New Horizons,9,2020,1742818,86404,13635,338,10010,2423,120,20.17
82,Food & Drink,9,2020,1703543,29333,22670,77,5650,2369,40,58.08
83,Monster Hunter: World,9,2020,1698550,161071,11708,368,15169,2362,224,10.55
84,Street Fighter V,9,2020,1655823,59773,21318,201,7645,2302,83,27.7
85,Rogue Company,9,2020,1627808,153882,31172,585,18834,2263,214,10.58
86,Super Mario Maker 2,9,2020,1602757,36542,14726,94,3185,2229,50,43.86
87,Dark Souls,9,2020,1589323,56874,28228,154,6212,2210,79,27.94
88,Super Mario 64,9,2020,1573729,42516,23505,190,6539,2188,59,37.01
89,Age of Empires II: Definitive Edition,9,2020,1564335,27597,16058,97,2782,2175,38,56.68
90,Warcraft III,9,2020,1545550,32241,19189,103,1944,2149,44,47.94
91,Cricket,9,2020,1517547,1258,187320,36,603,2110,1,1206.32
92,Microsoft Flight Simulator,9,2020,1506592,81480,17971,267,8230,2095,113,18.49
93,New World,9,2020,1501902,39411,56104,871,5610,2088,54,38.11
94,Call of Duty: Black Ops 4,9,2020,1501626,193786,33468,482,17278,2088,269,7.75
95,7 Days to Die,9,2020,1468032,118790,9943,293,8873,2041,165,12.36
96,Summoners War: Sky Arena,9,2020,1461550,25083,23641,74,1368,2032,34,58.27
97,Tekken 7,9,2020,1452124,58270,18391,149,7088,2019,81,24.92
98,ARK: Survival Evolved,9,2020,1422325,201038,5353,482,13425,1978,279,7.07
99,Travel & Outdoors,9,2020,1421786,52553,51042,110,3299,1977,73,27.05
100,Left 4 Dead 2,9,2020,1407674,76048,56487,801,19438,1957,105,18.51
101,The Elder Scrolls V: Skyrim,9,2020,1403073,109242,30386,255,10928,1951,151,12.84
102,StarCraft,9,2020,1382907,14548,16339,46,1154,1923,20,95.06
103,Marbles On Stream,9,2020,1359382,45479,68482,147,9757,1890,63,29.89
104,osu!,9,2020,1329748,185111,11685,468,29504,1849,257,7.18
105,Streamer Life Simulator,9,2020,1263839,8390,82806,42,2128,1757,11,150.64
106,Heroes of Might and Magic III: The Shadow of Death,9,2020,1246055,9256,11990,41,460,1733,12,134.62
107,PUBG Mobile,9,2020,1240730,81142,45459,267,6024,1725,112,15.29
108,Lineage II: The Chaotic Throne - The 1st Throne: The Kamael,9,2020,1239481,55296,10142,159,1694,1723,76,22.42
109,Kingdoms of Amalur: Reckoning,9,2020,1226682,26492,61471,266,3114,1706,36,46.3
110,Dragon Ball FighterZ,9,2020,1223309,51392,27665,220,7446,1701,71,23.8
111,Halo: The Master Chief Collection,9,2020,1209631,114960,156824,626,14864,1682,159,10.52
112,Night of the Dead,9,2020,1207949,26307,26944,130,2660,1680,36,45.92
113,Epic Seven,9,2020,1190608,17755,13139,88,1072,1655,24,67.06
114,The Sims 4,9,2020,1186842,69758,17336,231,10921,1650,97,17.01
115,Virtual Casino,9,2020,1172880,10554,10046,39,685,1631,14,111.13
116,F1 2020,9,2020,1143666,71374,38850,570,10127,1590,99,16.02
117,Hollow Knight,9,2020,1134590,57077,37304,154,6915,1578,79,19.88
118,iRacing,9,2020,1085600,64807,6911,403,4365,1509,90,16.75
119,Project Winter,9,2020,1076017,4608,69030,36,938,1496,6,233.51
120,Horizon Zero Dawn,9,2020,1065842,73088,28207,228,7423,1482,101,14.58
121,Roblox,9,2020,1053857,209500,11151,650,28964,1465,291,5.03
122,Raid: Shadow Legends,9,2020,1037670,19214,24390,56,1562,1443,26,54.01
123,Dofus,9,2020,1024725,24033,32074,294,1732,1425,33,42.64
124,Clash Royale,9,2020,1002597,18535,13550,60,2452,1394,25,54.09
125,Albion Online,9,2020,1002035,55621,3943,123,3121,1393,77,18.02
126,The Legend of Zelda: Breath of the Wild,9,2020,996122,59354,6229,162,6024,1385,82,16.78
127,Wasteland 3,9,2020,986946,44986,48925,234,3900,1372,62,21.94
128,Hunt: Showdown,9,2020,966795,91776,6141,271,6606,1344,127,10.53
129,Darkest Dungeon,9,2020,937835,19189,23453,61,2254,1304,26,48.87
130,Football Manager 2020,9,2020,929656,34294,13942,131,3313,1292,47,27.11
131,Korean Baseball League,9,2020,923071,1953,18044,22,31,1283,2,472.64
132,Tom Clancy's The Division 2,9,2020,906579,85649,22583,390,9248,1260,119,10.58
133,Pok<U+00E9>mon GO,9,2020,900881,23151,7810,166,1585,1252,32,38.91
134,Risk of Rain 2,9,2020,897709,72672,20189,270,11907,1248,101,12.35
135,SCUM,9,2020,852882,30692,16864,100,1962,1186,42,27.79
136,The Long Dark,9,2020,823865,14731,6373,45,1601,1145,20,55.93
137,Squad,9,2020,818174,29715,29341,175,3711,1137,41,27.53
138,Borderlands 3,9,2020,806026,88308,22285,514,9900,1121,122,9.13
139,Dark Souls II,9,2020,799624,13568,23466,76,1688,1112,18,58.93
140,Knight Online,9,2020,792293,10666,7138,45,624,1101,14,74.28
141,Ghost of Tsushima,9,2020,788061,115760,19308,344,10725,1096,161,6.81
142,Makers & Crafting,9,2020,784243,53823,5489,134,4734,1090,74,14.57
143,Call of Duty: Black Ops III,9,2020,776324,125628,23893,356,18386,1079,174,6.18
144,Star Citizen,9,2020,765296,38274,72123,137,2849,1064,53,20.0
145,Super Mario Sunshine,9,2020,765125,22367,26304,152,4472,1064,31,34.21
146,PGA TOUR 2K21,9,2020,764256,43806,19964,274,5633,1062,60,17.45
147,Gwent: The Witcher Card Game,9,2020,763480,14499,3327,50,925,1061,20,52.66
148,Conqueror's Blade,9,2020,760945,27194,28070,87,1673,1058,37,27.98
149,Diabotical,9,2020,757198,31931,31703,172,3929,1053,44,23.71
150,Yu-Gi-Oh! Duel Links,9,2020,755439,21203,7483,91,2123,1050,29,35.63
151,MLB The Show 20,9,2020,751728,21032,19114,108,3121,1045,29,35.74
152,Sid Meier's Civilization VI,9,2020,747032,23997,13978,113,3093,1038,33,31.13
153,NBA 2K20,9,2020,742755,133054,11841,1079,18054,1033,185,5.58
154,Jackbox Party Packs,9,2020,735047,62631,22020,474,17517,1022,87,11.74
155,Don't Starve Together,9,2020,734241,34646,13443,109,4228,1021,48,21.19
156,Craftopia,9,2020,728696,41239,29912,416,6014,1013,57,17.67
157,RimWorld,9,2020,727499,32214,5498,96,2512,1011,44,22.58
158,Guild Wars 2,9,2020,721030,50248,4194,155,3716,1002,69,14.35
159,GeoGuessr,9,2020,718772,8534,21651,37,2113,999,11,84.22
160,Paladins,9,2020,718439,84197,9897,205,10562,999,117,8.53
161,Factorio,9,2020,709958,36501,21347,111,2784,987,50,19.45
162,BPM: BULLETS PER MINUTE,9,2020,708614,13026,68600,150,3276,985,18,54.4
163,Euro Truck Simulator 2,9,2020,702710,85959,9812,372,9248,977,119,8.17
164,Age of Empires II,9,2020,688251,11617,13958,96,1428,957,16,59.25
165,Fallout 76,9,2020,686494,66485,23171,189,4944,954,92,10.33
166,Mortal Kombat 11,9,2020,678040,43234,25061,117,5226,943,60,15.68
167,Diablo II: Lord of Destruction,9,2020,674327,18762,5999,60,1131,937,26,35.94
168,Captain Tsubasa: Rise of New Champions,9,2020,658249,18378,61513,131,2648,915,25,35.82
169,RuneScape,9,2020,651962,40866,6040,95,2536,906,56,15.95
170,The Legend of Zelda: Ocarina of Time,9,2020,640773,37907,4652,146,3085,891,52,16.9
171,Hyper Scape,9,2020,639197,60572,11721,225,8722,889,84,10.55
172,Farming Simulator 19,9,2020,636329,74393,8825,263,5693,885,103,8.55
173,Saint Seiya : Awakening,9,2020,635709,10147,8097,65,636,884,14,62.65
174,Agrou,9,2020,634832,2190,31575,34,516,882,3,289.88
175,Tell Me Why,9,2020,628808,41836,40479,366,6499,874,58,15.03
176,Terraria,9,2020,628590,70217,13389,189,9135,874,97,8.95
177,Resident Evil 7 biohazard,9,2020,628565,108893,23256,481,19524,874,151,5.77
178,TrackMania,9,2020,625997,11210,40330,72,1560,870,15,55.84
179,Twitch Sings,9,2020,617780,39215,29337,205,6997,859,54,15.75
180,Brawl Stars,9,2020,604045,40062,9115,107,4844,840,55,15.08
181,Surgeon Simulator 2,9,2020,603659,2828,48957,31,1024,839,3,213.46
182,Bloodborne,9,2020,591704,54098,6607,144,5563,822,75,10.94
183,Super Smash Bros. Melee,9,2020,591289,21064,15278,81,2663,822,29,28.07
184,Detroit: Become Human,9,2020,588298,24475,8407,78,4834,818,34,24.04
185,Miscreated,9,2020,587617,4063,44700,26,501,817,5,144.63
186,Serious Sam 4,9,2020,580536,12029,52457,336,2061,807,16,48.26
187,Five Nights at Freddy's,9,2020,579190,9694,108389,45,3651,805,13,59.75
188,The Long Drive,9,2020,566608,1990,53973,14,394,788,2,284.73
189,Last Day on Earth: Survival,9,2020,545327,5501,111059,25,335,758,7,99.13
190,The Binding of Isaac: Afterbirth,9,2020,544780,22932,13513,69,3622,757,31,23.76
191,Pok<U+00E9>mon Platinum,9,2020,544306,11451,39396,46,1509,757,15,47.53
192,No Man's Sky,9,2020,537731,56022,8170,342,7538,747,77,9.6
193,Gears 5,9,2020,537129,72496,24034,246,7065,747,100,7.41
194,Grounded,9,2020,537118,35463,25342,169,6648,747,49,15.15
195,The Last of Us Part II,9,2020,536782,37757,4036,135,6833,746,52,14.22
196,Pro Gymnast,9,2020,534813,432,53484,6,160,743,0,1237.99
197,Mario Kart 8,9,2020,533189,24909,18139,116,5722,741,34,21.41
198,Sekiro: Shadows Die Twice,9,2020,529975,34194,5626,94,5421,737,47,15.5
199,Call of Duty: Mobile,9,2020,529834,78966,34833,215,8873,736,109,6.71
200,They Are Billions,9,2020,528998,7088,13128,24,547,735,9,74.63
1,Just Chatting,10,2020,203159545,2757457,684417,6778,355568,273431,3711,73.68
2,League of Legends,10,2020,171613067,3367157,2020835,8520,246211,230973,4531,50.97
3,Among Us,10,2020,109716919,2160986,753943,9142,386445,147667,2908,50.77
4,Fortnite,10,2020,85559924,5777917,388650,15148,533320,115154,7776,14.81
5,Call of Duty: Warzone,10,2020,76217178,6653986,396270,22121,428944,102580,8955,11.45
6,FIFA 21,10,2020,61128836,1060451,474733,3830,100606,82272,1427,57.64
7,Counter-Strike: Global Offensive,10,2020,58560804,1138329,434419,2976,124370,78816,1532,51.44
8,Grand Theft Auto V,10,2020,55833045,1225664,202629,3627,98469,75145,1649,45.55
9,Minecraft,10,2020,49798217,1802763,472079,4489,235174,67023,2426,27.62
10,Phasmophobia,10,2020,48599126,1876224,256449,8886,223859,65409,2525,25.9
11,VALORANT,10,2020,37362055,1947328,165457,4681,176347,50285,2620,19.19
12,Dota 2,10,2020,33523506,599493,155576,1573,28700,45119,806,55.92
13,World of Warcraft,10,2020,33429794,1121230,210166,3721,67486,44992,1509,29.82
14,Genshin Impact,10,2020,31875877,1948117,142744,5816,181338,42901,2621,16.36
15,Apex Legends,10,2020,26228385,2023614,85711,4417,161167,35300,2723,12.96
16,Hearthstone,10,2020,24271349,190063,142885,492,14247,32666,255,127.7
17,Rocket League,10,2020,22032826,1210744,243644,3196,263835,29653,1629,18.2
18,Special Events,10,2020,21878399,33638,652366,283,4720,29446,45,650.41
19,Music,10,2020,20193138,723991,293752,1929,40428,27177,974,27.89
20,Dead by Daylight,10,2020,18857061,941861,96000,3105,83571,25379,1267,20.02
21,Teamfight Tactics,10,2020,16794202,338190,122784,735,36358,22603,455,49.66
22,Escape From Tarkov,10,2020,14742773,673347,86085,1592,29458,19842,906,21.89
23,Slots,10,2020,12940464,88631,112324,214,3583,17416,119,146.0
24,Overwatch,10,2020,12686221,825098,71982,2489,83528,17074,1110,15.38
25,Fall Guys: Ultimate Knockout,10,2020,11948580,458866,241811,2953,108676,16081,617,26.04
26,Path of Exile,10,2020,11720630,248166,50399,617,10170,15774,334,47.23
27,PLAYERUNKNOWN'S BATTLEGROUNDS,10,2020,11631269,633737,65824,1320,39663,15654,852,18.35
28,Garena Free Fire,10,2020,10946508,185145,99384,519,15755,14732,249,59.12
29,Tom Clancy's Rainbow Six Siege,10,2020,10915005,1046300,55139,2528,123476,14690,1408,10.43
30,Call of Duty: Black Ops Cold War,10,2020,9459979,475757,299927,9228,82845,12732,640,19.88
31,NBA 2K21,10,2020,8548457,572279,91190,1798,48295,11505,770,14.94
32,Art,10,2020,8371667,548596,32363,1125,50958,11267,738,15.26
33,Old School RuneScape,10,2020,7077659,150821,93917,629,8211,9525,202,46.93
34,Destiny 2,10,2020,6380496,641070,31956,1782,47421,8587,862,9.95
35,Talk Shows & Podcasts,10,2020,6327946,133341,334877,411,12560,8516,179,47.46
36,Baldur's Gate 3,10,2020,5952175,127224,188863,1489,13857,8011,171,46.79
37,Watch Dogs: Legion,10,2020,5917739,88947,321164,2551,15582,7964,119,66.53
38,Pok<U+00E9>mon Sword/Shield,10,2020,5725244,196082,69601,1855,15843,7705,263,29.2
39,ASMR,10,2020,5259848,86578,23922,160,2761,7079,116,60.75
40,Hades,10,2020,5071822,158810,43308,406,19661,6826,213,31.94
41,Sports,10,2020,4928055,42136,146699,150,4817,6632,56,116.96
42,Magic: The Gathering,10,2020,4895808,87988,31687,266,6643,6589,118,55.64
43,Poker,10,2020,4681000,77258,36036,274,3922,6300,103,60.59
44,StarCraft II,10,2020,4431786,65292,18242,138,4969,5964,87,67.88
45,Chess,10,2020,4294301,41209,50371,121,3989,5779,55,104.21
46,Monster Hunter: World,10,2020,4293586,249123,41531,1265,20536,5778,335,17.23
47,Black Desert Online,10,2020,4132235,150399,68099,348,7367,5561,202,27.48
48,SMITE,10,2020,4025077,193068,24937,532,15667,5417,259,20.85
49,Rogue Company,10,2020,3985781,588527,93304,1696,85399,5364,792,6.77
50,Amnesia: Rebirth,10,2020,3963640,63754,244510,1122,11206,5334,85,62.17
51,Tibia,10,2020,3869197,120166,13574,299,4930,5207,161,32.2
52,VRChat,10,2020,3862852,83931,73152,287,8686,5198,112,46.02
53,World of Tanks,10,2020,3724901,142910,25144,434,8203,5013,192,26.06
54,Brawlhalla,10,2020,3712174,93240,90910,286,17484,4996,125,39.81
55,Dofus,10,2020,3665436,46631,24806,160,2614,4933,62,78.61
56,The Dark Pictures Anthology: Little Hope,10,2020,3647037,38686,308255,2097,9113,4908,52,94.27
57,Madden NFL 21,10,2020,3494203,404413,38117,1569,43540,4702,544,8.64
58,Crash Bandicoot 4: It's About Time,10,2020,3466522,63853,103494,588,10867,4665,85,54.29
59,Raft,10,2020,3421194,102766,84743,434,15178,4604,138,33.29
60,Dungeons & Dragons,10,2020,3364978,83828,83226,432,7928,4528,112,40.14
61,DayZ,10,2020,3320353,187031,11828,463,12883,4468,251,17.75
62,Spelunky 2,10,2020,3308251,41976,41609,214,5131,4452,56,78.81
63,World of Warships,10,2020,3226354,79571,23881,224,4485,4342,107,40.55
64,Rust,10,2020,3181307,164491,13051,574,13628,4281,221,19.34
65,Party Animals,10,2020,3096207,41516,113621,685,15665,4167,55,74.58
66,Sea of Thieves,10,2020,2762466,244117,28813,832,24640,3717,328,11.32
67,Retro,10,2020,2752494,131218,20254,289,8684,3704,176,20.98
68,Age of Empires II,10,2020,2641651,38670,65918,114,2950,3555,52,68.31
69,Games + Demos,10,2020,2617609,61113,63363,146,8876,3523,82,42.83
70,Super Smash Bros. Ultimate,10,2020,2565729,135074,61183,2165,15301,3453,181,18.99
71,Star Wars: Squadrons,10,2020,2561464,102145,139205,1656,20733,3447,137,25.08
72,Science & Technology,10,2020,2551122,183255,24410,394,8883,3433,246,13.92
73,In Silence,10,2020,2330595,25471,87484,252,8816,3136,34,91.5
74,Animal Crossing: New Horizons,10,2020,2293166,101095,26031,481,12448,3086,136,22.68
75,Street Fighter V,10,2020,2290912,47536,46923,136,4546,3083,63,48.19
76,Heroes of Might and Magic III: The Restoration of Erathia,10,2020,2287639,15223,18675,49,613,3078,20,150.28
77,FINAL FANTASY XIV Online,10,2020,2244372,262800,31580,910,16312,3020,353,8.54
78,LOST ARK,10,2020,2098923,62885,17142,225,2691,2824,84,33.38
79,Eternal Return: Black Survival,10,2020,2095205,33024,42703,241,3251,2819,44,63.44
80,MapleStory,10,2020,2066500,62967,16716,170,3943,2781,84,32.82
81,Heroes of the Storm,10,2020,2041048,79237,22098,193,5463,2747,106,25.76
82,Warcraft III,10,2020,2005531,31004,20068,91,1902,2699,41,64.69
83,The Elder Scrolls Online,10,2020,2000336,101350,20405,253,6569,2692,136,19.74
84,Watch Parties,10,2020,1926755,27693,119936,180,8014,2593,37,69.58
85,Jackbox Party Packs,10,2020,1845880,53081,59369,461,13576,2484,71,34.77
86,Food & Drink,10,2020,1840693,32656,87132,110,6143,2477,43,56.37
87,Red Dead Redemption 2,10,2020,1820807,214032,38316,535,18890,2450,288,8.51
88,Super Mario Bros. 35,10,2020,1660830,28996,29769,299,6903,2235,39,57.28
89,Marbles On Stream,10,2020,1562141,46884,65790,115,9421,2102,63,33.32
90,Dark Souls III,10,2020,1559004,116098,21843,280,12750,2098,156,13.43
91,Call Of Duty: Modern Warfare,10,2020,1546424,349047,38771,1563,40267,2081,469,4.43
92,Virtual Casino,10,2020,1511706,18260,12383,70,698,2034,24,82.79
93,Squad,10,2020,1500214,62291,40378,189,6289,2019,83,24.08
94,Noita,10,2020,1474316,20329,37859,88,3011,1984,27,72.52
95,The Sims 4,10,2020,1473603,64801,28530,175,10005,1983,87,22.74
96,Legends of Runeterra,10,2020,1443865,29729,70937,126,2840,1943,40,48.57
97,ARK: Survival Evolved,10,2020,1443131,190678,5816,548,15150,1942,256,7.57
98,League of Legends: Wild Rift,10,2020,1424673,14494,130772,145,1763,1917,19,98.29
99,Call of Duty: Black Ops III,10,2020,1414716,164697,64809,476,23223,1904,221,8.59
100,Clash Royale,10,2020,1386899,20831,22094,62,2625,1866,28,66.58
101,osu!,10,2020,1368102,182478,12846,435,29366,1841,245,7.5
102,DOOM Eternal,10,2020,1355308,97386,30435,642,14632,1824,131,13.92
103,StarCraft,10,2020,1354518,15312,64863,41,1245,1823,20,88.46
104,Call of Duty: Black Ops 4,10,2020,1354025,183587,25048,467,16164,1822,247,7.38
105,SCP: Secret Laboratory,10,2020,1334406,14942,117217,75,3116,1795,20,89.31
106,Warframe,10,2020,1326209,120826,61550,356,9504,1784,162,10.98
107,Ghostrunner,10,2020,1297959,31073,80175,821,8168,1746,41,41.77
108,Conan Exiles,10,2020,1293693,52750,24069,155,3154,1741,70,24.52
109,Alien: Isolation,10,2020,1291612,62274,17264,408,11440,1738,83,20.74
110,Ghost of Tsushima,10,2020,1265793,195047,42640,1205,18294,1703,262,6.49
111,iRacing,10,2020,1232647,78761,13191,750,4983,1659,106,15.65
112,Sekiro: Shadows Die Twice,10,2020,1210235,34409,49830,155,6227,1628,46,35.17
113,Tekken 7,10,2020,1168406,55473,15527,117,6671,1572,74,21.06
114,Super Smash Bros. Melee,10,2020,1162988,22304,21797,79,2547,1565,30,52.14
115,7 Days to Die,10,2020,1149096,107937,11121,353,8738,1546,145,10.65
116,Don't Starve Together,10,2020,1143785,44918,10896,186,6561,1539,60,25.46
117,Roblox,10,2020,1135755,223733,53477,631,30776,1528,301,5.08
118,The Witcher 3: Wild Hunt,10,2020,1134225,80839,20107,220,8626,1526,108,14.03
119,Super Mario Maker 2,10,2020,1108459,29987,6100,80,2533,1491,40,36.96
120,Mafia: Definitive Edition,10,2020,1086551,61766,14861,362,8863,1462,83,17.59
121,Left 4 Dead 2,10,2020,1081986,77128,17264,346,18675,1456,103,14.03
122,Raid: Shadow Legends,10,2020,1064364,19755,20937,56,1726,1432,26,53.88
123,Travel & Outdoors,10,2020,1005327,53858,13842,109,2629,1353,72,18.67
124,Resident Evil 2,10,2020,1002340,60868,16454,283,8731,1349,81,16.47
125,Tabletop RPGs,10,2020,992499,16878,104453,105,1751,1335,22,58.8
126,Dragon Ball FighterZ,10,2020,992294,46656,12640,135,6749,1335,62,21.27
127,Knight Online,10,2020,991523,14266,7912,61,743,1334,19,69.5
128,The Legend of Zelda: Breath of the Wild,10,2020,985418,51300,19799,152,5132,1326,69,19.21
129,Divinity: Original Sin II,10,2020,984909,36421,53588,118,3445,1325,49,27.04
130,Dark Souls,10,2020,983911,49781,15313,131,5825,1324,67,19.76
131,Super Mario 64,10,2020,968898,42330,19856,153,6056,1304,56,22.89
132,Summoners War: Sky Arena,10,2020,967669,21236,10077,66,1152,1302,28,45.57
133,F1 2020,10,2020,947926,63834,19718,498,9195,1275,85,14.85
134,Star Citizen,10,2020,946879,40097,16103,127,2624,1274,53,23.61
135,Resident Evil 7 biohazard,10,2020,920432,88981,9593,474,16233,1238,119,10.34
136,Stream Raiders,10,2020,918129,36717,14943,154,1976,1235,49,25.01
137,Pok<U+00E9>mon GO,10,2020,910640,23192,6018,138,1615,1225,31,39.27
138,Crusader Kings III,10,2020,902347,31995,31883,135,2995,1214,43,28.2
139,Hunt: Showdown,10,2020,897385,89660,5771,328,7170,1207,120,10.01
140,Yu-Gi-Oh! Duel Links,10,2020,889811,22122,7843,58,2333,1197,29,40.22
141,The Forest,10,2020,884412,57441,14154,329,10311,1190,77,15.4
142,Visage,10,2020,880714,15962,49994,533,4429,1185,21,55.18
143,Bloodborne,10,2020,856847,55466,25325,156,6037,1153,74,15.45
144,PUBG Mobile,10,2020,844254,82480,22491,210,5650,1136,111,10.24
145,They Are Billions,10,2020,837259,9170,13488,29,675,1126,12,91.3
146,NHL 21,10,2020,837162,33525,24008,189,5815,1126,45,24.97
147,Hearts of Iron IV,10,2020,834774,16141,22861,79,1719,1123,21,51.72
148,Albion Online,10,2020,833799,52683,4366,116,2785,1122,70,15.83
149,Call of Duty: Mobile,10,2020,833423,88473,28048,302,9696,1121,119,9.42
150,RuneScape,10,2020,827309,53500,20562,139,4137,1113,72,15.46
151,Mortal Kombat 11,10,2020,824285,52152,21905,160,6551,1109,70,15.81
152,Detroit: Become Human,10,2020,819844,17297,35995,54,3842,1103,23,47.4
153,The Long Dark,10,2020,819071,18424,9789,74,2002,1102,24,44.46
154,Brawl Stars,10,2020,808843,44521,17984,136,4992,1088,59,18.17
155,Dark Souls II,10,2020,796040,29315,9660,79,2679,1071,39,27.15
156,Gwent: The Witcher Card Game,10,2020,787558,14505,11111,44,882,1059,19,54.3
157,Super Mario Sunshine,10,2020,781403,25690,18510,125,4163,1051,34,30.42
158,Paladins,10,2020,771899,84615,5698,255,10063,1038,113,9.12
159,Farming Simulator 19,10,2020,767288,87543,10739,291,6660,1032,117,8.76
160,TrackMania,10,2020,760549,11609,51301,72,1644,1023,15,65.51
161,Epic Seven,10,2020,754702,13770,11270,42,795,1015,18,54.81
162,Makers & Crafting,10,2020,747721,58683,6843,141,5169,1006,78,12.74
163,The Elder Scrolls V: Skyrim,10,2020,744576,104009,8794,246,10574,1002,139,7.16
164,Krunker,10,2020,731802,33739,16234,92,3542,984,45,21.69
165,Spellbreak,10,2020,731547,77466,19537,387,13047,984,104,9.44
166,Friday the 13th: The Game,10,2020,731353,34519,110616,218,6573,984,46,21.19
167,FIFA 20,10,2020,725683,66923,25844,316,12908,976,90,10.84
168,RimWorld,10,2020,717554,32298,9066,83,2359,965,43,22.22
169,Tom Clancy's The Division 2,10,2020,713036,85643,9664,234,8149,959,115,8.33
170,Outlast,10,2020,709692,47094,12207,580,14041,955,63,15.07
171,Korean Baseball League,10,2020,704047,1749,16985,19,14,947,2,402.54
172,Project Winter,10,2020,702623,5208,34078,46,881,945,7,134.91
173,Euro Truck Simulator 2,10,2020,696710,102814,6382,371,10774,937,138,6.78
174,Pok<U+00E9>mon Platinum,10,2020,696328,12728,20843,50,1677,937,17,54.71
175,Medieval Dynasty,10,2020,687227,28996,20248,162,2619,924,39,23.7
176,Sign of Silence,10,2020,683145,5627,43542,36,2251,919,7,121.4
177,Dying Light,10,2020,651448,39571,106181,180,6216,876,53,16.46
178,Gears 5,10,2020,635620,65160,8085,233,6690,855,87,9.75
179,Diablo III,10,2020,634987,42090,13446,103,4772,854,56,15.09
180,Microsoft Flight Simulator,10,2020,625221,49447,8613,133,4315,841,66,12.64
181,Call of Duty: Black Ops II,10,2020,623668,23071,59194,90,6832,839,31,27.03
182,GeoGuessr,10,2020,623400,9096,56090,44,2079,839,12,68.54
183,Diablo II,10,2020,620282,22850,4334,69,1265,834,30,27.15
184,Murder House,10,2020,607620,1855,53311,29,655,817,2,327.56
185,Factorio,10,2020,597892,29036,11945,94,2291,804,39,20.59
186,The Survivalists,10,2020,592542,13441,42620,176,2481,797,18,44.08
187,Conqueror's Blade,10,2020,584995,28835,26683,97,1640,787,38,20.29
188,Guild Wars 2,10,2020,574878,42453,2196,130,3060,773,57,13.54
189,Mario Kart 8,10,2020,574525,23450,27422,85,5135,773,31,24.5
190,Lineage 2,10,2020,572978,31541,3401,145,1322,771,42,18.17
191,MLB The Show 20,10,2020,569496,18257,17363,88,2988,766,24,31.19
192,Remothered: Broken Porcelain,10,2020,568626,4051,53086,79,891,765,5,140.37
193,Hollow Knight,10,2020,566788,52852,21166,145,6574,762,71,10.72
194,Song of Horror,10,2020,561582,5646,21809,49,774,755,7,99.47
195,Subnautica,10,2020,546799,48806,7467,139,6421,735,65,11.2
196,Torchlight III,10,2020,545420,13305,53172,114,1395,734,17,40.99
197,For Honor,10,2020,533283,41270,10087,134,5377,717,55,12.92
198,Second Extinction,10,2020,532011,8495,51213,112,1773,716,11,62.63
199,Arma 3,10,2020,530432,55798,14352,326,4762,713,75,9.51
200,Slay the Spire,10,2020,528444,14904,20710,47,2367,711,20,35.46
1,Just Chatting,11,2020,233960587,2867763,986105,6855,376893,325397,3988,81.58
2,League of Legends,11,2020,121085351,3392709,345045,8877,254028,168407,4718,35.69
3,Fortnite,11,2020,82963986,6162249,488655,25246,563077,115388,8570,13.46
4,Among Us,11,2020,76950746,1328891,776257,5274,250289,107024,1848,57.91
5,Minecraft,11,2020,76540606,2231010,591072,6133,282145,106454,3102,34.31
6,Counter-Strike: Global Offensive,11,2020,60714096,1297659,551755,3544,139791,84442,1804,46.79
7,World of Warcraft,11,2020,54668977,1708742,933430,25791,93850,76034,2376,31.99
8,Grand Theft Auto V,11,2020,51712871,1359793,201218,4209,116010,71923,1891,38.03
9,Call of Duty: Black Ops Cold War,11,2020,50776489,2503903,544486,23867,202264,70620,3482,20.28
10,Call of Duty: Warzone,11,2020,50195793,4121539,247838,17727,322627,69813,5732,12.18
11,FIFA 21,11,2020,47364720,987033,335704,4322,104490,65875,1372,47.99
12,Apex Legends,11,2020,43586635,2934376,266326,9790,241200,60621,4081,14.85
13,VALORANT,11,2020,41122398,1999433,145497,4730,182609,57193,2780,20.57
14,Dota 2,11,2020,40955503,626431,222257,1585,30556,56961,871,65.38
15,Hearthstone,11,2020,28364535,211687,113301,964,16215,39449,294,133.99
16,Assassin's Creed Valhalla,11,2020,25221077,749575,284130,6749,62316,35077,1042,33.65
17,Demon's Souls,11,2020,23132540,161071,222803,853,16369,32173,224,143.62
18,Music,11,2020,19822282,719705,156258,1886,42173,27569,1000,27.54
19,Dead by Daylight,11,2020,19286691,995939,94557,3242,84563,26824,1385,19.37
20,Rocket League,11,2020,19132066,1160498,147604,3245,248683,26609,1614,16.49
21,Destiny 2,11,2020,18006507,1388181,402791,20975,78270,25043,1930,12.97
22,Escape From Tarkov,11,2020,16232035,660452,131735,1506,29848,22575,918,24.58
23,Genshin Impact,11,2020,14330742,797472,77425,3038,76037,19931,1109,17.97
24,Slots,11,2020,14026248,88373,97966,224,3729,19507,122,158.72
25,Phasmophobia,11,2020,13703352,1122042,132592,8907,163492,19058,1560,12.21
26,PLAYERUNKNOWN'S BATTLEGROUNDS,11,2020,13700206,637623,74944,1363,41370,19054,886,21.49
27,Teamfight Tactics,11,2020,13299196,278058,47270,582,31758,18496,386,47.83
28,Overwatch,11,2020,12073850,749719,42175,1786,76572,16792,1042,16.1
29,Tom Clancy's Rainbow Six Siege,11,2020,11429341,850246,82802,2217,103334,15896,1182,13.44
30,NBA 2K21,11,2020,10749389,516639,79724,1609,46969,14950,718,20.81
31,Garena Free Fire,11,2020,9561880,222560,99353,613,18942,13298,309,42.96
32,Art,11,2020,9124246,543369,35533,1113,51657,12690,755,16.79
33,Call Of Duty: Modern Warfare,11,2020,8143458,2075035,161169,11495,206852,11326,2886,3.92
34,Chess,11,2020,8028058,54142,96762,160,6648,11165,75,148.28
35,Old School RuneScape,11,2020,7445561,158693,50077,408,8599,10355,220,46.92
36,Talk Shows & Podcasts,11,2020,6967035,139649,103551,432,13696,9689,194,49.89
37,Brawlhalla,11,2020,6657396,98164,165626,258,18414,9259,136,67.82
38,Poker,11,2020,6468739,84077,62779,308,4466,8996,116,76.94
39,Marvel's Spider-Man: Miles Morales,11,2020,6463474,195096,190903,1749,26812,8989,271,33.13
40,Rust,11,2020,6303313,211478,50077,752,17076,8766,294,29.81
41,ASMR,11,2020,5729430,87352,18990,162,3289,7968,121,65.59
42,Eternal Return: Black Survival,11,2020,5613284,108056,54934,405,8171,7807,150,51.95
43,StarCraft II,11,2020,5461062,64344,43611,141,4859,7595,89,84.87
44,Pok<U+00E9>mon Sword/Shield,11,2020,5449862,192604,39612,574,15076,7579,267,28.3
45,Fall Guys: Ultimate Knockout,11,2020,5273887,222244,247502,603,51787,7335,309,23.73
46,Sports,11,2020,4836830,43744,157173,159,5036,6727,60,110.57
47,Path of Exile,11,2020,4768549,136899,37191,661,6058,6632,190,34.83
48,Yakuza: Like a Dragon,11,2020,4592032,93368,41207,540,4851,6386,129,49.18
49,World of Tanks,11,2020,4260512,160965,40132,613,9312,5925,223,26.47
50,Magic: The Gathering,11,2020,4130657,81771,17985,267,6453,5745,113,50.51
51,DayZ,11,2020,4027702,186618,35884,506,13146,5601,259,21.58
52,VRChat,11,2020,4023302,92517,50325,360,9832,5595,128,43.49
53,SMITE,11,2020,3995849,204422,24941,579,16327,5557,284,19.55
54,Hades,11,2020,3456391,137448,23916,419,19081,4807,191,25.15
55,Tibia,11,2020,3448632,126263,10291,332,5219,4796,175,27.31
56,Sea of Thieves,11,2020,3432018,290694,42929,877,29024,4773,404,11.81
57,The Dark Pictures Anthology: Little Hope,11,2020,3381721,89057,93870,1669,18623,4703,123,37.97
58,Special Events,11,2020,3052893,39443,236926,210,4192,4246,54,77.4
59,Madden NFL 21,11,2020,3048244,237471,25824,1578,29634,4239,330,12.84
60,Dungeons & Dragons,11,2020,2997021,86496,84210,557,8359,4168,120,34.65
61,Black Desert Online,11,2020,2931252,134571,15276,295,6678,4076,187,21.78
62,Retro,11,2020,2802480,132839,12730,317,8670,3897,184,21.1
63,Age of Empires II,11,2020,2768163,45414,17803,131,4081,3850,63,60.95
64,Godfall,11,2020,2750024,66186,96913,751,8646,3824,92,41.55
65,Heroes of Might and Magic III: The Restoration of Erathia,11,2020,2665841,15877,15940,49,705,3707,22,167.91
66,Visage,11,2020,2654083,46163,91062,524,8496,3691,64,57.49
67,Warcraft III,11,2020,2645772,33847,41560,92,2127,3679,47,78.17
68,World of Warships,11,2020,2603755,72500,11263,203,4157,3621,100,35.91
69,Watch Dogs: Legion,11,2020,2537863,148048,50593,1059,20048,3529,205,17.14
70,Science & Technology,11,2020,2537107,172408,37329,343,8805,3528,239,14.72
71,MapleStory,11,2020,2499864,70638,23520,194,4250,3476,98,35.39
72,Diablo III,11,2020,2460084,111019,39233,1588,10462,3421,154,22.16
73,Virtual Casino,11,2020,2459756,19756,16693,64,806,3421,27,124.51
74,GlitchCon,11,2020,2311134,1392,242333,140,456,3214,1,1660.3
75,Tekken 7,11,2020,2269538,73724,48907,242,8928,3156,102,30.78
76,Super Smash Bros. Ultimate,11,2020,2160860,114804,65023,439,12154,3005,159,18.82
77,Animal Crossing: New Horizons,11,2020,2160767,92073,28416,534,11072,3005,128,23.47
78,The Elder Scrolls Online,11,2020,2148749,86462,21296,231,5922,2988,120,24.85
79,Tabletop RPGs,11,2020,2133667,19285,92285,108,1982,2967,26,110.64
80,Raft,11,2020,2025716,73908,37642,244,11533,2817,102,27.41
81,Rogue Company,11,2020,1987456,349734,90438,1464,46564,2764,486,5.68
82,Food & Drink,11,2020,1986624,36104,92482,218,6622,2763,50,55.03
83,ARK: Survival Evolved,11,2020,1980616,239794,27252,626,20083,2754,333,8.26
84,Teardown,11,2020,1966486,14577,53899,79,3463,2735,20,134.9
85,Games + Demos,11,2020,1912039,55582,57931,146,7496,2659,77,34.4
86,Dark Souls III,11,2020,1851380,152333,10893,482,18418,2574,211,12.15
87,The Sims 4,11,2020,1841878,88756,82565,298,14756,2561,123,20.75
88,Street Fighter V,11,2020,1833880,45469,44026,117,4290,2550,63,40.33
89,FINAL FANTASY XIV Online,11,2020,1826227,219617,36989,765,14818,2539,305,8.32
90,Super Smash Bros. Melee,11,2020,1784902,25192,52947,140,2895,2482,35,70.85
91,Bugsnax,11,2020,1779642,25438,55167,231,5013,2475,35,69.96
92,Heroes of the Storm,11,2020,1775270,73031,8383,199,5470,2469,101,24.31
93,Football Manager 2021,11,2020,1765883,33309,24785,333,2348,2456,46,53.02
94,War Thunder,11,2020,1723826,89507,28053,345,7856,2397,124,19.26
95,Legends of Runeterra,11,2020,1678895,28561,35112,80,2979,2335,39,58.78
96,Star Citizen,11,2020,1672216,56064,56736,284,3814,2325,77,29.83
97,osu!,11,2020,1641388,190729,24096,454,30295,2282,265,8.61
98,Diablo II,11,2020,1628429,46221,9041,190,2227,2264,64,35.23
99,Marbles On Stream,11,2020,1593669,45979,70942,132,10136,2216,63,34.66
100,Red Dead Redemption 2,11,2020,1571602,221669,27629,572,20393,2185,308,7.09
101,Hunt: Showdown,11,2020,1523797,97493,23308,313,7871,2119,135,15.63
102,Clash Royale,11,2020,1504195,24545,27474,69,3095,2092,34,61.28
103,Jackbox Party Packs,11,2020,1478505,59105,52400,418,16144,2056,82,25.01
104,Super Mario Maker 2,11,2020,1463746,32261,11438,97,2666,2035,44,45.37
105,Warframe,11,2020,1355076,116308,46086,268,9360,1884,161,11.65
106,Sekiro: Shadows Die Twice,11,2020,1352975,57404,16488,161,8791,1881,79,23.57
107,Spelunky 2,11,2020,1324181,22249,13735,70,2659,1841,30,59.52
108,7 Days to Die,11,2020,1320899,137202,10068,346,10520,1837,190,9.63
109,Mortal Kombat 11,11,2020,1293205,72425,24474,375,9044,1798,100,17.86
110,In Silence,11,2020,1263730,24761,110530,299,8908,1757,34,51.04
111,Monster Hunter: World,11,2020,1230488,128856,12277,292,12875,1711,179,9.55
112,They Are Billions,11,2020,1224093,9771,15967,31,757,1702,13,125.28
113,Summoners War: Sky Arena,11,2020,1222019,21832,42939,63,1206,1699,30,55.97
114,Project Winter,11,2020,1221405,18349,55690,133,3356,1698,25,66.57
115,iRacing,11,2020,1217903,70122,13311,427,4611,1693,97,17.37
116,Travel & Outdoors,11,2020,1200186,54680,18680,105,2381,1669,76,21.95
117,Sakuna: Of Rice and Ruin,11,2020,1199711,28624,24646,170,2221,1668,39,41.91
118,Hyrule Warriors: Age Of Calamity,11,2020,1199625,63146,31895,844,7535,1668,87,19.0
119,Dofus,11,2020,1189429,33457,8932,106,2023,1654,46,35.55
120,Roblox,11,2020,1188115,241773,21892,1422,34742,1652,336,4.91
121,Astro's Playroom,11,2020,1166665,18620,85069,264,6303,1622,25,62.66
122,Farming Simulator 19,11,2020,1143995,93076,21901,320,7309,1591,129,12.29
123,Slay the Spire,11,2020,1129617,16845,9803,50,2650,1571,23,67.06
124,Mario Kart 8,11,2020,1127414,28503,73135,157,5951,1568,39,39.55
125,Dark Souls,11,2020,1108004,70228,16706,222,8299,1541,97,15.78
126,Pok<U+00E9>mon Trading Card Game,11,2020,1098641,17913,26399,93,3030,1528,24,61.33
127,Euro Truck Simulator 2,11,2020,1081559,101940,21960,444,11261,1504,141,10.61
128,Lineage 2,11,2020,1067698,54193,8662,177,1767,1484,75,19.7
129,Raid: Shadow Legends,11,2020,1056397,18688,13869,58,1375,1469,25,56.53
130,PUBG Mobile,11,2020,1041281,91408,23497,229,6407,1448,127,11.39
131,LOST ARK,11,2020,1017257,39460,15294,155,1562,1414,54,25.78
132,F1 2020,11,2020,1016547,71422,19347,593,10403,1413,99,14.23
133,Don't Starve Together,11,2020,1009920,52344,7894,141,7223,1404,72,19.29
134,Brawl Stars,11,2020,1003940,60272,29798,219,6852,1396,83,16.66
135,Blazing Sails,11,2020,995524,6478,33145,41,1286,1384,9,153.68
136,Who Wants To Be A Millionaire,11,2020,990985,847,80661,14,397,1378,1,1169.99
137,The Legend of Zelda: Ocarina of Time,11,2020,974066,40555,16793,208,3035,1354,56,24.02
138,Super Mario 64,11,2020,963032,34158,18468,107,4197,1339,47,28.19
139,The Legend of Zelda: Breath of the Wild,11,2020,954697,58117,15699,166,5612,1327,80,16.43
140,Makers & Crafting,11,2020,949235,61551,29701,155,5312,1320,85,15.42
141,Immortals Fenyx Rising,11,2020,939430,2600,103359,116,531,1306,3,361.32
142,Pok<U+00E9>mon GO,11,2020,934328,25662,9285,148,1991,1299,35,36.41
143,Epic Seven,11,2020,930057,14757,11693,41,910,1293,20,63.02
144,The Witcher 3: Wild Hunt,11,2020,926853,86758,15692,249,9719,1289,120,10.68
145,The Forest,11,2020,921826,92843,26888,345,14729,1282,129,9.93
146,Dragon Ball FighterZ,11,2020,899064,43935,11540,143,6835,1250,61,20.46
147,Knight Online,11,2020,893744,14653,8136,61,786,1243,20,60.99
148,Call of Duty: Mobile,11,2020,886434,109777,39712,296,11399,1232,152,8.07
149,RimWorld,11,2020,884181,35940,15872,96,2691,1229,49,24.6
150,Stardew Valley,11,2020,878089,79119,15858,217,11995,1221,110,11.1
151,Pummel Party,11,2020,861215,16516,93228,123,5180,1197,22,52.14
152,Noita,11,2020,858867,20665,19222,59,2681,1194,28,41.56
153,Krunker,11,2020,832791,37324,47114,110,4706,1158,51,22.31
154,The Elder Scrolls V: Skyrim,11,2020,815667,108492,21018,261,11542,1134,150,7.52
155,Korean Baseball League,11,2020,810420,1464,38731,21,2,1127,2,553.57
156,Hollow Knight,11,2020,800853,139622,14176,392,17671,1113,194,5.74
157,Detroit: Become Human,11,2020,793138,22626,18615,73,4764,1103,31,35.05
158,Who Wants to Be a Millionaire,11,2020,784994,839,109631,10,360,1091,1,935.63
159,Halo: The Master Chief Collection,11,2020,767952,107271,20384,509,14158,1068,149,7.16
160,Quiplash 2 InterLASHional,11,2020,764299,712,136117,26,308,1063,0,1073.45
161,Paladins,11,2020,763800,90933,2493,234,11469,1062,126,8.4
162,Conqueror's Blade,11,2020,750741,33235,15299,117,2024,1044,46,22.59
163,Super Mario World,11,2020,750435,17479,7245,58,1929,1043,24,42.93
164,Firefighting Simulator,11,2020,734113,6260,53385,77,1514,1021,8,117.27
165,Golf With Your Friends,11,2020,728203,14987,86370,86,5173,1012,20,48.59
166,Albion Online,11,2020,724280,46885,2748,108,2525,1007,65,15.45
167,Gears 5,11,2020,716227,74875,12073,325,7802,996,104,9.57
168,StarCraft,11,2020,710624,14700,28839,41,1165,988,20,48.34
169,GeoGuessr,11,2020,703936,10953,40176,46,2456,979,15,64.27
170,Until Dawn,11,2020,700935,6317,91431,118,2430,974,8,110.96
171,Watch Parties,11,2020,698544,18809,18405,169,5365,971,26,37.14
172,Total War: Warhammer II,11,2020,695561,20658,24311,73,1705,967,28,33.67
173,Subnautica,11,2020,694559,56220,9955,176,7272,966,78,12.35
174,Borderlands 3,11,2020,683268,56902,13216,171,6740,950,79,12.01
175,Squad,11,2020,682590,35418,27700,118,3748,949,49,19.27
176,Ghost of Tsushima,11,2020,682428,119999,18005,416,11963,949,166,5.69
177,Yu-Gi-Oh! Duel Links,11,2020,674357,22301,5505,71,2248,937,31,30.24
178,Ghostrunner,11,2020,671474,34214,22853,203,8024,933,47,19.63
179,Stream Raiders,11,2020,671274,34711,3327,126,1582,933,48,19.34
180,RuneScape,11,2020,666714,49850,8816,148,3551,927,69,13.37
181,Resident Evil 2,11,2020,665067,47195,8355,327,7028,924,65,14.09
182,Penn & Teller's Smoke and Mirrors,11,2020,659943,185,6033,2,5,917,0,3567.26
183,Friday the 13th: The Game,11,2020,648659,27330,114038,436,5445,902,38,23.73
184,Call of Duty: Black Ops III,11,2020,639184,127282,9635,437,19735,888,177,5.02
185,Gwent: The Witcher Card Game,11,2020,634404,14770,2889,48,945,882,20,42.95
186,Garry's Mod,11,2020,631660,24053,27883,104,4995,878,33,26.26
187,skribbl.io,11,2020,630292,18463,112684,117,9698,876,25,34.14
188,Politics,11,2020,627618,20576,21920,346,1277,872,28,30.5
189,NHL 21,11,2020,623066,35362,4781,198,7274,866,49,17.62
190,Call of Duty: Black Ops 4,11,2020,620949,132847,5657,449,12449,863,184,4.67
191,Five Dates,11,2020,591292,2411,44089,36,984,822,3,245.25
192,Microsoft Flight Simulator,11,2020,588700,41425,18605,143,3535,818,57,14.21
193,Fallout 76,11,2020,586992,73962,17644,262,5948,816,102,7.94
194,Sid Meier's Civilization VI,11,2020,583169,28971,10788,116,3424,811,40,20.13
195,Terraria,11,2020,575874,96416,16798,253,12317,800,134,5.97
196,Guild Wars 2,11,2020,569961,41574,2074,122,2881,792,57,13.71
197,League of Legends: Wild Rift,11,2020,567605,29096,30024,116,2292,789,40,19.51
198,Alien: Isolation,11,2020,559418,34388,15486,391,6744,778,47,16.27
199,The Binding of Isaac: Afterbirth,11,2020,557210,26707,6853,83,4037,774,37,20.86
200,Forza Horizon 4,11,2020,539775,79944,25448,232,12391,750,111,6.75
1,Just Chatting,12,2020,248573448,3149975,1117874,8817,413135,334553,4239,78.91
2,Fortnite,12,2020,108692225,7231028,1585293,129860,667652,146288,9732,15.03
3,League of Legends,12,2020,96413165,3297197,318449,7979,247003,129761,4437,29.24
4,World of Warcraft,12,2020,90202480,2343848,411898,11273,108723,121403,3154,38.48
5,Minecraft,12,2020,72142619,2736322,591932,7060,346527,97096,3682,26.36
6,Call of Duty: Warzone,12,2020,65844965,2460572,343398,7996,174916,88620,3311,26.76
7,Cyberpunk 2077,12,2020,63683090,2587517,1126038,35125,232288,85710,3482,24.61
8,Grand Theft Auto V,12,2020,61709131,1807602,262859,6530,172265,83054,2432,34.14
9,Counter-Strike: Global Offensive,12,2020,60757021,1426365,387473,3961,154721,81772,1919,42.6
10,Escape From Tarkov,12,2020,57062005,998798,418894,3710,45168,76799,1344,57.13
11,Among Us,12,2020,50435363,898171,493501,3332,178817,67880,1208,56.15
12,FIFA 21,12,2020,43110526,902019,304406,3646,102912,58022,1214,47.79
13,Dota 2,12,2020,42881664,631156,243589,1506,30337,57714,849,67.94
14,VALORANT,12,2020,42375108,2174160,286887,4958,197181,57032,2926,19.49
15,Apex Legends,12,2020,35472272,2536048,149460,5828,208690,47741,3413,13.99
16,Hearthstone,12,2020,25720299,195280,84878,480,14402,34616,262,131.71
17,Rocket League,12,2020,22353684,1246148,139113,3372,265728,30085,1677,17.94
18,Music,12,2020,21893184,783176,152685,2892,45618,29465,1054,27.95
19,Dead by Daylight,12,2020,19981739,1048473,79655,2857,83419,26893,1411,19.06
20,Rust,12,2020,19209195,251897,330443,877,21980,25853,339,76.26
21,Call of Duty: Black Ops Cold War,12,2020,18211346,1829893,103314,5757,176857,24510,2462,9.95
22,Slots,12,2020,16070719,92948,103703,226,4584,21629,125,172.9
23,Special Events,12,2020,14574010,63453,2058657,6896,12314,19615,85,229.68
24,Overwatch,12,2020,13597110,798761,95650,2056,82400,18300,1075,17.02
25,Genshin Impact,12,2020,12721346,660077,98644,3349,60414,17121,888,19.27
26,Chess,12,2020,12107143,76445,96998,203,10640,16294,102,158.38
27,PLAYERUNKNOWN'S BATTLEGROUNDS,12,2020,11247123,665913,78588,1364,43142,15137,896,16.89
28,Garena Free Fire,12,2020,11180884,238619,301456,612,20425,15048,321,46.86
29,Tom Clancy's Rainbow Six Siege,12,2020,11040735,1049311,63981,2589,124865,14859,1412,10.52
30,Teamfight Tactics,12,2020,10343994,241947,43424,510,27691,13921,325,42.75
31,Call Of Duty: Modern Warfare,12,2020,10016794,4129393,43174,11277,299053,13481,5557,2.43
32,Art,12,2020,9085376,551803,109763,1130,53957,12227,742,16.46
33,Eternal Return: Black Survival,12,2020,8658588,148566,85642,568,10967,11653,199,58.28
34,DayZ,12,2020,8114860,236150,59851,605,17342,10921,317,34.36
35,Destiny 2,12,2020,8042552,773754,55622,2931,56761,10824,1041,10.39
36,Phasmophobia,12,2020,6922034,639238,88767,2373,110260,9316,860,10.83
37,World of Tanks,12,2020,6870777,213893,38278,655,11872,9247,287,32.12
38,Sports,12,2020,6337358,45393,173946,154,4990,8529,61,139.61
39,Fall Guys: Ultimate Knockout,12,2020,6140810,245465,307786,1210,53766,8264,330,25.02
40,Talk Shows & Podcasts,12,2020,6008685,147723,83184,563,13955,8087,198,40.68
41,ASMR,12,2020,5872050,90035,17094,168,3629,7903,121,65.22
42,NBA 2K21,12,2020,5744707,531210,151940,1555,46862,7731,714,10.81
43,Poker,12,2020,5594114,83269,92878,336,4671,7529,112,67.18
44,Black Desert Online,12,2020,4764346,159945,37514,554,8159,6412,215,29.79
45,Sea of Thieves,12,2020,4201273,318665,57023,1151,33662,5654,428,13.18
46,Magic: The Gathering,12,2020,4179910,77018,42987,210,6185,5625,103,54.27
47,StarCraft II,12,2020,4072316,61821,37263,135,4549,5480,83,65.87
48,Old School RuneScape,12,2020,3970486,122350,22012,282,6652,5343,164,32.45
49,Immortals Fenyx Rising,12,2020,3896212,82480,96012,696,8385,5243,111,47.24
50,Path of Exile,12,2020,3886274,117463,30439,949,5413,5230,158,33.09
51,Retro,12,2020,3858017,144568,25701,313,9292,5192,194,26.69
52,Tibia,12,2020,3831212,146599,9912,384,5407,5156,197,26.13
53,Raft,12,2020,3790376,104430,65152,450,17047,5101,140,36.3
54,VRChat,12,2020,3699886,101031,51764,393,10451,4979,135,36.62
55,SMITE,12,2020,3510922,200209,12971,555,16680,4725,269,17.54
56,FINAL FANTASY XIV Online,12,2020,3444967,435487,29413,2459,21285,4636,586,7.91
57,World of Warships,12,2020,3411814,77748,62728,198,4202,4591,104,43.88
58,Demon's Souls,12,2020,3359767,104854,48928,401,11023,4521,141,32.04
59,Hunt: Showdown,12,2020,3239790,122757,35387,368,9150,4360,165,26.39
60,Mario Kart 8,12,2020,3063484,36714,83507,149,7923,4123,49,83.44
61,Jackbox Party Packs,12,2020,3039354,62453,118380,380,18471,4090,84,48.67
62,Madden NFL 21,12,2020,3039333,251612,109879,880,27007,4090,338,12.08
63,Pok<U+00E9>mon Sword/Shield,12,2020,3037611,142114,23832,362,11567,4088,191,21.37
64,League of Legends: Wild Rift,12,2020,3003358,68664,82519,285,6200,4042,92,43.74
65,Super Smash Bros. Ultimate,12,2020,2999020,144718,107534,1459,16888,4036,194,20.72
66,Aim Gods,12,2020,2919980,18495,108965,576,3704,3929,24,157.88
67,MapleStory,12,2020,2785839,101260,20464,427,6435,3749,136,27.51
68,Dungeons & Dragons,12,2020,2764052,76445,72421,464,7672,3720,102,36.16
69,Assassin's Creed Valhalla,12,2020,2747810,253591,37260,1073,31710,3698,341,10.84
70,Age of Empires II,12,2020,2721869,48943,33090,142,4223,3663,65,55.61
71,Animal Crossing: New Horizons,12,2020,2586079,107247,38420,337,13072,3480,144,24.11
72,Heroes of Might and Magic III: The Restoration of Erathia,12,2020,2579052,17580,18960,56,734,3471,23,146.7
73,Spelunky 2,12,2020,2527333,21363,24251,74,2650,3401,28,118.3
74,Stardew Valley,12,2020,2525032,154976,30624,715,23020,3398,208,16.29
75,Back 4 Blood,12,2020,2410362,23282,155656,1310,6390,3244,31,103.53
76,Hades,12,2020,2364714,128707,74738,384,19608,3182,173,18.37
77,Games + Demos,12,2020,2295200,57894,65959,132,8066,3089,77,39.64
78,Super Smash Bros. Melee,12,2020,2270169,28915,72236,108,3429,3055,38,78.51
79,The Elder Scrolls Online,12,2020,2258462,94068,29125,251,6811,3039,126,24.01
80,Food & Drink,12,2020,2240444,43208,90833,135,8311,3015,58,51.85
81,Science & Technology,12,2020,2145641,170846,11872,360,8805,2887,229,12.56
82,Yakuza: Like a Dragon,12,2020,2143165,58497,29447,206,3992,2884,78,36.64
83,Virtual Casino,12,2020,2103798,12132,19296,43,1041,2831,16,173.41
84,Football Manager 2021,12,2020,2070512,40356,24131,146,2673,2786,54,51.31
85,Super Mario Maker 2,12,2020,2044996,34303,72927,114,3099,2752,46,59.62
86,ARK: Survival Evolved,12,2020,1984514,270661,14509,695,22907,2670,364,7.33
87,Dark Souls III,12,2020,1922373,175104,12053,467,20488,2587,235,10.98
88,Warcraft III,12,2020,1876591,35060,24979,89,1830,2525,47,53.53
89,Legends of Runeterra,12,2020,1778136,33761,37120,160,3375,2393,45,52.67
90,Heroes of the Storm,12,2020,1761418,72118,7890,163,5078,2370,97,24.42
91,F1 2020,12,2020,1717209,79714,73381,548,13025,2311,107,21.54
92,Tabletop RPGs,12,2020,1715314,16722,77909,107,1861,2308,22,102.58
93,Red Dead Redemption 2,12,2020,1676641,277439,27213,739,27546,2256,373,6.04
94,Spellbreak,12,2020,1667843,41936,78725,212,7972,2244,56,39.77
95,Clash Royale,12,2020,1661297,28693,21148,75,3757,2235,38,57.9
96,Roblox,12,2020,1619003,287411,127222,692,41648,2179,386,5.63
97,Don't Starve Together,12,2020,1617267,63050,13977,158,8416,2176,84,25.65
98,The Sims 4,12,2020,1617207,88747,33657,245,15294,2176,119,18.22
99,Marbles On Stream,12,2020,1589379,55572,14132,153,11921,2139,74,28.6
100,Bloons TD 6,12,2020,1570568,27015,66316,132,5600,2113,36,58.14
101,War Thunder,12,2020,1550956,93093,24085,335,7859,2087,125,16.66
102,Tekken 7,12,2020,1515554,62516,45874,143,7980,2039,84,24.24
103,StarCraft,12,2020,1511704,18550,56140,53,1348,2034,24,81.49
104,Street Fighter V,12,2020,1487591,46113,21371,119,4282,2002,62,32.26
105,Star Citizen,12,2020,1480988,54371,15966,188,3384,1993,73,27.24
106,osu!,12,2020,1420666,202204,35849,436,32173,1912,272,7.03
107,Travel & Outdoors,12,2020,1411068,59453,41537,115,2477,1899,80,23.73
108,Super Mario 64,12,2020,1408005,33306,16075,95,4132,1895,44,42.27
109,7 Days to Die,12,2020,1389434,129851,9909,339,10519,1870,174,10.7
110,Golf It!,12,2020,1376590,7291,97994,45,2630,1852,9,188.81
111,Pok<U+00E9>mon Trading Card Game,12,2020,1374086,30048,18994,128,4635,1849,40,45.73
112,Slay the Spire,12,2020,1342640,21279,9087,59,3196,1807,28,63.1
113,Golf With Your Friends,12,2020,1338418,18122,75556,85,6190,1801,24,73.86
114,Rogue Company,12,2020,1336172,216039,41768,688,27958,1798,290,6.18
115,Who Wants To Be A Millionaire,12,2020,1321193,682,90542,10,343,1778,0,1937.23
116,Farming Simulator 19,12,2020,1307920,91228,35698,304,7371,1760,122,14.34
117,PUBG Mobile,12,2020,1266128,112699,17824,295,8005,1704,151,11.23
118,iRacing,12,2020,1249928,76100,8275,472,5187,1682,102,16.42
119,Mortal Kombat 11,12,2020,1246965,65024,18466,204,8410,1678,87,19.18
120,GeoGuessr,12,2020,1236063,13729,86589,84,3109,1663,18,90.03
121,Dark Souls,12,2020,1200476,69134,30673,214,7921,1615,93,17.36
122,Euro Truck Simulator 2,12,2020,1198546,126271,27353,503,14023,1613,169,9.49
123,Lineage 2,12,2020,1193210,64084,7784,178,1714,1605,86,18.62
124,Gwent: The Witcher Card Game,12,2020,1189720,17328,18301,90,1110,1601,23,68.66
125,Dragon Quest XI: Echoes of an Elusive Age,12,2020,1138629,29845,21378,102,2898,1532,40,38.15
126,Super Mario World,12,2020,1131783,20069,11508,62,2034,1523,27,56.39
127,Pummel Party,12,2020,1098967,26644,42748,193,8066,1479,35,41.25
128,Dragon Ball FighterZ,12,2020,1092978,52197,34653,169,8224,1471,70,20.94
129,Monster Hunter: World,12,2020,1070676,127412,10939,304,13576,1441,171,8.4
130,Summoners War: Sky Arena,12,2020,1064019,22105,8600,58,1360,1432,29,48.13
131,Warframe,12,2020,1061985,117687,31573,327,9720,1429,158,9.02
132,Cuphead,12,2020,1056322,37553,88216,119,8998,1421,50,28.13
133,Brawl Stars,12,2020,1040174,85935,25978,287,10148,1399,115,12.1
134,Pok<U+00E9>mon GO,12,2020,1037588,28736,7890,135,2205,1396,38,36.11
135,Hollow Knight,12,2020,1018361,106854,25159,291,13017,1370,143,9.53
136,The Legend of Zelda: Breath of the Wild,12,2020,1014975,56336,55161,161,5636,1366,75,18.02
137,The Forest,12,2020,1006939,121462,34903,649,19827,1355,163,8.29
138,Marvel's Spider-Man: Miles Morales,12,2020,1003401,91720,68126,320,13914,1350,123,10.94
139,Raid: Shadow Legends,12,2020,997078,21353,8393,61,1655,1341,28,46.69
140,Knight Online,12,2020,990958,18586,9769,73,949,1333,25,53.32
141,Call of Duty: Mobile,12,2020,983754,140777,39791,347,14160,1324,189,6.99
142,Brawlhalla,12,2020,971429,98801,69884,258,19467,1307,132,9.83
143,Makers & Crafting,12,2020,962524,71419,9173,175,6297,1295,96,13.48
144,The Elder Scrolls V: Skyrim,12,2020,934734,138481,8384,356,15122,1258,186,6.75
145,Epic Seven,12,2020,923386,15087,13191,50,921,1242,20,61.2
146,Twitch Sings,12,2020,922521,43681,20776,417,8557,1241,58,21.12
147,Pok<U+00E9>mon FireRed/LeafGreen,12,2020,908045,25237,23577,86,3372,1222,33,35.98
148,skribbl.io,12,2020,903671,23987,264420,149,12734,1216,32,37.67
149,Halo: The Master Chief Collection,12,2020,900982,114148,27725,394,14703,1212,153,7.89
150,Gears 5,12,2020,897846,82765,13419,278,8663,1208,111,10.85
151,The Witcher 3: Wild Hunt,12,2020,886772,78731,15231,235,9657,1193,105,11.26
152,Sekiro: Shadows Die Twice,12,2020,884037,43373,12380,126,6781,1189,58,20.38
153,RimWorld,12,2020,876688,35331,6435,99,2771,1179,47,24.81
154,Diablo III,12,2020,876607,78474,5000,269,7626,1179,105,11.17
155,Bloodborne,12,2020,872406,67013,17182,173,7406,1174,90,13.02
156,LOST ARK,12,2020,864585,33719,11612,132,1289,1163,45,25.64
157,They Are Billions,12,2020,849148,8944,11545,28,630,1142,12,94.94
158,Dofus,12,2020,848603,24494,8667,79,1544,1142,32,34.65
159,The Legend of Zelda: Ocarina of Time,12,2020,840159,43235,57580,231,3295,1130,58,19.43
160,Yu-Gi-Oh! Duel Links,12,2020,837947,21668,6328,63,2236,1127,29,38.67
161,Diablo II,12,2020,825298,33121,6700,90,1582,1110,44,24.92
162,Total War: Warhammer II,12,2020,799840,27517,11189,209,2324,1076,37,29.07
163,Conqueror's Blade,12,2020,797975,30474,47589,101,1815,1073,41,26.19
164,Outward,12,2020,786290,12620,16433,56,1443,1058,16,62.31
165,Stream Raiders,12,2020,784982,30329,4098,101,1310,1056,40,25.88
166,Paladins,12,2020,773159,89813,6197,225,11337,1040,120,8.61
167,Clubhouse Games: 51 Worldwide Classics,12,2020,751877,911,83717,7,318,1011,1,825.33
168,Detroit: Become Human,12,2020,751628,19625,90525,75,4721,1011,26,38.3
169,RuneScape,12,2020,748311,48068,8018,120,3281,1007,64,15.57
170,The Binding of Isaac: Afterbirth,12,2020,742698,27474,12574,83,4203,999,36,27.03
171,Watch Parties,12,2020,734386,16247,60148,61,4731,988,21,45.2
172,Terraria,12,2020,731117,98903,5486,265,13033,984,133,7.39
173,Metin2,12,2020,726045,25554,4081,86,1984,977,34,28.41
174,Slam Dunk,12,2020,722728,8365,7264,32,400,972,11,86.4
175,Pok<U+00E9>mon HeartGold/SoulSilver,12,2020,721007,20067,27266,84,2742,970,27,35.93
176,Krunker,12,2020,687702,37049,18610,95,5237,925,49,18.56
177,Codenames,12,2020,687599,3039,62089,27,930,925,4,226.26
178,Barbie Horse Adventures: Wild Horse Rescue,12,2020,687036,6467,4377,33,384,924,8,106.24
179,Albion Online,12,2020,678411,43987,2635,105,2439,913,59,15.42
180,For Honor,12,2020,670253,49644,8576,191,6249,902,66,13.5
181,Oxygen Not Included,12,2020,636007,22579,13469,80,2367,855,30,28.17
182,Anime Land,12,2020,626629,6573,3020,21,403,843,8,95.33
183,Left 4 Dead 2,12,2020,617853,56808,35057,223,13301,831,76,10.88
184,Garry's Mod,12,2020,606323,25966,10635,103,5359,816,34,23.35
185,Darkest Dungeon,12,2020,600565,24203,11304,117,3609,808,32,24.81
186,SnowRunner,12,2020,586783,39137,20398,127,3670,789,52,14.99
187,Guild Wars 2,12,2020,565850,40325,1796,121,2767,761,54,14.03
188,Project Winter,12,2020,553213,8343,59411,44,1410,744,11,66.31
189,Sid Meier's Civilization VI,12,2020,549659,27764,10852,101,3352,739,37,19.8
190,NHL 21,12,2020,547038,33041,4451,172,7982,736,44,16.56
191,Kartrider,12,2020,546018,21389,7399,88,2169,734,28,25.53
192,A Way Out,12,2020,544924,23367,51334,91,4762,733,31,23.32
193,God of War,12,2020,544045,73195,11218,212,8271,732,98,7.43
194,Microsoft Flight Simulator,12,2020,543186,42871,13445,140,3603,731,57,12.67
195,Forza Horizon 4,12,2020,542922,88397,6592,241,14010,730,118,6.14
196,Visage,12,2020,524013,18022,16424,78,3960,705,24,29.08
197,Outlast,12,2020,519209,27662,97966,107,8728,698,37,18.77
198,Call of the Sea,12,2020,515643,8380,45252,104,1806,694,11,61.53
199,Fallout 76,12,2020,515422,79420,3226,201,6147,693,106,6.49
200,Lineage: The Blood Pledge,12,2020,513380,12613,5460,24,43,690,16,40.7
1,Just Chatting,1,2021,248144653,3420670,2787896,8240,464702,333976,4603,72.54
2,Rust,1,2021,190468488,1147089,1373791,3249,91592,256350,1543,166.05
3,League of Legends,1,2021,170781975,4354400,689503,11606,294795,229854,5860,39.22
4,Escape From Tarkov,1,2021,110847591,1594856,441410,4268,67458,149189,2146,69.5
5,Fortnite,1,2021,101306583,7396984,997440,19348,689937,136348,9955,13.7
6,Minecraft,1,2021,80076090,3591863,931417,9865,443494,107774,4834,22.29
7,Call of Duty: Warzone,1,2021,80057408,3304045,424575,9097,225044,107748,4446,24.23
8,Grand Theft Auto V,1,2021,74060698,2032778,327587,5660,185072,99677,2735,36.43
9,Counter-Strike: Global Offensive,1,2021,60899705,1669538,592921,4598,178120,81964,2247,36.48
10,FIFA 21,1,2021,55385122,1180415,837094,7733,137198,74542,1588,46.92
11,VALORANT,1,2021,54529695,3001295,227959,7100,258468,73391,4039,18.17
12,World of Warcraft,1,2021,44718092,1906856,146763,6800,91451,60185,2566,23.45
13,Dota 2,1,2021,39545934,721543,153186,1810,33400,53224,971,54.81
14,Apex Legends,1,2021,36579530,2836621,154317,7377,232847,49232,3817,12.9
15,Among Us,1,2021,31244138,661043,269117,2436,139022,42051,889,47.26
16,Music,1,2021,26059223,874666,139051,2873,53538,35072,1177,29.79
17,Hearthstone,1,2021,24208283,203848,71807,502,15518,32581,274,118.76
18,Rocket League,1,2021,23152587,1395752,147234,3824,293877,31160,1878,16.59
19,Path of Exile,1,2021,21259181,360277,295628,4123,16957,28612,484,59.01
20,Dead by Daylight,1,2021,20368547,1164712,70745,2752,94512,27413,1567,17.49
21,Chess,1,2021,18345889,103462,152923,342,15850,24691,139,177.32
22,Slots,1,2021,18089830,109076,65621,281,5223,24347,146,165.85
23,Tom Clancy's Rainbow Six Siege,1,2021,17494442,1270903,106881,3415,148541,23545,1710,13.77
24,Overwatch,1,2021,15430328,945335,61609,2069,94343,20767,1272,16.32
25,Genshin Impact,1,2021,12813745,611069,108838,2100,59438,17245,822,20.97
26,Teamfight Tactics,1,2021,12435507,305854,67083,1300,36735,16736,411,40.66
27,PLAYERUNKNOWN'S BATTLEGROUNDS,1,2021,11953142,718778,157160,1521,46576,16087,967,16.63
28,Call of Duty: Black Ops Cold War,1,2021,11680099,1420521,83962,4166,153514,15720,1911,8.22
29,Call Of Duty: Modern Warfare,1,2021,11218009,4948200,41712,13547,362233,15098,6659,2.27
30,Art,1,2021,10348738,640927,38255,1381,62346,13928,862,16.15
31,Garena Free Fire,1,2021,9916285,291370,73508,771,26400,13346,392,34.03
32,SMITE,1,2021,7767850,259115,97040,873,20972,10454,348,29.98
33,Mario Kart 8,1,2021,7738485,61811,156188,340,11713,10415,83,125.2
34,Poker,1,2021,7674703,101079,62257,373,5675,10329,136,75.93
35,Stardew Valley,1,2021,7548952,316734,42766,767,37286,10160,426,23.83
36,Eternal Return: Black Survival,1,2021,7062779,155076,73707,430,12573,9505,208,45.54
37,Bloons TD 6,1,2021,6791171,76607,70898,235,13867,9140,103,88.65
38,Sports,1,2021,6790120,55826,147178,194,6803,9138,75,121.63
39,Talk Shows & Podcasts,1,2021,6649443,162573,98387,498,15929,8949,218,40.9
40,Destiny 2,1,2021,6369404,614106,22283,1826,46462,8572,826,10.37
41,ASMR,1,2021,6235768,101334,18382,190,4501,8392,136,61.54
42,World of Tanks,1,2021,6234773,210941,36501,672,12220,8391,283,29.56
43,NBA 2K21,1,2021,5951306,620744,38259,1840,55995,8009,835,9.59
44,HITMAN 3,1,2021,5699993,74232,202902,909,11193,7671,99,76.79
45,Phasmophobia,1,2021,5523702,588735,66599,1901,103416,7434,792,9.38
46,Sea of Thieves,1,2021,5265966,475480,62563,1582,49740,7087,639,11.08
47,DayZ,1,2021,4805164,282908,65761,682,20551,6467,380,16.98
48,Old School RuneScape,1,2021,4737942,134357,15853,292,7705,6376,180,35.26
49,Magic: The Gathering,1,2021,4633784,96536,37983,449,7859,6236,129,48.0
50,Black Desert Online,1,2021,4327527,183112,13036,391,9275,5824,246,23.63
51,Pok<U+00E9>mon Sword/Shield,1,2021,4121232,163571,70186,400,12944,5546,220,25.2
52,StarCraft II,1,2021,3964940,66001,35917,147,4723,5336,88,60.07
53,Fall Guys: Ultimate Knockout,1,2021,3880897,225725,57818,574,49867,5223,303,17.19
54,Jackbox Party Packs,1,2021,3795400,76692,235199,837,21516,5108,103,49.49
55,Retro,1,2021,3731008,161951,18468,356,10809,5021,217,23.04
56,Age of Empires II,1,2021,3632218,57995,27875,154,5072,4888,78,62.63
57,Tibia,1,2021,3606365,157611,12501,426,5809,4853,212,22.88
58,Cyberpunk 2077,1,2021,3525001,445251,32236,1632,43231,4744,599,7.92
59,VRChat,1,2021,3403258,109989,35446,531,12124,4580,148,30.94
60,Pok<U+00E9>mon Trading Card Game,1,2021,3133736,45505,97945,173,6325,4217,61,68.87
61,World of Warships,1,2021,3101612,84013,13211,216,4737,4174,113,36.92
62,Madden NFL 21,1,2021,3084724,280943,38756,985,31621,4151,378,10.98
63,Dungeons & Dragons,1,2021,3064097,94522,88232,536,8875,4123,127,32.42
64,MapleStory,1,2021,3028698,107564,18630,309,6319,4076,144,28.16
65,Heroes of Might and Magic III: The Restoration of Erathia,1,2021,2914702,21367,13677,75,929,3922,28,136.41
66,The Elder Scrolls Online,1,2021,2898143,114003,107828,343,8218,3900,153,25.42
67,The Medium,1,2021,2878080,56820,185362,1945,12887,3873,76,50.65
68,FINAL FANTASY XIV Online,1,2021,2870817,368697,16337,1711,21760,3863,496,7.79
69,Raft,1,2021,2792826,138873,55492,442,21549,3758,186,20.11
70,Dark Souls III,1,2021,2655310,189975,26659,430,20894,3573,255,13.98
71,Spelunky 2,1,2021,2625405,22369,37679,61,2679,3533,30,117.37
72,Virtual Casino,1,2021,2563456,12752,39562,46,1353,3450,17,201.02
73,GeoGuessr,1,2021,2480483,32047,124817,139,7171,3338,43,77.4
74,Animal Crossing: New Horizons,1,2021,2467615,109758,17645,527,12818,3321,147,22.48
75,Star Wars Battlefront II,1,2021,2456975,256408,73018,1537,61994,3306,345,9.58
76,LOST ARK,1,2021,2448254,44420,34441,163,1638,3295,59,55.12
77,ARK: Survival Evolved,1,2021,2435003,362311,12065,948,31588,3277,487,6.72
78,Super Mario 64,1,2021,2416347,43662,153576,133,5221,3252,58,55.34
79,Science & Technology,1,2021,2410807,193471,28167,391,9749,3244,260,12.46
80,Don't Starve Together,1,2021,2385739,70084,88541,177,8984,3210,94,34.04
81,Roblox,1,2021,2382194,338849,205850,872,52064,3206,456,7.03
82,Super Smash Bros. Ultimate,1,2021,2380637,148042,25340,518,16204,3204,199,16.08
83,Games + Demos,1,2021,2360001,60313,67470,142,8539,3176,81,39.13
84,Hades,1,2021,2359831,147655,125095,447,21202,3176,198,15.98
85,iRacing,1,2021,2133238,132219,30759,2084,7140,2871,177,16.13
86,Super Mario Maker 2,1,2021,2070739,39989,82402,111,3628,2786,53,51.78
87,Clash Royale,1,2021,2068418,33650,17204,85,4413,2783,45,61.47
88,Warcraft III,1,2021,2042572,38356,129602,89,2117,2749,51,53.25
89,Special Events,1,2021,1933120,35650,127208,995,4758,2601,47,54.22
90,Pummel Party,1,2021,1921301,33507,185358,211,9616,2585,45,57.34
91,Slay the Spire,1,2021,1870558,25323,11970,63,3741,2517,34,73.87
92,The Sims 4,1,2021,1858854,112933,14942,383,18640,2501,151,16.46
93,osu!,1,2021,1841116,222899,16913,529,36322,2477,299,8.26
94,Heroes of the Storm,1,2021,1839363,81736,12897,208,5807,2475,110,22.5
95,Skul: The Hero Slayer,1,2021,1831057,32768,39947,207,5316,2464,44,55.88
96,Red Dead Redemption 2,1,2021,1798371,296283,33914,699,27793,2420,398,6.07
97,The Forest,1,2021,1668115,229930,32135,682,32810,2245,309,7.25
98,Dragon Ball FighterZ,1,2021,1666347,76203,31142,317,12222,2242,102,21.87
99,Terraria,1,2021,1665269,120082,46914,326,15868,2241,161,13.87
100,Marbles On Stream,1,2021,1660492,61535,12670,178,13353,2234,82,26.98
101,Food & Drink,1,2021,1646156,38723,32924,117,7488,2215,52,42.51
102,The Legend of Zelda: Breath of the Wild,1,2021,1597038,76422,50615,185,7188,2149,102,20.9
103,Monster Hunter: World,1,2021,1589793,162954,15800,334,16711,2139,219,9.76
104,Football Manager 2021,1,2021,1571728,40765,23864,141,2844,2115,54,38.56
105,7 Days to Die,1,2021,1554041,165771,26704,404,12949,2091,223,9.37
106,Hunt: Showdown,1,2021,1489352,135410,5736,389,10147,2004,182,11.0
107,Farming Simulator 19,1,2021,1466833,105204,18862,372,8484,1974,141,13.94
108,Eco,1,2021,1456513,15318,10414,69,1092,1960,20,95.09
109,Super Mario World,1,2021,1449940,23708,68292,74,2400,1951,31,61.16
110,Demon's Souls,1,2021,1428649,63043,25267,201,6886,1922,84,22.66
111,Street Fighter V,1,2021,1388220,49038,31577,128,4588,1868,66,28.31
112,Gartic Phone,1,2021,1386884,21898,113158,245,8757,1866,29,63.33
113,The Elder Scrolls V: Skyrim,1,2021,1350545,167379,109306,391,17560,1817,225,8.07
114,Assassin's Creed Valhalla,1,2021,1324582,175570,16042,459,21029,1782,236,7.54
115,PUBG Mobile,1,2021,1311028,126104,25898,317,9002,1764,169,10.4
116,Dark Souls,1,2021,1305313,76507,14170,202,8282,1756,102,17.06
117,League of Legends: Wild Rift,1,2021,1296016,68615,16629,177,5064,1744,92,18.89
118,Travel & Outdoors,1,2021,1291035,65082,9671,114,2841,1737,87,19.84
119,Lineage 2,1,2021,1275468,75015,9291,221,2048,1716,100,17.0
120,RimWorld,1,2021,1262018,45851,18532,117,3546,1698,61,27.52
121,Monster Hunter Rise,1,2021,1245095,30502,63492,583,7193,1675,41,40.82
122,Sekiro: Shadows Die Twice,1,2021,1236837,51027,164242,119,7257,1664,68,24.24
123,Legends of Runeterra,1,2021,1236353,33113,32567,88,3352,1664,44,37.34
124,Raid: Shadow Legends,1,2021,1236113,25688,26119,74,1983,1663,34,48.12
125,Tekken 7,1,2021,1235924,63175,19366,129,8301,1663,85,19.56
126,Hollow Knight,1,2021,1235736,117767,7507,294,13886,1663,158,10.49
127,F1 2020,1,2021,1222014,91876,62152,677,14024,1644,123,13.3
128,Brawl Stars,1,2021,1220985,108848,8200,343,14019,1643,146,11.22
129,Euro Truck Simulator 2,1,2021,1180039,139367,16386,526,14904,1588,187,8.47
130,At Dead Of Night,1,2021,1156218,6388,29550,36,1285,1556,8,181.0
131,Super Smash Bros. Melee,1,2021,1153467,31732,31073,137,3646,1552,42,36.35
132,Epic Seven,1,2021,1151577,19072,15010,58,1100,1549,25,60.38
133,The Legend of Zelda: Ocarina of Time,1,2021,1138012,46578,113833,242,3729,1531,62,24.43
134,Codenames,1,2021,1134298,5888,39371,65,1665,1526,7,192.65
135,Pok<U+00E9>mon GO,1,2021,1113622,30980,6141,167,2501,1498,41,35.95
136,Rogue Company,1,2021,1101331,214851,3748,604,27647,1482,289,5.13
137,Knight Online,1,2021,1075366,19016,5481,82,1029,1447,25,56.55
138,Mortal Kombat 11,1,2021,1070881,64856,25101,173,8600,1441,87,16.51
139,Warframe,1,2021,1062294,126643,66610,311,10055,1429,170,8.39
140,Anime Land,1,2021,1053289,8000,4399,23,585,1417,10,131.66
141,Call of Duty: Mobile,1,2021,1041081,172892,25997,446,18122,1401,232,6.02
142,Star Citizen,1,2021,1037363,47845,7644,184,2938,1396,64,21.68
143,They Are Billions,1,2021,1031923,11001,11826,33,762,1388,14,93.8
144,Makers & Crafting,1,2021,1023783,83138,9552,209,7086,1377,111,12.31
145,HITMAN 2,1,2021,1008432,15092,13850,73,4688,1357,20,66.82
146,My Summer Car,1,2021,989802,8507,10874,32,893,1332,11,116.35
147,Halo: The Master Chief Collection,1,2021,951013,131563,48982,428,16571,1279,177,7.23
148,Monopoly Plus,1,2021,936946,15727,95271,84,4213,1261,21,59.58
149,Fitness & Health,1,2021,917037,20709,68621,84,2344,1234,27,44.28
150,Brawlhalla,1,2021,908423,104203,27011,276,21347,1222,140,8.72
151,Paladins,1,2021,906252,109374,6450,274,14054,1219,147,8.29
152,Summoners War: Sky Arena,1,2021,901910,22594,7677,64,1370,1213,30,39.92
153,Dyson Sphere Program,1,2021,892900,23271,32120,190,2463,1201,31,38.37
154,Super Mario Odyssey,1,2021,883430,21314,62814,69,2407,1189,28,41.45
155,Yu-Gi-Oh! Duel Links,1,2021,879106,25782,8161,70,2797,1183,34,34.1
156,Dofus,1,2021,875675,26946,4240,88,1691,1178,36,32.5
157,The Witcher 3: Wild Hunt,1,2021,842700,85842,9851,221,9031,1134,115,9.82
158,Subnautica,1,2021,809434,87455,11097,240,11658,1089,117,9.26
159,Pok<U+00E9>mon Platinum,1,2021,804425,28100,128085,92,3518,1082,37,28.63
160,Gears 5,1,2021,792444,86394,6329,260,8865,1066,116,9.17
161,RuneScape,1,2021,792101,52051,6024,128,3488,1066,70,15.22
162,War Thunder,1,2021,791050,91247,17876,233,8555,1064,122,8.67
163,Golf With Your Friends,1,2021,789887,26727,26974,130,8871,1063,35,29.55
164,The Legend of Zelda: A Link to the Past,1,2021,788588,34807,161641,136,2352,1061,46,22.66
165,Gwent: The Witcher Card Game,1,2021,786118,15751,2375,50,1042,1058,21,49.91
166,Final Fantasy VII,1,2021,781583,20298,112929,62,1988,1051,27,38.51
167,Stream Raiders,1,2021,775553,27979,5594,118,1437,1043,37,27.72
168,Bloodborne,1,2021,770962,75747,9108,223,8047,1037,101,10.18
169,TrackMania,1,2021,766206,14033,55085,118,1691,1031,18,54.6
170,Dark Souls II,1,2021,762996,43183,14262,106,3871,1026,58,17.67
171,Nioh 2,1,2021,756347,24580,25837,69,1775,1017,33,30.77
172,Resident Evil 7 biohazard,1,2021,749716,88265,18201,420,16772,1009,118,8.49
173,Project Winter,1,2021,745913,9102,48846,49,1532,1003,12,81.95
174,Green Hell,1,2021,725328,27552,24390,184,4167,976,37,26.33
175,The Binding of Isaac: Afterbirth,1,2021,721265,36991,6846,120,5877,970,49,19.5
176,Politics,1,2021,711322,17409,71212,159,1151,957,23,40.86
177,Sid Meier's Civilization VI,1,2021,709830,34751,13914,122,4034,955,46,20.43
178,Diablo III,1,2021,708802,59966,91494,145,6571,953,80,11.82
179,Beat Saber,1,2021,706799,54513,151270,166,10656,951,73,12.97
180,Metin2,1,2021,699465,27063,37689,93,2051,941,36,25.85
181,Albion Online,1,2021,676357,45861,4929,110,2791,910,61,14.75
182,Left 4 Dead 2,1,2021,662445,64943,108971,227,14564,891,87,10.2
183,Tom Clancy's The Division 2,1,2021,655842,87725,5298,255,9264,882,118,7.48
184,Resident Evil 2,1,2021,650717,62450,6327,217,9432,875,84,10.42
185,Microsoft Flight Simulator,1,2021,648000,49575,8605,157,4269,872,66,13.07
186,Cuphead,1,2021,644974,42554,132109,119,9828,868,57,15.16
187,Guild Wars 2,1,2021,638209,46233,4430,142,3115,858,62,13.8
188,Satisfactory,1,2021,614380,58877,5676,178,5464,826,79,10.43
189,StarCraft,1,2021,601363,19206,7086,49,1345,809,25,31.31
190,NHL 21,1,2021,584524,37159,4120,164,9031,786,50,15.73
191,Pok<U+00E9>mon HeartGold/SoulSilver,1,2021,584348,24796,12516,81,3080,786,33,23.57
192,Call of Duty: Black Ops 4,1,2021,583699,107151,51225,263,8204,785,144,5.45
193,Mount & Blade II: Bannerlord,1,2021,582576,18957,24455,54,1909,784,25,30.73
194,skribbl.io,1,2021,581366,29121,107334,208,15167,782,39,19.96
195,Star Wars Jedi: Fallen Order,1,2021,577685,51107,98543,143,12200,777,68,11.3
196,Blackjack,1,2021,577065,3940,21362,18,605,776,5,146.46
197,Total War: Warhammer II,1,2021,569253,23151,8601,68,1971,766,31,24.59
198,Jump King,1,2021,567431,8095,22997,24,1692,763,10,70.1
199,Forza Horizon 4,1,2021,565573,104530,28294,300,16710,761,140,5.41
200,Garry's Mod,1,2021,562151,31882,39103,134,6751,756,42,17.63
1,Just Chatting,2,2021,240445690,3202966,1138978,13308,444507,358339,4773,75.07
2,League of Legends,2,2021,150221076,3665750,703375,9687,268439,223876,5463,40.98
3,Grand Theft Auto V,2,2021,137704722,2006058,506815,6008,175699,205223,2989,68.64
4,Fortnite,2,2021,107665720,6523956,541227,18890,644071,160455,9722,16.5
5,Minecraft,2,2021,82415310,3524597,647145,9853,450593,122824,5252,23.38
6,Call of Duty: Warzone,2,2021,73419748,3228772,305415,8963,202041,109418,4811,22.74
7,VALORANT,2,2021,70228871,2945356,289898,7382,266828,104662,4389,23.84
8,Counter-Strike: Global Offensive,2,2021,67578481,1507029,607485,4460,161814,100713,2245,44.84
9,Apex Legends,2,2021,51757131,4059568,208798,13184,303619,77134,6050,12.75
10,Rust,2,2021,44335563,599060,331005,3092,47558,66073,892,74.01
11,Dota 2,2,2021,38907873,614150,218653,1725,29522,57984,915,63.35
12,FIFA 21,2,2021,37502320,974524,257659,4445,115245,55890,1452,38.48
13,Escape From Tarkov,2,2021,36725699,1137023,123010,2722,51456,54732,1694,32.3
14,Valheim,2,2021,35735732,1510021,188897,5307,118705,53257,2250,23.67
15,World of Warcraft,2,2021,29403463,1407371,139533,6182,74435,43820,2097,20.89
16,Tom Clancy's Rainbow Six Siege,2,2021,25312837,1115909,187752,3167,135002,37724,1663,22.68
17,Music,2,2021,23304514,879404,161030,2709,54368,34731,1310,26.5
18,Chess,2,2021,22069662,104789,370111,306,16604,32890,156,210.61
19,PLAYERUNKNOWN'S BATTLEGROUNDS,2,2021,20043349,631560,172924,1538,40534,29870,941,31.74
20,Rocket League,2,2021,19693087,1170093,227721,3652,254500,29348,1743,16.83
21,Among Us,2,2021,19534202,385226,324430,1883,83756,29112,574,50.71
22,Hearthstone,2,2021,18929798,169759,75751,421,13555,28211,252,111.51
23,Dead by Daylight,2,2021,18129050,1060997,62534,2641,87275,27017,1581,17.09
24,Slots,2,2021,17019922,104140,72877,265,4712,25365,155,163.43
25,Teamfight Tactics,2,2021,14073803,275998,79479,671,31885,20974,411,50.99
26,Path of Exile,2,2021,13332160,284633,57055,739,11971,19869,424,46.84
27,Overwatch,2,2021,12638505,843839,72588,2361,89223,18835,1257,14.98
28,Genshin Impact,2,2021,11423836,605789,77074,3475,59903,17025,902,18.86
29,Call of Duty: Black Ops Cold War,2,2021,11325673,1264277,140677,4848,140065,16878,1884,8.96
30,Call Of Duty: Modern Warfare,2,2021,10918065,4761582,48998,13827,363852,16271,7096,2.29
31,Garena Free Fire,2,2021,10560305,285590,506272,843,25814,15738,425,36.98
32,ARK: Survival Evolved,2,2021,9847443,353330,386433,1074,31582,14675,526,27.87
33,Art,2,2021,9563939,606963,63409,1382,60735,14253,904,15.76
34,Destiny 2,2,2021,7879773,669141,48725,3560,48714,11743,997,11.78
35,Little Nightmares II,2,2021,7557622,201706,125493,1893,35743,11263,300,37.47
36,Talk Shows & Podcasts,2,2021,6923576,166414,124418,626,17053,10318,248,41.6
37,ASMR,2,2021,6385889,86445,23643,185,4493,9516,128,73.87
38,Sea of Thieves,2,2021,6371289,442012,62017,1504,46006,9495,658,14.41
39,SMITE,2,2021,6148540,263254,32803,809,20975,9163,392,23.36
40,Poker,2,2021,6004831,108249,82555,379,5130,8949,161,55.47
41,Gartic Phone,2,2021,5543156,57456,235915,612,21452,8261,85,96.48
42,World of Tanks,2,2021,5456803,177623,31272,619,10654,8132,264,30.72
43,Sports,2,2021,5292957,62955,99407,255,7716,7888,93,84.08
44,Magic: The Gathering,2,2021,5029582,102382,20405,320,8356,7495,152,49.13
45,NBA 2K21,2,2021,5018522,569698,55725,1873,56514,7479,849,8.81
46,StarCraft II,2,2021,4923188,58100,84674,142,4428,7337,86,84.74
47,Mario Kart 8,2,2021,4845856,61760,167720,296,11845,7221,92,78.46
48,Phasmophobia,2,2021,4551582,389312,127078,1489,75014,6783,580,11.69
49,Eternal Return: Black Survival,2,2021,4524736,122309,56816,395,9285,6743,182,36.99
50,Pok<U+00E9>mon Trading Card Game,2,2021,4358974,52491,201453,282,7218,6496,78,83.04
51,Old School RuneScape,2,2021,4344818,121081,14596,297,7458,6475,180,35.88
52,Special Events,2,2021,4250964,40321,930019,4232,10557,6335,60,105.43
53,Pok<U+00E9>mon Sword/Shield,2,2021,3961694,155880,58054,946,13454,5904,232,25.42
54,Black Desert Online,2,2021,3738973,142021,23690,413,7750,5572,211,26.33
55,LOST ARK,2,2021,3618222,49987,41546,313,2333,5392,74,72.38
56,Tibia,2,2021,3579591,152910,15116,448,5845,5334,227,23.41
57,FINAL FANTASY XIV Online,2,2021,3542519,341041,149058,1578,23172,5279,508,10.39
58,Games + Demos,2,2021,3530992,62223,54210,182,8685,5262,92,56.75
59,Retro,2,2021,3370690,154958,12907,365,10671,5023,230,21.75
60,Bloons TD 6,2,2021,3288484,55612,60468,173,10659,4900,82,59.13
61,DayZ,2,2021,3259000,220244,21776,636,15926,4856,328,14.8
62,Heroes of Might and Magic III: The Restoration of Erathia,2,2021,3206586,20487,20461,74,892,4778,30,156.52
63,Fall Guys: Ultimate Knockout,2,2021,3203127,174752,90057,485,36961,4773,260,18.33
64,Jackbox Party Packs,2,2021,2948173,63925,199940,406,16715,4393,95,46.12
65,Stardew Valley,2,2021,2936151,234020,38244,643,30846,4375,348,12.55
66,Science & Technology,2,2021,2902659,177226,203313,491,9711,4325,264,16.38
67,Age of Empires II,2,2021,2891396,50758,31400,157,4373,4309,75,56.96
68,World of Warships,2,2021,2824319,71447,15909,222,4533,4209,106,39.53
69,Super Mario 64,2,2021,2817601,45058,32823,140,5185,4199,67,62.53
70,The Legend of Zelda: Breath of the Wild,2,2021,2726005,76021,32253,217,7761,4062,113,35.86
71,Dungeons & Dragons,2,2021,2710310,92486,80735,535,8983,4039,137,29.31
72,RimWorld,2,2021,2682212,40948,31519,139,3188,3997,61,65.5
73,Madden NFL 21,2,2021,2675274,257449,32028,1012,30181,3986,383,10.39
74,Street Fighter V,2,2021,2621017,58800,80091,275,6016,3906,87,44.58
75,Dark Souls III,2,2021,2551855,156640,37626,433,18014,3803,233,16.29
76,VRChat,2,2021,2536536,97655,15110,432,10783,3780,145,25.97
77,Roblox,2,2021,2379521,331174,175156,873,52185,3546,493,7.19
78,MapleStory,2,2021,2311577,75930,17923,239,4500,3444,113,30.44
79,Animal Crossing: New Horizons,2,2021,2307963,100548,34340,405,12147,3439,149,22.95
80,GeoGuessr,2,2021,2256706,38932,128921,158,9130,3363,58,57.97
81,Super Smash Bros. Ultimate,2,2021,2195510,132540,28661,946,14800,3271,197,16.56
82,The Elder Scrolls Online,2,2021,2154523,115778,24024,314,8304,3210,172,18.61
83,Guilty Gear: Strive,2,2021,2111522,25807,38819,793,3810,3146,38,81.82
84,Terraria,2,2021,2078713,123196,265103,352,16843,3097,183,16.87
85,Virtual Casino,2,2021,2018677,21460,25456,61,1164,3008,31,94.07
86,The Sims 4,2,2021,2016133,101853,25382,284,16903,3004,151,19.79
87,Super Seducer 3,2,2021,1918945,888,92539,11,206,2859,1,2160.97
88,Nioh 2: The Complete Edition,2,2021,1862745,54260,21669,168,4381,2776,80,34.33
89,Brawlhalla,2,2021,1831704,102370,64576,302,20922,2729,152,17.89
90,Heroes of the Storm,2,2021,1819899,73639,11349,199,5576,2712,109,24.71
91,osu!,2,2021,1809896,216187,16755,516,37147,2697,322,8.37
92,Clash Royale,2,2021,1789004,32796,23749,94,4318,2666,48,54.55
93,Marbles On Stream,2,2021,1770697,58925,68715,185,12013,2638,87,30.05
94,Spelunky 2,2,2021,1758754,17035,17324,57,1966,2621,25,103.24
95,Food & Drink,2,2021,1693549,39289,29941,124,7548,2523,58,43.1
96,iRacing,2,2021,1686239,101713,22885,1187,6819,2513,151,16.58
97,Nioh 2,2,2021,1681122,63816,21018,329,4777,2505,95,26.34
98,Little Nightmares,2,2021,1657923,88858,167445,311,22692,2470,132,18.66
99,Don't Starve Together,2,2021,1652574,58179,11898,173,7575,2462,86,28.4
100,Legends of Runeterra,2,2021,1633917,30764,29863,128,3197,2435,45,53.11
101,Super Mario Maker 2,2,2021,1594812,34978,31555,115,3259,2376,52,45.59
102,Outriders,2,2021,1593861,46520,70050,2218,12070,2375,69,34.26
103,The Elder Scrolls V: Skyrim,2,2021,1578407,144049,21571,385,15531,2352,214,10.96
104,Hunt: Showdown,2,2021,1558365,127639,15080,424,9625,2322,190,12.21
105,Monster Hunter: World,2,2021,1446242,125510,10045,284,13394,2155,187,11.52
106,Dark Souls,2,2021,1424733,70457,20213,194,7830,2123,105,20.22
107,Red Dead Redemption 2,2,2021,1397803,250765,12422,632,24205,2083,373,5.57
108,Bloodborne,2,2021,1357865,67229,35979,198,7573,2023,100,20.2
109,Super Mario 3D World + Bowser's Fury,2,2021,1322284,45333,15330,326,8658,1970,67,29.17
110,F1 2020,2,2021,1312181,86543,125228,770,13273,1955,128,15.16
111,Travel & Outdoors,2,2021,1307639,71606,50991,143,2954,1948,106,18.26
112,Darkest Dungeon,2,2021,1293042,21913,25528,72,2902,1927,32,59.01
113,DEVOUR,2,2021,1278438,34363,55735,190,12628,1905,51,37.2
114,Anime Land,2,2021,1275786,8801,5550,28,568,1901,13,144.96
115,Brawl Stars,2,2021,1269232,114040,8445,342,15807,1891,169,11.13
116,Euro Truck Simulator 2,2,2021,1266768,128869,18014,563,14176,1887,192,9.83
117,Warcraft III,2,2021,1255568,34422,19681,94,2060,1871,51,36.48
118,Rogue Company,2,2021,1250226,226046,21532,675,29199,1863,336,5.53
119,Warframe,2,2021,1241519,128364,77367,376,10538,1850,191,9.67
120,Sekiro: Shadows Die Twice,2,2021,1232051,50617,21254,141,7421,1836,75,24.34
121,HITMAN 3,2,2021,1229151,41294,29820,225,6496,1831,61,29.77
122,Epic Seven,2,2021,1216977,18146,13947,88,1105,1813,27,67.07
123,RuneScape,2,2021,1204025,48099,11971,130,3330,1794,71,25.03
124,Star Citizen,2,2021,1202706,48055,68626,201,3238,1792,71,25.03
125,Raid: Shadow Legends,2,2021,1198062,22376,19753,72,1757,1785,33,53.54
126,Football Manager 2021,2,2021,1186072,35315,17779,146,2647,1767,52,33.59
127,Pok<U+00E9>mon GO,2,2021,1146659,34914,11510,315,3054,1708,52,32.84
128,Knight Online,2,2021,1137498,19169,9343,90,1022,1695,28,59.34
129,Lineage 2,2,2021,1135093,63615,4580,264,2009,1691,94,17.84
130,Breathedge,2,2021,1127544,6763,46823,150,1354,1680,10,166.72
131,PUBG Mobile,2,2021,1124676,113731,14029,318,8621,1676,169,9.89
132,Super Mario World,2,2021,1095192,23510,8712,87,2355,1632,35,46.58
133,Stocks And Bonds,2,2021,1087088,16668,18552,109,590,1620,24,65.22
134,Undertale,2,2021,1084629,26015,145487,87,5237,1616,38,41.69
135,Tekken 7,2,2021,1079433,54745,9685,127,7423,1608,81,19.72
136,Cyberpunk 2077,2,2021,1065782,138333,10938,455,15549,1588,206,7.7
137,Slay the Spire,2,2021,1054926,21336,10390,67,3109,1572,31,49.44
138,Super Mario 3D World,2,2021,1040698,25884,22392,327,4925,1550,38,40.21
139,UNO,2,2021,1026057,9710,56379,53,5118,1529,14,105.67
140,Makers & Crafting,2,2021,1024035,76566,8033,197,6801,1526,114,13.37
141,Farming Simulator 19,2,2021,1018756,94302,22841,379,7917,1518,140,10.8
142,Star Wars Battlefront II,2,2021,1012025,105369,9949,398,28088,1508,157,9.6
143,TrackMania,2,2021,997656,15132,43158,116,1872,1486,22,65.93
144,skribbl.io,2,2021,995394,26376,103072,160,12696,1483,39,37.74
145,Call of Duty: Mobile,2,2021,992964,171191,32285,415,18328,1479,255,5.8
146,The Legend of Zelda: Ocarina of Time,2,2021,991582,44971,8916,180,4043,1477,67,22.05
147,The Forest,2,2021,989231,140607,42419,512,22350,1474,209,7.04
148,For The King,2,2021,984284,37744,15511,198,5982,1466,56,26.08
149,Dyson Sphere Program,2,2021,979492,44594,11842,171,3376,1459,66,21.96
150,Paladins,2,2021,966274,103530,10995,283,13735,1440,154,9.33
151,Mortal Kombat 11,2,2021,957819,57812,22058,173,8128,1427,86,16.57
152,Monopoly Plus,2,2021,954478,9562,120833,68,2834,1422,14,99.82
153,League of Legends: Wild Rift,2,2021,934744,50933,5160,142,3610,1393,75,18.35
154,Hades,2,2021,928825,82026,13691,293,12981,1384,122,11.32
155,StarCraft,2,2021,913191,17067,31081,47,1145,1360,25,53.51
156,Resident Evil 7 biohazard,2,2021,907636,102059,8689,354,18513,1352,152,8.89
157,Cookie Run: Kingdom,2,2021,897874,11023,24030,52,1739,1338,16,81.45
158,Pummel Party,2,2021,890896,23063,42923,167,6548,1327,34,38.63
159,Summoners War: Sky Arena,2,2021,882306,21525,4235,75,1290,1314,32,40.99
160,The Medium,2,2021,880541,65325,61807,627,13002,1312,97,13.48
161,Hollow Knight,2,2021,847552,97617,8155,262,12087,1263,145,8.68
162,Destruction AllStars,2,2021,844773,9825,32573,209,6343,1258,14,85.98
163,Yu-Gi-Oh! Duel Links,2,2021,830267,24971,7013,75,2686,1237,37,33.25
164,Mad Games Tycoon 2,2,2021,823687,2441,27159,23,361,1227,3,337.44
165,Ghosts 'n Goblins Resurrection,2,2021,816003,3096,37067,70,541,1216,4,263.57
166,War Thunder,2,2021,812089,88999,15154,256,8391,1210,132,9.12
167,Halo: The Master Chief Collection,2,2021,798375,116349,9576,436,14564,1189,173,6.86
168,Gears 5,2,2021,790910,80438,7692,318,8677,1178,119,9.83
169,7 Days to Die,2,2021,786041,117774,4592,362,9989,1171,175,6.67
170,Dragon Ball FighterZ,2,2021,781944,52913,12196,188,9094,1165,78,14.78
171,Eco,2,2021,777870,17702,7898,74,1373,1159,26,43.94
172,The Legend of Zelda: Majora's Mask,2,2021,774681,13946,22579,56,1377,1154,20,55.55
173,Demon's Souls,2,2021,770788,40135,22740,121,4801,1148,59,19.2
174,Gwent: The Witcher Card Game,2,2021,760635,14820,3339,52,996,1133,22,51.32
175,Diablo II,2,2021,753077,21638,24572,90,1864,1122,32,34.8
176,Persona 5 Strikers,2,2021,742400,59978,29003,692,7242,1106,89,12.38
177,Pok<U+00E9>mon FireRed/LeafGreen,2,2021,741001,28208,5383,109,3866,1104,42,26.27
178,Stream Raiders,2,2021,739511,35432,7677,136,1552,1102,52,20.87
179,Raft,2,2021,735188,68022,30894,223,11644,1095,101,10.81
180,Super Smash Bros. Melee,2,2021,729420,25618,21890,110,2917,1087,38,28.47
181,Tom Clancy's The Division 2,2,2021,724834,85115,4144,302,10462,1080,126,8.52
182,Fitness & Health,2,2021,720364,21139,56631,93,2321,1073,31,34.08
183,Resident Evil 2,2,2021,698444,64309,7393,205,9370,1040,95,10.86
184,Total War: Warhammer II,2,2021,696858,26740,7815,83,2318,1038,39,26.06
185,The Witcher 3: Wild Hunt,2,2021,666938,70960,9912,226,8201,993,105,9.4
186,Green Hell,2,2021,664863,30036,8658,175,4062,990,44,22.14
187,Dofus,2,2021,660610,23829,16758,92,1572,984,35,27.72
188,Metin2,2,2021,659246,20829,4356,77,1642,982,31,31.65
189,Forza Horizon 4,2,2021,649739,93975,17861,281,15359,968,140,6.91
190,Albion Online,2,2021,644603,42837,2853,118,2706,960,63,15.05
191,Assassin's Creed Valhalla,2,2021,636057,145268,8635,435,14486,947,216,4.38
192,Sid Meier's Civilization VI,2,2021,631600,33025,16346,131,3848,941,49,19.12
193,Krunker,2,2021,630011,42642,6545,127,7008,938,63,14.77
194,Dark Souls II,2,2021,625434,39170,10768,129,3577,932,58,15.97
195,The Binding of Isaac: Afterbirth,2,2021,621511,33168,16941,103,5256,926,49,18.74
196,Subnautica,2,2021,620721,63448,6780,191,8854,925,94,9.78
197,Cuphead,2,2021,614312,32868,18368,114,7997,915,48,18.69
198,Graveyard Keeper,2,2021,613821,6608,21608,33,772,914,9,92.89
199,Skul: The Hero Slayer,2,2021,613499,30246,15343,166,4754,914,45,20.28
200,Diablo III,2,2021,595214,51963,18164,183,6581,887,77,11.45
1,Just Chatting,3,2021,270395369,3485083,1086313,8309,469545,363923,4690,77.59
2,Grand Theft Auto V,3,2021,184577838,2255433,589654,6387,186339,248422,3035,81.84
3,League of Legends,3,2021,149786518,3766997,853781,9222,268051,201596,5069,39.76
4,Fortnite,3,2021,117342947,7181301,778187,20333,703686,157931,9665,16.34
5,Call of Duty: Warzone,3,2021,90935782,3616466,411804,9322,220122,122390,4867,25.14
6,Minecraft,3,2021,87784445,3419021,663533,9509,441025,118148,4601,25.68
7,VALORANT,3,2021,87645493,3531041,415809,8033,309748,117961,4752,24.82
8,Counter-Strike: Global Offensive,3,2021,72375036,1626300,454393,4379,170319,97409,2188,44.5
9,Apex Legends,3,2021,61043473,4108227,207842,9184,317439,82158,5529,14.86
10,Dota 2,3,2021,39978562,659629,230592,1597,31292,53806,887,60.61
11,FIFA 21,3,2021,36861958,943057,328568,5109,109564,49612,1269,39.09
12,World of Warcraft,3,2021,34198319,1406577,196676,5486,71429,46027,1893,24.31
13,Escape from Tarkov,3,2021,26963344,1044706,98911,2298,46062,36289,1406,25.81
14,Rocket League,3,2021,25444384,1192179,196842,3294,247798,34245,1604,21.34
15,Music,3,2021,24830013,1008245,192819,2891,57902,33418,1356,24.63
16,Dead by Daylight,3,2021,22897007,1222214,115771,3487,93299,30816,1644,18.73
17,Hearthstone,3,2021,22340994,196721,99762,1003,15772,30068,264,113.57
18,Rust,3,2021,20138055,375331,254303,1804,29571,27103,505,53.65
19,Tom Clancy's Rainbow Six Siege,3,2021,19542906,1212667,149283,3623,147485,26302,1632,16.12
20,Slots,3,2021,18479015,117162,73039,272,4992,24870,157,157.72
21,Among Us,3,2021,17254354,304483,697975,3026,70224,23222,409,56.67
22,PLAYERUNKNOWN'S BATTLEGROUNDS,3,2021,17157775,649177,151310,1417,40976,23092,873,26.43
23,Teamfight Tactics,3,2021,16839576,285266,100918,650,32112,22664,383,59.03
24,Chess,3,2021,16819313,110659,234665,317,15594,22637,148,151.99
25,Valheim,3,2021,14494631,1110959,83090,3747,91766,19508,1495,13.05
26,Overwatch,3,2021,13825073,862789,44628,2067,88225,18607,1161,16.02
27,Call Of Duty: Modern Warfare,3,2021,11965466,4924921,38007,12670,377183,16104,6628,2.43
28,Genshin Impact,3,2021,11429047,582571,109844,2391,60523,15382,784,19.62
29,Art,3,2021,10629647,675994,54437,1503,65007,14306,909,15.72
30,Garena Free Fire,3,2021,10244000,340702,69042,920,30520,13787,458,30.07
31,Sports,3,2021,9542008,83129,233176,342,10203,12842,111,114.79
32,LOST ARK,3,2021,9514623,139275,47422,544,6652,12805,187,68.32
33,Mario Kart 8,3,2021,8882613,71154,292542,347,12885,11955,95,124.84
34,Call of Duty: Black Ops Cold War,3,2021,8777080,1066459,64918,4027,119084,11813,1435,8.23
35,Monster Hunter Rise,3,2021,8731278,272773,129540,3436,22503,11751,367,32.01
36,Talk Shows & Podcasts,3,2021,8071577,195244,101320,565,18796,10863,262,41.34
37,ASMR,3,2021,7855197,102570,29578,194,5087,10572,138,76.58
38,ARK: Survival Evolved,3,2021,7594388,308626,95571,883,26067,10221,415,24.61
39,Destiny 2,3,2021,7515558,653695,37292,1927,47769,10115,879,11.5
40,Poker,3,2021,7011830,96550,86549,400,5429,9437,129,72.62
41,Gartic Phone,3,2021,6796758,115553,220798,738,41339,9147,155,58.82
42,NBA 2K21,3,2021,6750916,662084,60656,1978,65326,9086,891,10.2
43,SMITE,3,2021,6689265,256344,30367,683,20396,9003,345,26.09
44,It Takes Two,3,2021,6461272,67385,164233,1063,11324,8696,90,95.89
45,Loop Hero,3,2021,6219389,96115,62410,483,12397,8370,129,64.71
46,Special Events,3,2021,5862421,35656,226413,438,4770,7890,47,164.42
47,Black Desert Online,3,2021,5739428,215380,52252,458,12043,7724,289,26.65
48,World of Tanks,3,2021,5622533,179136,29685,536,10659,7567,241,31.39
49,Path of Exile,3,2021,5439201,154609,33094,677,7425,7320,208,35.18
50,Sea of Thieves,3,2021,5311760,398412,48689,1298,39818,7149,536,13.33
51,Fall Guys: Ultimate Knockout,3,2021,5306467,239759,131220,1353,51277,7141,322,22.13
52,Magic: The Gathering,3,2021,5274696,100576,41709,257,8070,7099,135,52.44
53,DayZ,3,2021,4986200,209877,46770,528,14625,6710,282,23.76
54,Age of Empires II,3,2021,4615389,49965,71248,154,4074,6211,67,92.37
55,Old School RuneScape,3,2021,4508503,134233,35661,290,7597,6067,180,33.59
56,Tibia,3,2021,4334881,189870,15832,528,6930,5834,255,22.83
57,Phasmophobia,3,2021,4207413,394927,143516,1412,76392,5662,531,10.65
58,Eternal Return: Black Survival,3,2021,4184808,113500,33051,281,8901,5632,152,36.87
59,Super Mario 64,3,2021,3998886,48909,61903,191,5660,5382,65,81.76
60,Pok<U+00E9>mon Sword/Shield,3,2021,3976022,171743,61936,418,14573,5351,231,23.15
61,StarCraft II,3,2021,3736145,63651,37925,149,4838,5028,85,58.7
62,Heroes of Might and Magic III: The Restoration of Erathia,3,2021,3701146,24839,19637,81,985,4981,33,149.01
63,Retro,3,2021,3667480,170619,29204,386,11409,4936,229,21.5
64,Little Nightmares II,3,2021,3604723,109987,102873,396,22752,4851,148,32.77
65,Satisfactory,3,2021,3411038,71964,51153,355,6481,4590,96,47.4
66,Super Smash Bros. Ultimate,3,2021,3327446,165987,47370,1731,19143,4478,223,20.05
67,Bloons TD 6,3,2021,3293239,80739,55085,392,14771,4432,108,40.79
68,Animal Crossing: New Horizons,3,2021,3229642,132563,14763,361,15316,4346,178,24.36
69,VRChat,3,2021,3229145,108499,33323,408,11455,4346,146,29.76
70,Brawlhalla,3,2021,3187012,117130,56144,314,23868,4289,157,27.21
71,Science & Technology,3,2021,3186990,196359,38095,394,10212,4289,264,16.23
72,GeoGuessr,3,2021,3151844,52713,148404,171,12076,4242,70,59.79
73,FINAL FANTASY XIV Online,3,2021,3053416,337230,32552,1356,22233,4109,453,9.05
74,Dark Souls III,3,2021,3040241,164754,29335,405,18464,4091,221,18.45
75,Dungeons & Dragons,3,2021,2989220,103712,81524,518,9645,4023,139,28.82
76,The Elder Scrolls Online,3,2021,2896516,118576,46484,320,8248,3898,159,24.43
77,Stardew Valley,3,2021,2876985,240202,90497,626,31660,3872,323,11.98
78,Hunt: Showdown,3,2021,2740591,177759,22457,713,12759,3688,239,15.42
79,League of Legends: Wild Rift,3,2021,2691172,83474,52184,1036,9765,3622,112,32.24
80,World of Warships,3,2021,2671901,76545,26690,225,4823,3596,103,34.91
81,Roblox,3,2021,2627261,360556,211605,1407,59445,3536,485,7.29
82,Legends of Runeterra,3,2021,2606046,51857,34060,310,5101,3507,69,50.25
83,Jackbox Party Packs,3,2021,2545144,62356,220348,377,15778,3425,83,40.82
84,Diablo II,3,2021,2489718,67300,26418,353,3466,3350,90,36.99
85,Pok<U+00E9>mon Trading Card Game,3,2021,2469296,69696,24884,337,8979,3323,93,35.43
86,The Binding of Isaac: Repentance,3,2021,2462398,51655,90866,1014,8199,3314,69,47.67
87,Umamusume: Pretty Derby,3,2021,2434959,27438,39652,129,2044,3277,36,88.74
88,Football Manager 2021,3,2021,2427671,41250,25122,147,3080,3267,55,58.85
89,ALTF4,3,2021,2411305,12912,53821,85,4523,3245,17,186.75
90,Food & Drink,3,2021,2400945,44255,149655,151,8062,3231,59,54.25
91,The Sims 4,3,2021,2343796,104837,167496,298,16715,3154,141,22.36
92,Street Fighter V,3,2021,2300039,66026,10201,162,6256,3095,88,34.84
93,Conqueror's Blade,3,2021,2265771,43993,37282,141,2830,3049,59,51.5
94,Games + Demos,3,2021,2250170,58976,51714,142,8024,3028,79,38.15
95,duplicate Sleepers,3,2021,2148016,2782,62500,38,264,2891,3,772.11
96,Heroes of the Storm,3,2021,2120284,82455,12308,208,5926,2853,110,25.71
97,Anime Land,3,2021,2073970,11839,6994,31,684,2791,15,175.18
98,osu!,3,2021,2038189,240011,17344,566,40771,2743,323,8.49
99,Tabletop RPGs,3,2021,2037643,24071,86068,141,2444,2742,32,84.65
100,Suspects: Mystery Mansion,3,2021,1956135,3486,62685,32,691,2632,4,561.14
101,Marbles On Stream,3,2021,1952102,62417,49624,200,13144,2627,84,31.28
102,Madden NFL 21,3,2021,1935391,232315,30021,862,26547,2604,312,8.33
103,Teamfight Manager,3,2021,1934496,11954,61407,125,1658,2603,16,161.83
104,RuneScape,3,2021,1933902,51367,13743,116,3388,2602,69,37.65
105,Project Zomboid,3,2021,1914851,20123,33336,94,2032,2577,27,95.16
106,Super Mario Maker 2,3,2021,1898505,39214,27765,142,3629,2555,52,48.41
107,The Legend of Zelda: Breath of the Wild,3,2021,1811429,93397,14945,254,9115,2437,125,19.39
108,Little Nightmares,3,2021,1802350,81702,96201,255,21493,2425,109,22.06
109,MapleStory,3,2021,1773551,57778,44176,178,3364,2387,77,30.7
110,Clash Royale,3,2021,1773318,34798,22065,94,4409,2386,46,50.96
111,Dragon Ball FighterZ,3,2021,1725743,73145,80014,382,11841,2322,98,23.59
112,PUBG Mobile,3,2021,1712839,123016,17709,320,9164,2305,165,13.92
113,Magic: Legends,3,2021,1689148,34823,92059,1149,7243,2273,46,48.51
114,Brawl Stars,3,2021,1662079,122796,12858,358,16773,2236,165,13.54
115,Outriders,3,2021,1654437,73449,83553,728,15120,2226,98,22.52
116,iRacing,3,2021,1648362,100894,17193,1367,6636,2218,135,16.34
117,Conan Exiles,3,2021,1647641,49831,28156,183,3168,2217,67,33.06
118,Enlisted,3,2021,1632495,10997,93297,102,1202,2197,14,148.45
119,The Movies,3,2021,1628665,37586,49930,108,2121,2192,50,43.33
120,Resident Evil 7 biohazard,3,2021,1613828,73585,79255,221,13686,2172,99,21.93
121,Dark Souls,3,2021,1602930,79472,22508,210,8430,2157,106,20.17
122,Z1: Battle Royale,3,2021,1595784,46911,44207,232,5733,2147,63,34.02
123,Warframe,3,2021,1586172,143870,51367,351,11616,2134,193,11.03
124,DOOM Eternal,3,2021,1548785,77391,31258,644,11917,2084,104,20.01
125,Hollow Knight,3,2021,1532720,102956,24404,264,11996,2062,138,14.89
126,Mario Kart 8 Deluxe,3,2021,1517497,16979,163519,124,5100,2042,22,89.37
127,Virtual Casino,3,2021,1507405,10956,23662,47,1077,2028,14,137.59
128,Travel & Outdoors,3,2021,1491765,82733,32228,171,3394,2007,111,18.03
129,Red Dead Redemption 2,3,2021,1463478,232951,9322,539,22133,1969,313,6.28
130,Yakuza: Like a Dragon,3,2021,1458903,29970,36820,80,2139,1963,40,48.68
131,Lineage 2,3,2021,1446689,71640,27062,238,2166,1947,96,20.19
132,Warcraft III,3,2021,1421390,35398,9431,95,2026,1913,47,40.15
133,Pok<U+00E9>mon Platinum,3,2021,1411734,33296,63433,108,4251,1900,44,42.4
134,Tekken 7,3,2021,1408981,66144,14493,225,8616,1896,89,21.3
135,They Are Billions,3,2021,1392138,9321,21213,29,642,1873,12,149.36
136,Demon's Souls,3,2021,1375835,55098,23420,163,6379,1851,74,24.97
137,XCOM 2,3,2021,1344412,18427,16784,57,1611,1809,24,72.96
138,Sekiro: Shadows Die Twice,3,2021,1321704,52186,17927,128,7245,1778,70,25.33
139,F1 2020,3,2021,1299915,100154,13982,853,15346,1749,134,12.98
140,Pok<U+00E9>mon GO,3,2021,1294544,37302,6221,180,3052,1742,50,34.7
141,Monster Hunter: World,3,2021,1278248,128585,14073,271,14470,1720,173,9.94
142,Euro Truck Simulator 2,3,2021,1269626,137622,12224,530,14626,1708,185,9.23
143,Breathedge,3,2021,1235065,20608,42397,158,2645,1662,27,59.93
144,The Elder Scrolls V: Skyrim,3,2021,1219600,148229,31694,361,16214,1641,199,8.23
145,Super Mario World,3,2021,1203155,25933,20986,113,2701,1619,34,46.39
146,RimWorld,3,2021,1194670,40103,15127,103,2941,1607,53,29.79
147,War Thunder,3,2021,1193428,102472,11840,301,9318,1606,137,11.65
148,Raid: Shadow Legends,3,2021,1185301,25828,14210,69,2083,1595,34,45.89
149,Mortal Kombat 11,3,2021,1168460,61754,15310,167,8586,1572,83,18.92
150,Gears 5,3,2021,1139859,86548,10092,331,8666,1534,116,13.17
151,Super Mario 3D World + Bowser's Fury,3,2021,1132715,40261,33143,220,7280,1524,54,28.13
152,Watch Parties,3,2021,1122122,17605,34307,74,4993,1510,23,63.74
153,Spelunky 2,3,2021,1122100,16069,8340,48,1659,1510,21,69.83
154,Darkest Dungeon,3,2021,1119802,30689,10231,97,3828,1507,41,36.49
155,Rogue Company,3,2021,1117772,201636,13877,516,25207,1504,271,5.54
156,Epic Seven,3,2021,1117257,21339,13724,57,1203,1503,28,52.36
157,Makers & Crafting,3,2021,1110258,86573,8267,215,7357,1494,116,12.82
158,Betrayal.io,3,2021,1101205,5226,136474,76,2459,1482,7,210.72
159,Knight Online,3,2021,1097521,20478,7482,95,1006,1477,27,53.6
160,Paladins,3,2021,1095842,111236,10166,296,14767,1474,149,9.85
161,Super Mario Odyssey,3,2021,1083832,21114,62915,105,2519,1458,28,51.33
162,Summoners War: Sky Arena,3,2021,1078324,23135,7664,68,1357,1451,31,46.61
163,Albion Online,3,2021,1076818,51590,22069,127,3193,1449,69,20.87
164,Pummel Party,3,2021,1072195,24134,73933,144,7059,1443,32,44.43
165,Call of Duty: Mobile,3,2021,1067799,196926,14764,438,20168,1437,265,5.42
166,Krunker,3,2021,1046079,46575,20570,135,7053,1407,62,22.46
167,Ranch Simulator,3,2021,1025525,13182,49322,138,2415,1380,17,77.8
168,Forza Horizon 4,3,2021,1020514,109747,32832,350,17902,1373,147,9.3
169,Nioh 2: The Complete Edition,3,2021,1019923,50323,14476,127,3482,1372,67,20.27
170,Super Smash Bros. Melee,3,2021,1004090,27213,41750,102,2865,1351,36,36.9
171,Curse of the Dead Gods,3,2021,1001366,18244,21243,93,2630,1347,24,54.89
172,Subnautica,3,2021,994045,130791,19417,1085,20341,1337,176,7.6
173,Crypto,3,2021,979397,42276,6275,80,725,1318,56,23.17
174,Halo: The Master Chief Collection,3,2021,978257,124598,9037,416,15554,1316,167,7.85
175,Bloodborne,3,2021,960385,76197,9869,216,8281,1292,102,12.6
176,Farming Simulator 19,3,2021,934091,95046,22755,340,7989,1257,127,9.83
177,Don't Starve Together,3,2021,929084,45418,12039,120,6126,1250,61,20.46
178,Royal Crown,3,2021,924138,12254,25593,56,965,1243,16,75.42
179,Fitness & Health,3,2021,917795,23615,54682,90,2457,1235,31,38.86
180,UNO,3,2021,906085,13028,74828,86,6451,1219,17,69.55
181,Hearts of Iron IV,3,2021,903931,18433,15509,77,1917,1216,24,49.04
182,Gwent: The Witcher Card Game,3,2021,880503,15811,4128,58,1004,1185,21,55.69
183,Rhythm Doctor,3,2021,877177,8941,25107,79,2906,1180,12,98.11
184,TrackMania,3,2021,864894,15461,64310,85,1969,1164,20,55.94
185,7 Days to Die,3,2021,842696,100094,15201,247,8310,1134,134,8.42
186,Yu-Gi-Oh! Duel Links,3,2021,826649,24128,14527,73,2527,1112,32,34.26
187,Ghosts 'n Goblins Resurrection,3,2021,826360,5950,11473,28,692,1112,8,138.88
188,Persona 5 Strikers,3,2021,825510,67831,14734,319,5713,1111,91,12.17
189,Terraria,3,2021,823099,113601,37757,324,15383,1107,152,7.25
190,Metin2,3,2021,820134,24740,6461,94,1962,1103,33,33.15
191,Star Citizen,3,2021,818159,38203,44615,165,2464,1101,51,21.42
192,Diablo III,3,2021,807526,58794,4841,169,7130,1086,79,13.73
193,Kingdom Come: Deliverance,3,2021,807025,18947,11036,64,1716,1086,25,42.59
194,The Forest,3,2021,800538,108245,37547,326,17943,1077,145,7.4
195,Stocks And Bonds,3,2021,799894,16734,6748,80,451,1076,22,47.8
196,Foxhole,3,2021,795755,14808,23387,71,1089,1071,19,53.74
197,Slay the Spire,3,2021,789689,19529,10229,56,2957,1062,26,40.44
198,Hades,3,2021,782541,74412,8254,229,11850,1053,100,10.52
199,The Legend of Zelda: Ocarina of Time,3,2021,776888,44938,7995,155,3882,1045,60,17.29
200,StarCraft,3,2021,767923,16716,13002,48,1095,1033,22,45.94
1,Just Chatting,4,2021,289547911,3544601,937749,8026,474257,402709,4929,81.69
2,Grand Theft Auto V,4,2021,239438984,2508876,1105818,7043,211141,333016,3489,95.44
3,League of Legends,4,2021,156994170,3592720,906631,8333,260952,218350,4996,43.7
4,Call of Duty: Warzone,4,2021,100571607,3596411,1629284,22437,218805,139877,5001,27.96
5,Fortnite,4,2021,94112337,5810309,498791,17790,588089,130893,8081,16.2
6,VALORANT,4,2021,85635830,3435109,440084,8565,306540,119104,4777,24.93
7,Minecraft,4,2021,79728626,3112654,749947,8863,405918,110888,4329,25.61
8,Counter-Strike: Global Offensive,4,2021,70072819,1464933,421485,4173,158206,97458,2037,47.83
9,Apex Legends,4,2021,51425055,3688671,171721,8110,297846,71523,5130,13.94
10,Dota 2,4,2021,49785357,666178,372593,1658,32754,69242,926,74.73
11,FIFA 21,4,2021,31997488,857058,270504,4078,99006,44502,1192,37.33
12,World of Warcraft,4,2021,28935795,1174589,155795,4942,61988,40244,1633,24.63
13,Rocket League,4,2021,26303228,1326664,214487,3937,241744,36583,1845,19.83
14,Tom Clancy's Rainbow Six Siege,4,2021,24165335,1095416,138589,3308,135325,33609,1523,22.06
15,Music,4,2021,24139407,1008771,91269,2807,58338,33573,1403,23.93
16,Hearthstone,4,2021,23090076,205813,81936,544,16526,32114,286,112.19
17,Slots,4,2021,21953615,120067,181881,277,5177,30533,166,182.84
18,Dead by Daylight,4,2021,21524630,1221415,126113,2953,99018,29936,1698,17.62
19,Escape from Tarkov,4,2021,20719917,825726,159513,1942,39253,28817,1148,25.09
20,Among Us,4,2021,19448312,348499,374767,4332,87073,27049,484,55.81
21,Path of Exile,4,2021,19124620,317139,319087,4075,16702,26598,441,60.3
22,Chess,4,2021,16985289,98570,163548,303,13061,23623,137,172.32
23,The Binding of Isaac: Repentance,4,2021,16426825,204533,70537,639,21305,22846,284,80.31
24,Teamfight Tactics,4,2021,15006825,308819,106508,1703,36550,20871,429,48.59
25,Outriders,4,2021,14269489,892952,178993,6539,68168,19846,1241,15.98
26,It Takes Two,4,2021,13667970,289118,227571,1072,41757,19009,402,47.27
27,PLAYERUNKNOWN'S BATTLEGROUNDS,4,2021,13144497,610450,84101,1459,39155,18281,849,21.53
28,Garena Free Fire,4,2021,12780318,341718,137321,1005,29999,17775,475,37.4
29,Rust,4,2021,12773408,295481,121978,1390,23343,17765,410,43.23
30,Overwatch,4,2021,12239978,803047,71596,2220,84414,17023,1116,15.24
31,Call Of Duty: Modern Warfare,4,2021,10947416,4495420,62350,34107,356138,15225,6252,2.44
32,Sports,4,2021,10905975,87708,204973,417,11327,15168,121,124.34
33,Art,4,2021,10387215,648055,50245,1435,63925,14446,901,16.03
34,Sea of Thieves,4,2021,10301651,449242,141852,1578,45956,14327,624,22.93
35,Genshin Impact,4,2021,9536061,499932,85750,2602,53069,13262,695,19.07
36,Enlisted,4,2021,9397942,162294,477606,1221,26446,13070,225,57.91
37,Poker,4,2021,8819940,93009,59393,360,5024,12266,129,94.83
38,LOST ARK,4,2021,8221297,124392,75582,513,4774,11434,173,66.09
39,ASMR,4,2021,8153098,107913,27014,211,5323,11339,150,75.55
40,Monster Hunter Rise,4,2021,7567644,430358,53394,1736,27321,10525,598,17.58
41,Talk Shows & Podcasts,4,2021,7560003,197650,97527,703,18751,10514,274,38.25
42,Call of Duty: Black Ops Cold War,4,2021,6963112,1043351,66989,4060,121427,9684,1451,6.67
43,Destiny 2,4,2021,6615780,551326,33739,1734,41859,9201,766,12.0
44,NBA 2K21,4,2021,6326716,623787,48763,1944,61785,8799,867,10.14
45,SMITE,4,2021,6298557,224634,36563,630,18181,8760,312,28.04
46,Magic: The Gathering,4,2021,5816455,109662,40792,488,9254,8089,152,53.04
47,Diablo II: Resurrected,4,2021,5306890,11109,403137,203,1775,7380,15,477.71
48,World of Tanks,4,2021,5271236,160272,33934,519,9720,7331,222,32.89
49,ARK: Survival Evolved,4,2021,5068243,278648,41143,729,23231,7049,387,18.19
50,League of Legends: Wild Rift,4,2021,4646016,175409,53444,685,15629,6461,243,26.49
51,DayZ,4,2021,4590955,202421,46726,554,14354,6385,281,22.68
52,Old School RuneScape,4,2021,4429010,124172,16226,272,6620,6159,172,35.67
53,Diablo III,4,2021,4331609,179334,50930,1605,15191,6024,249,24.15
54,Fall Guys: Ultimate Knockout,4,2021,4202706,220895,118811,702,49275,5845,307,19.03
55,Hunt: Showdown,4,2021,4121765,220198,43946,700,16139,5732,306,18.72
56,Travel & Outdoors,4,2021,3937995,96010,121461,187,4229,5477,133,41.02
57,Retro,4,2021,3913550,170587,13775,376,11446,5443,237,22.94
58,Black Desert Online,4,2021,3899984,164140,41162,375,8136,5424,228,23.76
59,Gartic Phone,4,2021,3897616,85087,78397,449,32600,5420,118,45.81
60,Pok<U+00E9>mon Sword/Shield,4,2021,3885515,148127,37644,367,12341,5404,206,26.23
61,Dungeons & Dragons,4,2021,3779877,97477,87295,493,9407,5257,135,38.78
62,Valheim,4,2021,3725719,336813,31020,1133,31305,5181,468,11.06
63,Phasmophobia,4,2021,3722731,348415,112098,1213,68338,5177,484,10.68
64,NieR Replicant Ver.1.22474487139...,4,2021,3699112,150605,64809,2260,13516,5144,209,24.56
65,Dark Souls III,4,2021,3662459,179386,68123,457,19765,5093,249,20.42
66,Age of Empires II,4,2021,3618472,56230,52743,171,4924,5032,78,64.35
67,Science & Technology,4,2021,3600996,205700,140493,450,10183,5008,286,17.51
68,VRChat,4,2021,3598670,103832,35099,406,11202,5005,144,34.66
69,Tibia,4,2021,3434432,176694,9733,461,6386,4776,245,19.44
70,The Isle,4,2021,3296422,31034,94380,124,3000,4584,43,106.22
71,StarCraft II,4,2021,3296403,60954,16518,136,4671,4584,84,54.08
72,Food & Drink,4,2021,3235760,45020,110854,135,8232,4500,62,71.87
73,Mario Kart 8,4,2021,3075327,52223,102474,271,9756,4277,72,58.89
74,FINAL FANTASY XIV Online,4,2021,3038611,337502,31515,1738,22985,4226,469,9.0
75,MLB The Show 21,4,2021,2972650,135263,40946,2008,15078,4134,188,21.98
76,Returnal,4,2021,2929388,21770,173372,1469,4446,4074,30,134.56
77,Roblox,4,2021,2923823,366646,216339,1009,61361,4066,509,7.97
78,Heroes of Might and Magic III: The Restoration of Erathia,4,2021,2890400,21032,16431,70,771,4020,29,137.43
79,Clash Royale,4,2021,2813950,38066,56309,98,5036,3913,52,73.92
80,Animal Crossing: New Horizons,4,2021,2770857,111565,34398,289,13040,3853,155,24.84
81,Special Events,4,2021,2758827,30260,130845,483,4348,3837,42,91.17
82,Super Smash Bros. Ultimate,4,2021,2755980,137380,57438,460,14923,3833,191,20.06
83,GeoGuessr,4,2021,2575691,50303,69073,167,11322,3582,69,51.2
84,World of Warships,4,2021,2548919,67218,17882,205,4484,3545,93,37.92
85,Eternal Return: Black Survival,4,2021,2528836,81912,31888,262,6563,3517,113,30.87
86,StarCraft,4,2021,2461132,16130,67408,59,1166,3422,22,152.58
87,Games + Demos,4,2021,2406775,278114,34185,2613,46876,3347,386,8.65
88,osu!,4,2021,2398217,241119,22655,576,41605,3335,335,9.95
89,Euro Truck Simulator 2,4,2021,2368702,161066,56965,839,17581,3294,224,14.71
90,First Class Trouble,4,2021,2357336,17066,91515,105,3197,3278,23,138.13
91,Street Fighter V,4,2021,2331060,61996,43406,192,5938,3242,86,37.6
92,Resident Evil 7 biohazard,4,2021,2295571,119277,39747,463,20391,3192,165,19.25
93,ALTF4,4,2021,2256336,16068,77201,72,5819,3138,22,140.42
94,The Legend of Zelda: Breath of the Wild,4,2021,2223515,79537,40813,195,7756,3092,110,27.96
95,Super Mario Maker 2,4,2021,2211171,36212,24042,100,3117,3075,50,61.06
96,The Elder Scrolls Online,4,2021,2131362,121315,24078,326,9116,2964,168,17.57
97,Home Sweet Home: Survive,4,2021,2061460,44394,35316,169,5170,2867,61,46.44
98,Brawlhalla,4,2021,2060394,110718,54268,296,23526,2865,153,18.61
99,Marbles On Stream,4,2021,2054793,64225,40466,189,13391,2857,89,31.99
100,Tabletop RPGs,4,2021,1998175,25536,85377,133,2534,2779,35,78.25
101,Mario Kart 8 Deluxe,4,2021,1997059,27040,141392,154,6688,2777,37,73.86
102,Scavengers,4,2021,1986105,35707,118346,935,8574,2762,49,55.62
103,Pok<U+00E9>mon Trading Card Game,4,2021,1944334,60483,65024,231,7151,2704,84,32.15
104,Project Zomboid,4,2021,1923704,35762,14323,96,3065,2675,49,53.79
105,Heroes of the Storm,4,2021,1922919,71715,7523,184,5338,2674,99,26.81
106,PUBG Mobile,4,2021,1866087,114652,36052,303,8432,2595,159,16.28
107,The Sims 4,4,2021,1852675,107842,16238,284,17260,2576,149,17.18
108,F1 2020,4,2021,1847152,141336,35727,1178,19617,2569,196,13.07
109,Crypto,4,2021,1837432,55738,9814,123,1059,2555,77,32.97
110,Chivalry 2,4,2021,1820426,12057,62554,241,2622,2531,16,150.98
111,Satisfactory,4,2021,1799886,88912,68029,341,7601,2503,123,20.24
112,Super Mario 64,4,2021,1781951,42381,59477,130,4754,2478,58,42.05
113,iRacing,4,2021,1728334,104414,23397,1137,6374,2403,145,16.55
114,No Man's Sky,4,2021,1727360,69289,37133,306,7368,2402,96,24.93
115,Dofus,4,2021,1720155,41261,30395,585,2533,2392,57,41.69
116,MapleStory,4,2021,1694026,50587,53285,198,2899,2356,70,33.49
117,Stardew Valley,4,2021,1693474,188307,9956,523,26055,2355,261,8.99
118,Knockout City,4,2021,1631512,28985,304163,804,8785,2269,40,56.29
119,Dark Souls,4,2021,1607073,72093,16412,202,7969,2235,100,22.29
120,Totally Accurate Battlegrounds,4,2021,1606679,39344,79789,187,12797,2234,54,40.84
121,Mortal Kombat 11,4,2021,1598509,74444,122129,244,11741,2223,103,21.47
122,RuneScape,4,2021,1596587,49347,10180,126,3073,2220,68,32.35
123,Legends of Runeterra,4,2021,1557225,34372,26291,131,3400,2165,47,45.31
124,Krunker,4,2021,1554454,42279,10114,129,6368,2161,58,36.77
125,Pummel Party,4,2021,1536232,30852,53580,225,8857,2136,42,49.79
126,Super Smash Bros. Melee,4,2021,1514575,27944,53332,105,2927,2106,38,54.2
127,Brawl Stars,4,2021,1488732,121844,47663,319,17013,2070,169,12.22
128,Halo: The Master Chief Collection,4,2021,1485825,127741,96356,472,15844,2066,177,11.63
129,Warcraft III,4,2021,1483437,33617,34353,86,1941,2063,46,44.13
130,Madden NFL 21,4,2021,1436393,179615,30670,684,21282,1997,249,8.0
131,XCOM 2,4,2021,1428596,15779,38141,54,1381,1986,21,90.54
132,War by Grow Games,4,2021,1384452,1863,60101,38,502,1925,2,743.13
133,Anime Land,4,2021,1373900,7320,14758,26,629,1910,10,187.69
134,Raid: Shadow Legends,4,2021,1318665,23644,20214,66,1758,1834,32,55.77
135,Football Manager 2021,4,2021,1298725,37517,16353,143,2801,1806,52,34.62
136,Tekken 7,4,2021,1296482,63164,22918,145,7542,1803,87,20.53
137,Warframe,4,2021,1293535,141460,53964,457,12131,1799,196,9.14
138,TrackMania,4,2021,1287807,19801,22573,98,2628,1791,27,65.04
139,Little Nightmares II,4,2021,1284290,43150,103021,159,9605,1786,60,29.76
140,The Forest,4,2021,1273549,114555,18421,457,19589,1771,159,11.12
141,Subnautica,4,2021,1270453,212990,13557,782,28062,1766,296,5.96
142,Red Dead Redemption 2,4,2021,1270179,206854,6814,510,19964,1766,287,6.14
143,Lineage 2M,4,2021,1253833,5065,20680,21,186,1743,7,247.55
144,Forza Horizon 4,4,2021,1243281,105621,32793,313,17417,1729,146,11.77
145,Slay the Spire,4,2021,1237764,16238,34377,50,2526,1721,22,76.23
146,DEVOUR,4,2021,1221180,38331,108766,367,13959,1698,53,31.86
147,Makers & Crafting,4,2021,1183823,83543,10417,199,7344,1646,116,14.17
148,Hollow Knight,4,2021,1175037,85114,19766,238,10681,1634,118,13.81
149,Business Tour,4,2021,1158042,9490,55717,84,3461,1610,13,122.03
150,Jackbox Party Packs,4,2021,1149485,55011,159312,315,14224,1598,76,20.9
151,Call of Duty: Mobile,4,2021,1143233,200201,21185,508,20149,1590,278,5.71
152,Hobo: Tough Life,4,2021,1130877,8649,37671,50,1243,1572,12,130.75
153,Summoners War: Sky Arena,4,2021,1124852,25508,16128,110,1676,1564,35,44.1
154,New Pok<U+00E9>mon Snap,4,2021,1123274,22247,112450,1931,6843,1562,30,50.49
155,Bloodborne,4,2021,1114162,67853,10763,187,7500,1549,94,16.42
156,Fitness & Health,4,2021,1098589,21863,105422,86,2464,1527,30,50.25
157,Little Nightmares,4,2021,1092222,42456,120572,165,11886,1519,59,25.73
158,The Elder Scrolls V: Skyrim,4,2021,1090193,129131,26371,319,14122,1516,179,8.44
159,Pok<U+00E9>mon GO,4,2021,1077211,30812,7654,197,2508,1498,42,34.96
160,Worms W.M.D,4,2021,1074894,3011,62831,22,878,1494,4,356.99
161,Knight Online,4,2021,1064513,17693,7158,80,906,1480,24,60.17
162,Detroit: Become Human,4,2021,1063297,28204,65115,105,5261,1478,39,37.7
163,Umamusume: Pretty Derby,4,2021,1053948,17997,7823,83,1615,1465,25,58.56
164,Resident Evil,4,2021,1048811,28834,15827,112,4250,1458,40,36.37
165,Super Mario World,4,2021,1044912,24558,7734,74,2439,1453,34,42.55
166,The Binding of Isaac: Rebirth,4,2021,1030810,41360,24535,151,8046,1433,57,24.92
167,Evil Genius 2: World Domination,4,2021,1007472,24261,20750,181,2551,1401,33,41.53
168,Watch Parties,4,2021,1006866,17967,31307,69,5249,1400,24,56.04
169,Conqueror's Blade,4,2021,1006794,42052,18498,128,2686,1400,58,23.94
170,Resident Evil 2,4,2021,1006434,70902,11349,217,10665,1399,98,14.19
171,Bloons TD 6,4,2021,988794,47391,53024,187,9595,1375,65,20.86
172,Gears 5,4,2021,970892,69845,13246,243,7149,1350,97,13.9
173,Paladins,4,2021,959169,110331,8348,333,14644,1334,153,8.69
174,Virtual Casino,4,2021,925929,9448,122589,33,870,1287,13,98.0
175,Albion Online,4,2021,923519,53246,21820,133,3241,1284,74,17.34
176,Cyberpunk 2077,4,2021,916993,87070,31013,260,10261,1275,121,10.53
177,Summoners War: Lost Centuria,4,2021,907369,3298,95637,97,583,1261,4,275.13
178,The Witcher 3: Wild Hunt,4,2021,904161,80352,17776,241,8593,1257,111,11.25
179,Trials Rising,4,2021,879900,4978,19178,26,639,1223,6,176.76
180,Dark Souls II,4,2021,878120,42196,11941,117,3948,1221,58,20.81
181,Star Citizen,4,2021,877736,40912,5295,161,2598,1220,56,21.45
182,7 Days to Die,4,2021,867372,110696,7781,322,9378,1206,153,7.84
183,Gwent: The Witcher Card Game,4,2021,866691,14150,12886,43,988,1205,19,61.25
184,Yu-Gi-Oh! Duel Links,4,2021,863882,23770,6170,68,2468,1201,33,36.34
185,Rogue Company,4,2021,857681,158104,3774,448,19530,1192,219,5.42
186,RimWorld,4,2021,856442,36788,8621,97,2682,1191,51,23.28
187,Super Mario Party,4,2021,851354,4186,92024,131,1534,1184,5,203.38
188,Lineage 2,4,2021,850897,68633,3855,259,1958,1183,95,12.4
189,NARAKA: BLADEPOINT,4,2021,848361,22137,44436,477,4802,1179,30,38.32
190,Sekiro: Shadows Die Twice,4,2021,841198,48052,18159,137,6017,1169,66,17.51
191,FRIDAY NIGHT FUNKIN',4,2021,834656,59951,96028,234,19987,1160,83,13.92
192,Tom Clancy's The Division 2,4,2021,832190,58914,38585,163,6415,1157,81,14.13
193,God of War,4,2021,817609,60880,20767,161,6858,1137,84,13.43
194,Clash of Clans,4,2021,800398,24070,51910,76,2862,1113,33,33.25
195,Terraria,4,2021,796745,99521,6828,237,13824,1108,138,8.01
196,Cuphead,4,2021,795329,31721,90364,98,7795,1106,44,25.07
197,Hades,4,2021,794472,52755,36447,152,8663,1104,73,15.06
198,Epic Seven,4,2021,778750,18362,11670,47,997,1083,25,42.41
199,Pok<U+00E9>mon Platinum,4,2021,777305,22380,61580,76,2837,1081,31,34.73
200,Farming Simulator 19,4,2021,771697,91602,11019,319,7942,1073,127,8.42
1,Just Chatting,5,2021,285948196,3522387,983678,7465,462447,384856,4740,81.18
2,Grand Theft Auto V,5,2021,253419456,2510018,1140656,6978,197818,341075,3378,100.96
3,League of Legends,5,2021,174012672,3516137,1257320,7697,251261,234202,4732,49.49
4,VALORANT,5,2021,100244546,3307836,1010321,8041,288329,134918,4452,30.31
5,Call of Duty: Warzone,5,2021,96069742,3482496,406728,9133,204332,129299,4687,27.59
6,Fortnite,5,2021,91858834,4994610,456652,14339,484887,123632,6722,18.39
7,Minecraft,5,2021,76661535,2829132,964018,7751,357562,103178,3807,27.1
8,Counter-Strike: Global Offensive,5,2021,75670449,1380646,551182,3620,140856,101844,1858,54.81
9,Apex Legends,5,2021,68053310,4565820,363341,15570,339210,91592,6145,14.9
10,Resident Evil Village,5,2021,50416020,1585610,645130,15093,146083,67854,2134,31.8
11,Dota 2,5,2021,48762361,692413,269874,1594,33157,65629,931,70.42
12,FIFA 21,5,2021,36205907,832620,218764,3253,88591,48729,1120,43.48
13,Slots,5,2021,35234489,130622,204468,268,6438,47421,175,269.74
14,World of Warcraft,5,2021,34319608,1124116,144825,4476,60848,46190,1512,30.53
15,Tom Clancy's Rainbow Six Siege,5,2021,26824339,886413,272726,2353,104693,36102,1193,30.26
16,Music,5,2021,26600952,1029252,116916,2666,57320,35802,1385,25.84
17,Dead by Daylight,5,2021,24916466,1311702,256602,3644,100877,33534,1765,19.0
18,Hearthstone,5,2021,22281591,181250,88763,568,13566,29988,243,122.93
19,Teamfight Tactics,5,2021,20673905,356250,97982,1016,39787,27824,479,58.03
20,Rocket League,5,2021,19810785,1221957,211266,3402,197580,26663,1644,16.21
21,Rust,5,2021,16960026,357485,169083,1259,29675,22826,481,47.44
22,Sports,5,2021,16065722,97359,1540052,526,11467,21622,131,165.02
23,Escape from Tarkov,5,2021,16015424,648186,116077,1447,31607,21555,872,24.71
24,Genshin Impact,5,2021,12778649,575781,148678,2076,56504,17198,774,22.19
25,PLAYERUNKNOWN'S BATTLEGROUNDS,5,2021,12452939,581389,87041,1270,34326,16760,782,21.42
26,Overwatch,5,2021,12292040,770340,111114,2056,77905,16543,1036,15.96
27,Chess,5,2021,11675738,86169,211772,253,10090,15714,115,135.5
28,Destiny 2,5,2021,11013320,905331,232547,18012,60430,14822,1218,12.16
29,Among Us,5,2021,10960963,205990,234081,959,51402,14752,277,53.21
30,Art,5,2021,10901836,644876,39125,1348,63201,14672,867,16.91
31,Subnautica: Below Zero,5,2021,10802952,209081,156942,1398,20369,14539,281,51.67
32,Path of Exile,5,2021,10343013,253729,38087,710,11055,13920,341,40.76
33,Garena Free Fire,5,2021,9455272,327607,152522,943,27343,12725,440,28.86
34,Call Of Duty: Modern Warfare,5,2021,9433015,4026594,43279,10922,298703,12695,5419,2.34
35,Special Events,5,2021,9210968,32862,236134,602,4658,12396,44,280.29
36,ASMR,5,2021,8720128,119544,38208,217,5231,11736,160,72.94
37,DayZ,5,2021,8555283,211674,63804,535,15030,11514,284,40.42
38,Talk Shows & Podcasts,5,2021,7690370,195262,330203,605,17457,10350,262,39.38
39,The Binding of Isaac: Repentance,5,2021,6536761,135052,52607,381,14854,8797,181,48.4
40,Knockout City,5,2021,6312930,268426,201912,2336,53849,8496,361,23.52
41,SMITE,5,2021,6284626,226595,30989,630,17342,8458,304,27.74
42,NBA 2K21,5,2021,6262351,622863,72056,1692,61714,8428,838,10.05
43,Ark: Survival Evolved,5,2021,5791173,260124,54024,670,21315,7794,350,22.26
44,Call of Duty: Black Ops Cold War,5,2021,5646454,1059141,48542,2843,112257,7599,1425,5.33
45,Poker,5,2021,5623616,80399,28770,273,4416,7568,108,69.95
46,Biomutant,5,2021,5529785,171036,182158,5000,22965,7442,230,32.33
47,Returnal,5,2021,5486354,150135,98185,1271,14222,7384,202,36.54
48,World of Tanks,5,2021,5263256,161306,31828,509,9273,7083,217,32.63
49,Magic: The Gathering,5,2021,5111085,93660,31456,267,7731,6878,126,54.57
50,LOST ARK,5,2021,5002353,119159,49684,461,4263,6732,160,41.98
51,Sea of Thieves,5,2021,4919816,367260,31852,1165,36744,6621,494,13.4
52,Mass Effect Legendary Edition,5,2021,4818622,314261,53714,2610,22565,6485,422,15.33
53,Final Fantasy XIV Online,5,2021,4805991,372115,144368,1396,25209,6468,500,12.92
54,Clash Royale,5,2021,4716084,47886,65127,123,6798,6347,64,98.49
55,"Pools, Hot Tubs, and Beaches",5,2021,4709887,44701,59425,268,8097,6339,60,105.36
56,Retro,5,2021,4679558,172891,22866,373,11594,6298,232,27.07
57,Old School RuneScape,5,2021,4496558,119991,17234,260,6122,6051,161,37.47
58,StarCraft II,5,2021,4189696,60448,27958,132,4463,5638,81,69.31
59,Black Desert Online,5,2021,4105621,150297,41932,310,7307,5525,202,27.32
60,New Pok<U+00E9>mon Snap,5,2021,3960239,120985,85721,2224,19383,5330,162,32.73
61,Days Gone,5,2021,3952290,215854,45869,980,21378,5319,290,18.31
62,World of Warships,5,2021,3821336,74553,47531,205,4757,5143,100,51.26
63,Motorsport Manager,5,2021,3721665,5076,41062,23,451,5008,6,733.19
64,Fall Guys: Ultimate Knockout,5,2021,3615617,173292,63384,492,37857,4866,233,20.86
65,Age of Empires II,5,2021,3506906,55620,22945,150,4451,4719,74,63.05
66,Pok<U+00E9>mon Sword/Shield,5,2021,3505314,139212,33664,340,11264,4717,187,25.18
67,Resident Evil 7 biohazard,5,2021,3449793,232075,53974,953,39179,4643,312,14.86
68,Dungeons & Dragons,5,2021,3445331,100171,83203,472,9454,4637,134,34.39
69,Hood: Outlaws & Legends,5,2021,3438877,83471,93497,918,11228,4628,112,41.2
70,Tibia,5,2021,3406494,168072,14092,475,6049,4584,226,20.27
71,Science & Technology,5,2021,3144131,204954,29844,415,9530,4231,275,15.34
72,Phasmophobia,5,2021,3111697,312625,120398,1112,63099,4188,420,9.95
73,Travel & Outdoors,5,2021,3083905,102343,88346,194,4494,4150,137,30.13
74,Super Smash Bros. Ultimate,5,2021,3076556,132283,48839,434,14388,4140,178,23.26
75,Street Fighter V,5,2021,3024586,58220,61443,143,5149,4070,78,51.95
76,MLB The Show 21,5,2021,2996431,172320,21897,634,16031,4032,231,17.39
77,Crypto,5,2021,2979614,77725,24641,163,1605,4010,104,38.34
78,Roblox,5,2021,2976889,388143,201619,926,62143,4006,522,7.67
79,Games + Demos,5,2021,2969421,457339,36290,1574,62584,3996,615,6.49
80,Brawlhalla,5,2021,2951881,107873,53799,302,21967,3972,145,27.36
81,It Takes Two,5,2021,2921152,149157,39805,575,24734,3931,200,19.58
82,Heroes of Might and Magic III: The Restoration of Erathia,5,2021,2900467,21273,17494,68,732,3903,28,136.34
83,GeoGuessr,5,2021,2885466,42709,180918,148,9738,3883,57,67.56
84,Food & Drink,5,2021,2876524,43459,54506,125,8013,3871,58,66.19
85,Gartic Phone,5,2021,2835887,73815,139156,374,28912,3816,99,38.42
86,Tabletop RPGs,5,2021,2801165,26740,129482,134,2662,3770,35,104.76
87,VRChat,5,2021,2773437,100726,17096,410,10389,3732,135,27.53
88,TrackMania,5,2021,2620534,23687,35485,114,2909,3526,31,110.63
89,Dread Hunger,5,2021,2604618,10003,60658,39,1043,3505,13,260.38
90,Monster Hunter Rise,5,2021,2590829,190604,50697,1169,15271,3486,256,13.59
91,League of Legends: Wild Rift,5,2021,2590326,126896,34641,326,9687,3486,170,20.41
92,Red Dead Redemption 2,5,2021,2393621,226533,35997,563,22259,3221,304,10.57
93,Heroes of the Storm,5,2021,2358408,74700,8409,176,5234,3174,100,31.57
94,osu!,5,2021,2251866,238619,20317,569,40240,3030,321,9.44
95,Dark Souls III,5,2021,2245392,155477,12658,389,17164,3022,209,14.44
96,Hunt: Showdown,5,2021,2209787,150752,27549,437,11224,2974,202,14.66
97,The Sims 4,5,2021,2185514,108574,24831,289,15735,2941,146,20.13
98,Legends of Runeterra,5,2021,2185122,36916,33896,199,3528,2940,49,59.19
99,Warcraft III,5,2021,2175357,35884,50648,89,1984,2927,48,60.62
100,F1 2020,5,2021,2145228,154386,41063,1150,17800,2887,207,13.9
101,7 Days to Die,5,2021,2021678,129747,44237,315,10609,2720,174,15.58
102,Animal Crossing: New Horizons,5,2021,2009361,88544,35431,214,10123,2704,119,22.69
103,Eternal Return: Black Survival,5,2021,1989233,69016,18207,203,5333,2677,92,28.82
104,Dark Souls,5,2021,1861416,71488,17260,212,7759,2505,96,26.04
105,Marbles On Stream,5,2021,1840436,57772,27740,166,13176,2477,77,31.86
106,Super Mario Party,5,2021,1835907,14238,98770,111,3947,2470,19,128.94
107,Subnautica,5,2021,1817538,139518,41657,408,18827,2446,187,13.03
108,Brawl Stars,5,2021,1746219,114490,33350,294,15727,2350,154,15.25
109,Euro Truck Simulator 2,5,2021,1731551,151111,14390,620,16272,2330,203,11.46
110,PUBG Mobile,5,2021,1719962,113238,35009,277,8373,2314,152,15.19
111,Terraria,5,2021,1686797,110945,27374,293,14927,2270,149,15.2
112,Mario Kart 8,5,2021,1661127,43473,87668,239,8770,2235,58,38.21
113,Pok<U+00E9>mon Trading Card Game,5,2021,1618923,52843,16024,195,5822,2178,71,30.64
114,Star Citizen,5,2021,1615611,60047,33511,291,3636,2174,80,26.91
115,The Elder Scrolls Online,5,2021,1560438,101685,16216,253,7296,2100,136,15.35
116,MapleStory,5,2021,1555038,53032,11486,143,2902,2092,71,29.32
117,Super Mario Maker 2,5,2021,1550161,35522,23033,90,2980,2086,47,43.64
118,Stardew Valley,5,2021,1545964,163658,20185,419,22844,2080,220,9.45
119,Super Smash Bros. Melee,5,2021,1543178,26933,63485,103,2795,2076,36,57.3
120,NieR Replicant ver.1.22474487139...,5,2021,1521543,131173,23891,617,10181,2047,176,11.6
121,Conan Exiles,5,2021,1518017,61966,120347,405,4752,2043,83,24.5
122,Miitopia,5,2021,1484076,24220,51244,254,3340,1997,32,61.27
123,StarCraft,5,2021,1483097,17577,18387,52,1248,1996,23,84.38
124,Valheim,5,2021,1479545,166549,35251,511,16029,1991,224,8.88
125,iRacing,5,2021,1419531,81246,13293,471,5892,1910,109,17.47
126,I'm Only Sleeping,5,2021,1397997,17746,12946,61,1130,1881,23,78.78
127,Slay the Spire,5,2021,1385757,16977,23695,49,2566,1865,22,81.63
128,Life is Strange,5,2021,1358711,19085,119098,62,3240,1828,25,71.19
129,Project Zomboid,5,2021,1358365,30301,11414,82,2376,1828,40,44.83
130,Call of Duty: Mobile,5,2021,1351713,206379,13520,541,19575,1819,277,6.55
131,Watch Parties,5,2021,1339040,18543,45307,70,5085,1802,24,72.21
132,Warframe,5,2021,1297450,140753,55140,362,11324,1746,189,9.22
133,Swords of Legends Online,5,2021,1269138,26607,34882,561,2462,1708,35,47.7
134,Scavengers,5,2021,1261604,100520,35678,692,15511,1697,135,12.55
135,Enlisted,5,2021,1231349,76465,21998,336,12631,1657,102,16.1
136,Conqueror's Blade,5,2021,1229572,37778,29131,112,2284,1654,50,32.55
137,Guilty Gear: Strive,5,2021,1217970,17334,50338,631,2948,1639,23,70.26
138,Don't Starve Together,5,2021,1198410,57317,8642,187,8016,1612,77,20.91
139,RuneScape,5,2021,1191608,48822,6467,122,3121,1603,65,24.41
140,Raid: Shadow Legends,5,2021,1171935,25935,15824,71,2324,1577,34,45.19
141,Bloodborne,5,2021,1168782,66140,24221,166,7249,1573,89,17.67
142,The Legend of Zelda: Breath of the Wild,5,2021,1166514,70545,31793,188,7238,1570,94,16.54
143,DEVOUR,5,2021,1164214,46228,59402,269,16601,1566,62,25.18
144,Epic Seven,5,2021,1149566,21166,18850,87,1084,1547,28,54.31
145,Tekken 7,5,2021,1146631,69216,8988,159,7744,1543,93,16.57
146,Gwent: The Witcher Card Game,5,2021,1130690,15405,4607,49,1013,1521,20,73.4
147,Summoners War: Sky Arena,5,2021,1127860,25665,18700,76,1583,1517,34,43.95
148,Divinity: Original Sin II,5,2021,1118357,24331,24509,73,2556,1505,32,45.96
149,Trials Rising,5,2021,1112906,6403,28988,36,732,1497,8,173.81
150,Super Mario Odyssey,5,2021,1110814,18183,34364,54,2089,1495,24,61.09
151,Gears 5,5,2021,1098802,67470,34171,295,6474,1478,90,16.29
152,Battlefield V,5,2021,1093408,187313,30680,610,25935,1471,252,5.84
153,RimWorld,5,2021,1085780,37834,11494,101,2758,1461,50,28.7
154,First Class Trouble,5,2021,1083735,12814,93675,77,2560,1458,17,84.57
155,Makers & Crafting,5,2021,1078804,83001,27654,194,7256,1451,111,13.0
156,Assetto Corsa Competizione,5,2021,1059584,44333,17655,327,4083,1426,59,23.9
157,Night in the Woods,5,2021,1046038,4222,140021,22,914,1407,5,247.76
158,Hollow Knight,5,2021,1042943,78627,8855,208,9828,1403,105,13.26
159,Mortal Kombat 11,5,2021,1037894,82291,25247,236,12766,1396,110,12.61
160,Knight Online,5,2021,1036207,17436,6539,79,899,1394,23,59.43
161,Arma 3,5,2021,1035720,68382,17343,383,5744,1393,92,15.15
162,Dofus,5,2021,1018662,29584,5282,104,1661,1371,39,34.43
163,Football Manager 2021,5,2021,996009,30969,41991,122,2246,1340,41,32.16
164,Assassin's Creed Valhalla,5,2021,995960,118425,23639,548,11651,1340,159,8.41
165,Outriders,5,2021,991154,147900,5357,609,13918,1333,199,6.7
166,Pummel Party,5,2021,987039,24567,38865,161,7428,1328,33,40.18
167,PowerWash Simulator,5,2021,984762,4322,41937,34,921,1325,5,227.85
168,Jump King,5,2021,982749,7441,28285,36,1756,1322,10,132.07
169,Elite: Dangerous,5,2021,966421,55807,26952,375,4763,1300,75,17.32
170,Yu-Gi-Oh! Duel Links,5,2021,962933,23682,6548,70,2429,1296,31,40.66
171,Stream Raiders,5,2021,956483,47155,10270,236,2163,1287,63,20.28
172,Resident Evil 4,5,2021,941333,57196,22816,177,8187,1266,76,16.46
173,Dark Souls II,5,2021,930695,39345,12001,109,3636,1252,52,23.65
174,Worms W.M.D,5,2021,929894,3829,75743,32,1143,1251,5,242.86
175,Mario Kart 8 Deluxe,5,2021,925774,24014,44454,131,6287,1245,32,38.55
176,Farming Simulator 19,5,2021,919250,88128,23985,301,7389,1237,118,10.43
177,Pok<U+00E9>mon GO,5,2021,914629,27975,5864,152,2388,1230,37,32.69
178,Chivalry 2,5,2021,909464,20466,41408,339,4530,1224,27,44.44
179,Paladins,5,2021,908401,103476,2953,273,13557,1222,139,8.78
180,Super Mario 64,5,2021,907907,34897,21153,95,3861,1221,46,26.02
181,Madden NFL 21,5,2021,907097,153771,26467,613,17630,1220,206,5.9
182,Diablo III,5,2021,898831,63632,32712,195,6113,1209,85,14.13
183,SnowRunner,5,2021,893033,66243,47446,304,6766,1201,89,13.48
184,The Forest,5,2021,873547,100922,17302,305,17033,1175,135,8.66
185,Lineage 2,5,2021,871381,74982,4814,214,2054,1172,100,11.62
186,The Last of Us Part II,5,2021,866804,69692,44425,203,7432,1166,93,12.44
187,Halo: The Master Chief Collection,5,2021,861688,108035,4788,380,13242,1159,145,7.98
188,Albion Online,5,2021,856273,54122,4834,134,3252,1152,72,15.82
189,Forza Horizon 4,5,2021,848076,89976,27233,276,14569,1141,121,9.43
190,Microsoft Flight Simulator,5,2021,845919,38938,32663,124,3209,1138,52,21.72
191,Guild Wars 2,5,2021,845424,47360,4383,143,3228,1137,63,17.85
192,Dying Light 2: Stay Human,5,2021,845106,756,475556,338,375,1137,1,1117.87
193,Super Mario World,5,2021,844775,22857,7107,82,2182,1136,30,36.96
194,Virtual Casino,5,2021,837244,9220,11441,31,753,1126,12,90.81
195,Sekiro: Shadows Die Twice,5,2021,834527,49594,19656,128,5636,1123,66,16.83
196,Detroit: Become Human,5,2021,831018,32823,56330,112,5188,1118,44,25.32
197,The Elder Scrolls V: Skyrim,5,2021,828381,85645,6923,210,9446,1114,115,9.67
198,FIFA Online 4,5,2021,814729,12079,61452,54,1234,1096,16,67.45
199,Rogue Company,5,2021,813253,142933,24500,414,16791,1094,192,5.69
200,Jackbox Party Packs,5,2021,806592,50789,17806,276,12618,1085,68,15.88
1,Just Chatting,6,2021,252985317,3188627,1034076,8657,429682,351857,4434,79.34
2,Grand Theft Auto V,6,2021,170602312,2134054,609223,5930,165667,237277,2968,79.94
3,League of Legends,6,2021,147594315,3053763,708943,6443,220621,205277,4247,48.33
4,Call of Duty: Warzone,6,2021,84562816,3061219,482855,8231,179068,117611,4257,27.62
5,VALORANT,6,2021,80581440,3217503,252386,7691,277299,112074,4474,25.04
6,Minecraft,6,2021,72365696,2841782,499342,7623,362028,100647,3952,25.46
7,Fortnite,6,2021,70802599,5069896,343301,15889,492980,98473,7051,13.97
8,Dota 2,6,2021,62316260,653133,375582,1544,31893,86670,908,95.41
9,Counter-Strike: Global Offensive,6,2021,55332904,1162096,363798,2995,116511,76958,1616,47.61
10,World of Warcraft,6,2021,52816476,1323880,428127,8423,64312,73458,1841,39.9
11,Apex Legends,6,2021,47734908,3411757,237569,8470,257377,66390,4745,13.99
12,Special Events,6,2021,30889435,122876,2466023,8962,22820,42961,170,251.39
13,Dead by Daylight,6,2021,27062728,1491480,142345,5148,118689,37639,2074,18.14
14,Slots,6,2021,26980639,119038,226886,267,6293,37525,165,226.66
15,Music,6,2021,22644438,912256,156321,2300,50826,31494,1268,24.82
16,FIFA 21,6,2021,18985641,547143,141825,2243,65953,26405,760,34.7
17,Escape from Tarkov,6,2021,17766961,633765,292604,6147,34369,24710,881,28.03
18,Sports,6,2021,17376810,99339,190986,510,12400,24168,138,174.92
19,Hearthstone,6,2021,16276838,143893,58014,407,10873,22638,200,113.12
20,Rocket League,6,2021,15732922,956952,187081,2614,159895,21881,1330,16.44
21,PUBG: BATTLEGROUNDS,6,2021,14126661,525825,114182,1173,31325,19647,731,26.87
22,Tom Clancy's Rainbow Six Siege,6,2021,13584592,786440,76794,2291,94803,18893,1093,17.27
23,Overwatch,6,2021,12330934,688517,73883,1664,71864,17150,957,17.91
24,Teamfight Tactics,6,2021,12039816,211966,77014,528,24550,16745,294,56.8
25,ASMR,6,2021,10795568,119840,82616,235,6034,15014,166,90.08
26,Genshin Impact,6,2021,10688912,580456,53282,2460,58266,14866,807,18.41
27,Art,6,2021,10633661,603463,50405,1317,60678,14789,839,17.62
28,Sea of Thieves,6,2021,9385102,603159,204660,5106,64653,13052,838,15.56
29,Garena Free Fire,6,2021,8348166,292475,91563,857,24741,11610,406,28.54
30,Call Of Duty: Modern Warfare,6,2021,7963312,3437516,63836,9033,260049,11075,4780,2.32
31,Talk Shows & Podcasts,6,2021,7921368,176435,161517,535,15677,11017,245,44.9
32,"Pools, Hot Tubs, and Beaches",6,2021,7763417,92434,98771,242,9933,10797,128,83.99
33,Pok<U+00E9>mon FireRed/LeafGreen,6,2021,7717964,31334,225790,125,4451,10734,43,246.31
34,Rust,6,2021,7557859,317127,73289,1226,26294,10511,441,23.83
35,Chess,6,2021,7509039,67014,52737,223,7326,10443,93,112.05
36,NBA 2K21,6,2021,7501153,564077,81081,1594,56371,10432,784,13.3
37,Among Us,6,2021,7218194,174475,98832,683,45982,10039,242,41.37
38,Destiny 2,6,2021,6834275,576112,36165,1968,43132,9505,801,11.86
39,Guilty Gear: Strive,6,2021,6259105,163026,39623,1081,17794,8705,226,38.39
40,Clash Royale,6,2021,6208591,62000,74925,156,10941,8635,86,100.14
41,Ark: Survival Evolved,6,2021,6032741,359281,56164,1440,28553,8390,499,16.79
42,SMITE,6,2021,5909967,198588,28848,565,16082,8219,276,29.76
43,LOST ARK,6,2021,5298630,119999,55571,468,4769,7369,166,44.16
44,Final Fantasy XIV Online,6,2021,5179185,386524,41425,1269,26658,7203,537,13.4
45,Old School RuneScape,6,2021,4790184,109840,21413,247,5649,6662,152,43.61
46,Ratchet & Clank: Rift Apart,6,2021,4702938,136911,135505,1592,14327,6540,190,34.35
47,Resident Evil Village,6,2021,4694663,234473,50271,1072,32479,6529,326,20.02
48,Call of Duty: Black Ops Cold War,6,2021,4632084,887124,40156,2520,91712,6442,1233,5.22
49,TrackMania,6,2021,4596851,28592,237416,116,3551,6393,39,160.77
50,Tekken 7,6,2021,4587708,65592,70777,156,7721,6380,91,69.94
51,Magic: The Gathering,6,2021,4554282,75023,21659,207,6529,6334,104,60.71
52,Black Desert Online,6,2021,4429629,141329,83952,562,7166,6160,196,31.34
53,StarCraft,6,2021,4370426,21751,50524,74,1760,6078,30,200.93
54,Poker,6,2021,4350567,65734,30615,246,3550,6050,91,66.18
55,Terraria,6,2021,4250171,103355,102719,274,13218,5911,143,41.12
56,World of Tanks,6,2021,4180869,127693,30557,397,7669,5814,177,32.74
57,Retro,6,2021,4096152,160158,20190,353,10973,5697,222,25.58
58,StarCraft II,6,2021,3997737,52181,35236,119,4091,5560,72,76.61
59,Fall Guys: Ultimate Knockout,6,2021,3884765,135103,69332,385,31908,5403,187,28.75
60,Dungeons & Dragons,6,2021,3784591,90387,120262,460,9096,5263,125,41.87
61,Path of Exile,6,2021,3630759,94545,30352,531,4946,5049,131,38.4
62,DayZ,6,2021,3576018,168977,31503,472,11779,4973,235,21.16
63,Age of Empires II,6,2021,3543852,47864,28661,144,3909,4928,66,74.04
64,Phasmophobia,6,2021,3368535,289151,30857,1601,60703,4685,402,11.65
65,The Elder Scrolls Online,6,2021,3295774,115167,25683,337,8257,4583,160,28.62
66,The Binding of Isaac: Repentance,6,2021,3276591,83495,55503,279,10287,4557,116,39.24
67,Games + Demos,6,2021,3269821,377962,103966,869,53557,4547,525,8.65
68,Pok<U+00E9>mon Sword/Shield,6,2021,3222405,136225,16454,341,10927,4481,189,23.66
69,Chivalry 2,6,2021,3142964,103201,81189,808,15177,4371,143,30.45
70,Science & Technology,6,2021,3076384,181068,39955,392,8416,4278,251,16.99
71,Tibia,6,2021,3068067,155755,12609,455,5591,4267,216,19.7
72,Dark Souls III,6,2021,2924786,160698,44536,427,18490,4067,223,18.2
73,Food & Drink,6,2021,2916784,38348,95997,101,7510,4056,53,76.06
74,VRChat,6,2021,2838800,93244,36452,403,9710,3948,129,30.44
75,Super Smash Bros. Ultimate,6,2021,2806439,122918,42007,1297,14544,3903,170,22.83
76,The Sims 4,6,2021,2785369,112041,133635,471,16798,3873,155,24.86
77,Heroes of Might and Magic III: The Restoration of Erathia,6,2021,2586254,18259,16236,65,700,3597,25,141.64
78,World of Warships,6,2021,2567372,61906,24343,194,4011,3570,86,41.47
79,Red Dead Redemption 2,6,2021,2538340,207537,40996,528,20446,3530,288,12.23
80,Battlefield 4,6,2021,2492840,185672,41783,554,29526,3467,258,13.43
81,GeoGuessr,6,2021,2332990,32723,129765,119,7577,3244,45,71.3
82,Mario Kart 8,6,2021,2330145,35163,114146,154,7564,3240,48,66.27
83,Eternal Return,6,2021,2211308,63803,13637,185,4718,3075,88,34.66
84,Mario Golf: Super Rush,6,2021,2209359,23108,108136,752,5249,3072,32,95.61
85,Knockout City,6,2021,2194194,179088,99690,1144,33414,3051,249,12.25
86,Gartic Phone,6,2021,2149790,57316,245374,231,23358,2989,79,37.51
87,League of Legends: Wild Rift,6,2021,2143758,99331,12176,268,7346,2981,138,21.58
88,The Last Spell,6,2021,2121147,15772,46913,69,1523,2950,21,134.49
89,Roblox,6,2021,2103682,372196,20358,885,58979,2925,517,5.65
90,Travel & Outdoors,6,2021,2089611,87158,83746,169,3911,2906,121,23.97
91,Hunt: Showdown,6,2021,2057980,136452,21021,403,10192,2862,189,15.08
92,Crypto,6,2021,2039099,84696,15176,145,1128,2836,117,24.08
93,Heroes of the Storm,6,2021,1984399,67446,14642,163,4694,2759,93,29.42
94,Dungeons & Dragons: Dark Alliance,6,2021,1967471,66811,192661,1380,11301,2736,92,29.45
95,osu!,6,2021,1950173,210307,28096,522,35943,2712,292,9.27
96,Final Fantasy VII Remake,6,2021,1934687,104178,26981,816,10009,2690,144,18.57
97,Mass Effect Legendary Edition,6,2021,1913473,201398,10976,731,12550,2661,280,9.5
98,Naraka: Bladepoint,6,2021,1868866,31750,114871,567,5201,2599,44,58.86
99,MapleStory,6,2021,1865697,62138,25713,183,3456,2594,86,30.03
100,MLB The Show 21,6,2021,1864820,110063,24207,423,10950,2593,153,16.94
101,Krunker,6,2021,1835131,33858,11594,91,5193,2552,47,54.2
102,Days Gone,6,2021,1744926,139526,20177,559,12762,2426,194,12.51
103,Brawlhalla,6,2021,1722154,92425,62934,253,19306,2395,128,18.63
104,The Witcher 3: Wild Hunt,6,2021,1693882,76610,18333,228,7842,2355,106,22.11
105,F1 2020,6,2021,1683376,114073,50240,1027,14227,2341,158,14.76
106,Street Fighter V,6,2021,1674735,42567,49837,119,4126,2329,59,39.34
107,Super Mario Maker 2,6,2021,1670480,32140,30781,85,2780,2323,44,51.98
108,It Takes Two,6,2021,1625406,89958,62420,285,16048,2260,125,18.07
109,PUBG Mobile,6,2021,1552794,105958,31636,254,7222,2159,147,14.65
110,Animal Crossing: New Horizons,6,2021,1552730,69737,22457,192,8090,2159,96,22.27
111,RimWorld,6,2021,1545679,35606,10940,98,2811,2149,49,43.41
112,Gwent: The Witcher Card Game,6,2021,1540308,16149,22431,70,1045,2142,22,95.38
113,Don't Starve Together,6,2021,1536491,53431,10156,166,7215,2136,74,28.76
114,Euro Truck Simulator 2,6,2021,1511405,116222,13232,500,13595,2102,161,13.0
115,Warcraft III,6,2021,1506851,32732,138317,96,1771,2095,45,46.04
116,Legends of Runeterra,6,2021,1504824,28231,26367,199,2731,2092,39,53.3
117,Scarlet Nexus,6,2021,1504430,57794,41026,737,7038,2092,80,26.03
118,Marbles On Stream,6,2021,1500267,47587,10034,159,11353,2086,66,31.53
119,Pok<U+00E9>mon Trading Card Game,6,2021,1479277,48790,13066,238,6117,2057,67,30.32
120,Brawl Stars,6,2021,1474108,95649,28415,342,13819,2050,133,15.41
121,Subnautica: Below Zero,6,2021,1403450,73478,14327,360,8477,1951,102,19.1
122,Call of Duty: Mobile,6,2021,1367761,187793,21086,462,17696,1902,261,7.28
123,I'm Only Sleeping,6,2021,1361909,23583,18469,95,1669,1894,32,57.75
124,Stardew Valley,6,2021,1327638,137454,99539,377,19901,1846,191,9.66
125,Valheim,6,2021,1303912,91751,220135,277,9912,1813,127,14.21
126,Dark Souls,6,2021,1280282,70198,13468,185,7879,1780,97,18.24
127,Motorsport Manager,6,2021,1280209,3334,37447,17,360,1780,4,383.99
128,Epic Seven,6,2021,1267816,23363,18333,75,1270,1763,32,54.27
129,Going Medieval,6,2021,1262155,25812,32446,118,3069,1755,35,48.9
130,The Legend of Zelda: Breath of the Wild,6,2021,1250539,78549,9803,212,8417,1739,109,15.92
131,Hollow Knight,6,2021,1245065,79561,9750,222,10279,1731,110,15.65
132,PowerWash Simulator,6,2021,1211959,15088,25337,54,3153,1685,20,80.33
133,Warframe,6,2021,1201597,122075,22785,283,9394,1671,169,9.84
134,iRacing,6,2021,1198167,71727,8989,560,5246,1666,99,16.7
135,Yu-Gi-Oh! Duel Links,6,2021,1197294,25058,12166,80,2641,1665,34,47.78
136,Until We Die,6,2021,1180349,5960,35231,40,921,1641,8,198.05
137,The Elder Scrolls V: Skyrim,6,2021,1173276,75555,61216,179,8459,1631,105,15.53
138,Pok<U+00E9>mon Platinum,6,2021,1112468,16959,23181,57,2400,1547,23,65.6
139,Gears 5,6,2021,1074709,61461,13921,201,5806,1494,85,17.49
140,Farming Simulator 19,6,2021,1074652,69549,210885,232,6173,1494,96,15.45
141,Sekiro: Shadows Die Twice,6,2021,1050253,60352,18582,192,7298,1460,83,17.4
142,Halo: The Master Chief Collection,6,2021,1041629,125144,12754,497,16028,1448,174,8.32
143,Operation: Tango,6,2021,1031992,13642,46732,72,3482,1435,18,75.65
144,Summoners War: Sky Arena,6,2021,988852,21381,8272,62,1265,1375,29,46.25
145,Pok<U+00E9>mon GO,6,2021,986669,28996,13063,219,2640,1372,40,34.03
146,Raid: Shadow Legends,6,2021,980544,24829,12978,66,2540,1363,34,39.49
147,Virtual Casino,6,2021,980201,9174,15483,33,643,1363,12,106.85
148,7 Days to Die,6,2021,971682,124726,13911,315,9857,1351,173,7.79
149,Stream Raiders,6,2021,957581,49348,9205,160,2193,1331,68,19.4
150,Detroit: Become Human,6,2021,933950,31354,69232,103,4839,1298,43,29.79
151,Forza Horizon 4,6,2021,932089,93013,26479,256,15741,1296,129,10.02
152,Battlefield V,6,2021,921331,119691,35450,360,17439,1281,166,7.7
153,Super Mario 64,6,2021,921188,32496,13023,106,3432,1281,45,28.35
154,Monster Hunter Rise,6,2021,913315,74045,26630,275,7768,1270,102,12.33
155,Makers & Crafting,6,2021,911413,72289,5476,178,6602,1267,100,12.61
156,Super Smash Bros. Melee,6,2021,911269,21462,40729,86,2355,1267,29,42.46
157,Conqueror's Blade,6,2021,902262,27207,10730,79,1800,1254,37,33.16
158,Slay the Spire,6,2021,899934,17539,31556,53,2704,1251,24,51.31
159,Olympic Games Tokyo 2020: The Official Video Game,6,2021,898511,2446,37625,33,699,1249,3,367.34
160,Guild Wars 2,6,2021,882529,42401,3967,133,2905,1227,58,20.81
161,Lineage 2,6,2021,882131,57861,3043,174,1739,1226,80,15.25
162,Dread Hunger,6,2021,878374,6847,49594,33,691,1221,9,128.29
163,Conan Exiles,6,2021,876417,95683,28389,329,6483,1218,133,9.16
164,Dying Light,6,2021,865330,96610,17955,308,13478,1203,134,8.96
165,Star Citizen,6,2021,850419,39166,14388,125,2344,1182,54,21.71
166,Mortal Kombat 11,6,2021,845389,59145,17200,171,8658,1175,82,14.29
167,Life is Strange: Before the Storm,6,2021,839116,4788,107681,26,846,1167,6,175.25
168,Football Manager 2021,6,2021,838878,26176,23150,114,2060,1166,36,32.05
169,Pok<U+00E9>mon Unite,6,2021,822027,10931,45997,342,2112,1143,15,75.2
170,Phantasy Star Online 2,6,2021,821694,67907,18961,456,6902,1142,94,12.1
171,Paladins,6,2021,811570,90750,8791,228,11968,1128,126,8.94
172,Dark Souls II,6,2021,811497,42796,10581,132,4268,1128,59,18.96
173,Final Fantasy VII,6,2021,811156,14827,10425,50,1450,1128,20,54.71
174,Pummel Party,6,2021,811001,16923,50915,102,5513,1127,23,47.92
175,Bloodborne,6,2021,801374,63411,7547,150,6754,1114,88,12.64
176,Raft,6,2021,797686,53028,53128,195,9486,1109,73,15.04
177,Miitopia,6,2021,797300,22955,17956,113,2683,1108,31,34.73
178,Necromunda: Hired Gun,6,2021,793254,14071,55118,280,2650,1103,19,56.38
179,Albion Online,6,2021,788040,50828,3405,118,3113,1096,70,15.5
180,RuneScape,6,2021,786808,43773,6257,110,2715,1094,60,17.97
181,Ni no Kuni: Cross Worlds,6,2021,780276,12473,17143,169,1122,1085,17,62.56
182,Yakuza 6: The Song of Life,6,2021,778561,5309,22473,26,390,1082,7,146.65
183,Sniper Ghost Warrior Contracts 2,6,2021,778271,16694,82154,134,2273,1082,23,46.62
184,Jackbox Party Packs,6,2021,776837,40983,17146,237,10522,1080,57,18.96
185,Super Mario Odyssey,6,2021,768691,15817,26801,53,1932,1069,21,48.6
186,Resident Evil 7 biohazard,6,2021,764140,84771,31608,299,15370,1062,117,9.01
187,Hearts of Iron IV,6,2021,760015,15667,13689,70,1717,1057,21,48.51
188,Phantasy Star Online 2 New Genesis,6,2021,741489,39313,40845,1563,8049,1031,54,18.86
189,SnowRunner,6,2021,741451,56983,50189,205,5451,1031,79,13.01
190,Project Zomboid,6,2021,732815,21565,8293,63,1873,1019,29,33.98
191,Demon's Souls,6,2021,728827,28065,23199,88,3640,1013,39,25.97
192,Phantom Abyss,6,2021,726467,8813,35136,101,2036,1010,12,82.43
193,The Legend of Zelda: Ocarina of Time,6,2021,721669,37154,11640,153,3150,1003,51,19.42
194,Biomutant,6,2021,719024,102352,19200,719,12208,1000,142,7.03
195,Overcooked! 2,6,2021,715442,79740,31697,823,29331,995,110,8.97
196,War Thunder,6,2021,704459,73613,8812,223,7035,979,102,9.57
197,Muck,6,2021,701456,31741,60091,112,8591,975,44,22.1
198,Trials Rising,6,2021,698899,4626,217333,26,581,972,6,151.08
199,Little Nightmares II,6,2021,695130,27581,43518,105,6128,966,38,25.2
200,Tabletop RPGs,6,2021,688130,23602,20018,122,2567,957,32,29.16
1,Just Chatting,7,2021,240051080,3204980,772137,6307,425721,323083,4313,74.9
2,Grand Theft Auto V,7,2021,142539300,2344127,476100,6212,196492,191842,3154,60.81
3,League of Legends,7,2021,134363514,2961094,511589,6029,215610,180839,3985,45.38
4,VALORANT,7,2021,80880189,3289089,296686,6844,287260,108856,4426,24.59
5,Call of Duty: Warzone,7,2021,71791742,2986579,348510,7945,180991,96624,4019,24.04
6,Fortnite,7,2021,69328083,5002281,341415,11334,488332,93308,6732,13.86
7,Counter-Strike: Global Offensive,7,2021,58658860,1107453,696447,2513,112617,78948,1490,52.97
8,Minecraft,7,2021,53624353,2819049,903466,6282,353450,72172,3794,19.02
9,World of Warcraft,7,2021,47511323,1222339,315079,5799,60203,63945,1645,38.87
10,Apex Legends,7,2021,47318823,3370855,216112,7107,263707,63686,4536,14.04
11,Dota 2,7,2021,42539578,677045,403938,1508,33330,57253,911,62.83
12,Escape from Tarkov,7,2021,42322226,1251845,196597,4929,51881,56961,1684,33.81
13,New World,7,2021,35229970,695116,730955,9618,54125,47415,935,50.68
14,Dead by Daylight,7,2021,30128892,1721062,82335,4294,137795,40550,2316,17.51
15,Rust,7,2021,29623778,375046,402922,1103,31052,39870,504,78.99
16,Slots,7,2021,29383509,122370,101322,261,6294,39547,164,240.12
17,Final Fantasy XIV Online,7,2021,25964155,559449,221958,1860,38306,34945,752,46.41
18,Music,7,2021,21205238,890989,160833,1860,49773,28540,1199,23.8
19,Hearthstone,7,2021,18547791,146028,70432,351,11032,24963,196,127.02
20,Sports,7,2021,17607365,92483,783599,740,10996,23697,124,190.38
21,Genshin Impact,7,2021,16784299,845991,504684,5457,76132,22589,1138,19.84
22,Pok<U+00E9>mon Unite,7,2021,16428110,287825,225808,2589,36529,22110,387,57.08
23,Tom Clancy's Rainbow Six Siege,7,2021,15066933,726801,75729,1556,91421,20278,978,20.73
24,PUBG: BATTLEGROUNDS,7,2021,14617672,572549,190860,1125,36808,19673,770,25.53
25,FIFA 21,7,2021,14524522,545855,93105,1773,64768,19548,734,26.61
26,ASMR,7,2021,12202382,133798,41487,240,6286,16423,180,91.2
27,Path of Exile,7,2021,12196528,162960,183102,2797,8966,16415,219,74.84
28,DayZ,7,2021,11185731,179726,292278,481,13496,15054,241,62.24
29,Overwatch,7,2021,10952403,703256,49877,1776,73442,14740,946,15.57
30,Art,7,2021,10342254,601701,34790,1241,61280,13919,809,17.19
31,LOST ARK,7,2021,9783818,176362,83615,731,6317,13167,237,55.48
32,Rocket League,7,2021,9481467,923405,56276,2143,155609,12761,1242,10.27
33,Teamfight Tactics,7,2021,8797725,185596,59357,535,22340,11840,249,47.4
34,StarCraft,7,2021,8629736,31596,98708,101,2352,11614,42,273.13
35,Call Of Duty: Modern Warfare,7,2021,7975252,3417753,27468,8910,275172,10733,4599,2.33
36,Garena Free Fire,7,2021,7878693,305198,80023,833,25717,10603,410,25.82
37,Chess,7,2021,7668385,62277,58457,172,6872,10320,83,123.13
38,Call of Duty: Black Ops Cold War,7,2021,7229071,1010598,98190,3788,110101,9729,1360,7.15
39,Sea of Thieves,7,2021,7121195,502637,48829,1656,54840,9584,676,14.17
40,Destiny 2,7,2021,6593873,531155,93427,2180,40601,8874,714,12.41
41,Clash Royale,7,2021,6466300,71914,72981,357,12619,8702,96,89.92
42,"Pools, Hot Tubs, and Beaches",7,2021,5875303,77224,50205,150,6607,7907,103,76.08
43,Talk Shows & Podcasts,7,2021,5848649,168123,141308,538,14103,7871,226,34.79
44,Black Desert Online,7,2021,5316166,173693,22203,350,8920,7155,233,30.61
45,Travel & Outdoors,7,2021,5271680,96233,56068,179,4967,7095,129,54.78
46,SMITE,7,2021,5131103,198075,40070,611,16122,6905,266,25.9
47,Warframe,7,2021,4924434,181661,554440,829,13645,6627,244,27.11
48,Fall Guys: Ultimate Knockout,7,2021,4854240,185383,118760,748,42332,6533,249,26.18
49,Old School RuneScape,7,2021,4848691,112803,27580,255,6088,6525,151,42.98
50,NBA 2K21,7,2021,4656932,560234,52898,1520,57255,6267,754,8.31
51,Magic: The Gathering,7,2021,4593181,83889,27235,323,7301,6181,112,54.75
52,Poker,7,2021,4481058,70464,24837,247,3731,6031,94,63.59
53,RimWorld,7,2021,4464933,60281,34657,291,4680,6009,81,74.07
54,TrackMania,7,2021,4355550,33181,84696,269,4043,5862,44,131.27
55,Among Us,7,2021,4331608,136112,112417,508,35164,5829,183,31.82
56,Retro,7,2021,4329793,181753,26358,412,11025,5827,244,23.82
57,F1 2021,7,2021,4237467,97565,47515,697,13175,5703,131,43.43
58,Guilty Gear: Strive,7,2021,4159366,118873,30550,377,13384,5598,159,34.99
59,StarCraft II,7,2021,4038126,55081,35091,117,3985,5434,74,73.31
60,Special Events,7,2021,4000202,33441,347333,713,4621,5383,45,119.62
61,The Legend of Zelda: Skyward Sword HD,7,2021,3791551,117351,60837,1105,11392,5103,157,32.31
62,World of Tanks,7,2021,3697632,130470,21108,385,7931,4976,175,28.34
63,Monster Hunter Stories 2: Wings of Ruin,7,2021,3291372,137162,39406,776,8874,4429,184,24.0
64,Dark Souls III,7,2021,3248563,183876,124687,413,20216,4372,247,17.67
65,VRChat,7,2021,3009785,101386,31816,361,10362,4050,136,29.69
66,Pok<U+00E9>mon Sword/Shield,7,2021,2956760,127883,58972,321,10642,3979,172,23.12
67,Phasmophobia,7,2021,2954843,278818,151428,935,59659,3976,375,10.6
68,I'm Only Sleeping,7,2021,2919253,41876,18134,125,2919,3929,56,69.71
69,Dungeons & Dragons,7,2021,2908319,88265,58780,434,8810,3914,118,32.95
70,Age of Empires II,7,2021,2837032,46231,20387,114,3804,3818,62,61.37
71,Aion,7,2021,2796275,22330,30970,70,1022,3763,30,125.23
72,Super Smash Bros. Melee,7,2021,2760024,22127,117332,90,2435,3714,29,124.74
73,Brawlhalla,7,2021,2747377,98115,59799,252,20554,3697,132,28.0
74,Heroes of Might and Magic III: The Restoration of Erathia,7,2021,2706124,18430,14469,58,666,3642,24,146.83
75,Diablo III,7,2021,2638720,83475,30286,899,7451,3551,112,31.61
76,Axie Infinity,7,2021,2629372,38725,14630,195,2777,3538,52,67.9
77,World of Warships,7,2021,2611862,60656,24199,157,3917,3515,81,43.06
78,The Sims 4,7,2021,2576902,128251,32822,686,19715,3468,172,20.09
79,Tibia,7,2021,2548197,142011,11672,409,5285,3429,191,17.94
80,Ark: Survival Evolved,7,2021,2534619,246249,13069,570,20170,3411,331,10.29
81,Games + Demos,7,2021,2459361,363219,41607,780,51876,3310,488,6.77
82,The Elder Scrolls Online,7,2021,2441553,98655,24511,259,7232,3286,132,24.75
83,Tribes of Midgard,7,2021,2428585,40208,97684,927,5857,3268,54,60.4
84,Science & Technology,7,2021,2396481,174439,14006,344,7923,3225,234,13.74
85,Hunt: Showdown,7,2021,2352686,158700,27170,497,12187,3166,213,14.82
86,Roblox,7,2021,2321527,429801,75600,873,67091,3124,578,5.4
87,God of War,7,2021,2229861,68241,58226,179,7277,3001,91,32.68
88,Legends of Runeterra,7,2021,2224523,36559,41116,114,3222,2993,49,60.85
89,Super Smash Bros. Ultimate,7,2021,2203930,118354,27408,485,14504,2966,159,18.62
90,The Binding of Isaac: Repentance,7,2021,2176105,65884,23799,181,8226,2928,88,33.03
91,Terraria,7,2021,2119549,101076,58558,233,12716,2852,136,20.97
92,Virtual Casino,7,2021,2082608,11848,42996,39,951,2802,15,175.78
93,MLB The Show 21,7,2021,2023902,109011,26463,403,11061,2723,146,18.57
94,Ashes of Creation,7,2021,2019089,9110,219112,218,694,2717,12,221.63
95,Conqueror's Blade,7,2021,1996791,36865,56150,166,2038,2687,49,54.16
96,League of Legends: Wild Rift,7,2021,1984399,90137,19394,244,6762,2670,121,22.02
97,Red Dead Redemption 2,7,2021,1968299,285507,22715,1029,28440,2649,384,6.89
98,MapleStory,7,2021,1874826,66939,13834,206,3728,2523,90,28.01
99,Ghost Hunters Corp,7,2021,1817049,44483,111816,449,8098,2445,59,40.85
100,Gartic Phone,7,2021,1815673,55065,94316,190,21655,2443,74,32.97
101,osu!,7,2021,1806284,212647,16030,441,36478,2431,286,8.49
102,Food & Drink,7,2021,1701737,38952,22911,95,7728,2290,52,43.69
103,Tekken 7,7,2021,1686212,71030,33520,143,8106,2269,95,23.74
104,War by Grow Games,7,2021,1650337,2150,49027,19,358,2221,2,767.6
105,Street Fighter V,7,2021,1619968,37429,62848,96,3499,2180,50,43.28
106,PUBG Mobile,7,2021,1610463,106357,30284,236,7286,2167,143,15.14
107,Marbles On Stream,7,2021,1603554,50375,38618,145,11612,2158,67,31.83
108,Super Mario Maker 2,7,2021,1597383,30631,27787,84,2688,2149,41,52.15
109,Heroes of the Storm,7,2021,1591849,61140,9992,148,4241,2142,82,26.04
110,Dark Souls,7,2021,1581160,71535,18415,190,7924,2128,96,22.1
111,Sekiro: Shadows Die Twice,7,2021,1571005,78643,17105,199,8484,2114,105,19.98
112,Raid: Shadow Legends,7,2021,1563991,25562,182649,157,2968,2104,34,61.18
113,Grand Chase,7,2021,1557820,58616,57349,1280,9837,2096,78,26.58
114,Super Mario 64,7,2021,1546374,32210,123943,86,3503,2081,43,48.01
115,Pok<U+00E9>mon GO,7,2021,1546093,36166,26091,281,3403,2080,48,42.75
116,Slay the Spire,7,2021,1527404,20818,7630,54,2915,2055,28,73.37
117,Call of Duty: Black Ops 4,7,2021,1485317,210507,53879,650,25795,1999,283,7.06
118,Eternal Return,7,2021,1471910,60453,19836,179,4525,1981,81,24.35
119,Muck,7,2021,1469109,49767,77763,141,13408,1977,66,29.52
120,Star Wars: The Old Republic,7,2021,1427972,31614,55080,107,2859,1921,42,45.17
121,iRacing,7,2021,1391884,90079,47056,986,5332,1873,121,15.45
122,Resident Evil Village,7,2021,1368358,120968,29449,331,17738,1841,162,11.31
123,Death's Door,7,2021,1350342,28499,54916,287,4463,1817,38,47.38
124,Crypto,7,2021,1344893,61267,5686,125,996,1810,82,21.95
125,Mario Golf: Super Rush,7,2021,1339247,20687,39917,166,4483,1802,27,64.74
126,Mario Kart 8,7,2021,1331500,32535,38810,134,7209,1792,43,40.93
127,Rogue Company,7,2021,1327270,139896,80768,526,20532,1786,188,9.49
128,Stardew Valley,7,2021,1322042,144335,15647,372,20654,1779,194,9.16
129,The Legend of Zelda: Breath of the Wild,7,2021,1318638,73406,85533,207,7694,1774,98,17.96
130,The Elder Scrolls V: Skyrim,7,2021,1317226,88522,10112,199,9663,1772,119,14.88
131,Paladins,7,2021,1308430,102636,6637,268,13038,1761,138,12.75
132,Halo: The Master Chief Collection,7,2021,1302584,153906,13885,481,19830,1753,207,8.46
133,GeoGuessr,7,2021,1290446,29440,94568,111,6859,1736,39,43.83
134,Call of Duty: Mobile,7,2021,1288007,196250,15084,475,18615,1733,264,6.56
135,Pok<U+00E9>mon Trading Card Game,7,2021,1279311,42410,6353,172,5040,1721,57,30.17
136,Hollow Knight,7,2021,1277041,94395,15354,247,11902,1718,127,13.53
137,Brawl Stars,7,2021,1266305,95863,14626,220,13307,1704,129,13.21
138,7 Days to Die,7,2021,1249874,124013,28696,289,9748,1682,166,10.08
139,Animal Crossing: New Horizons,7,2021,1243073,62299,7160,158,7032,1673,83,19.95
140,Warcraft III,7,2021,1242937,33235,8381,88,1679,1672,44,37.4
141,Olympic Games Tokyo 2020: The Official Video Game,7,2021,1239848,8714,103448,105,2881,1668,11,142.28
142,Crowfall,7,2021,1211236,14248,29470,90,847,1630,19,85.01
143,Epic Seven,7,2021,1207632,21393,22277,75,1213,1625,28,56.45
144,Euro Truck Simulator 2,7,2021,1194187,122958,10772,464,14434,1607,165,9.71
145,Jackbox Party Packs,7,2021,1125693,43433,166746,197,10933,1515,58,25.92
146,Pummel Party,7,2021,1121697,21588,75919,135,6850,1509,29,51.96
147,Stream Raiders,7,2021,1113585,47870,9162,155,2048,1498,64,23.26
148,PICO PARK,7,2021,1110261,5387,75081,116,2072,1494,7,206.1
149,Project Zomboid,7,2021,1085946,21140,8554,59,1993,1461,28,51.37
150,Left 4 Dead 2,7,2021,1059607,61374,98740,210,13979,1426,82,17.26
151,Doki Doki Literature Club Plus!,7,2021,1051769,38120,32269,325,6863,1415,51,27.59
152,Gwent: The Witcher Card Game,7,2021,1005189,14114,11687,44,1007,1352,18,71.22
153,Super Mario World,7,2021,1001473,21447,54932,66,2158,1347,28,46.7
154,Dark Souls II,7,2021,998489,49855,14189,125,4554,1343,67,20.03
155,Watch Parties,7,2021,996230,15925,113445,65,4510,1340,21,62.56
156,The Forest,7,2021,988237,93139,26836,267,16574,1330,125,10.61
157,It Takes Two,7,2021,985086,64974,43634,203,11863,1325,87,15.16
158,Orcs Must Die! 3,7,2021,981887,13234,44463,156,2092,1321,17,74.19
159,Total War: Warhammer II,7,2021,971266,29262,8672,188,2284,1307,39,33.19
160,Chernobylite,7,2021,968752,8824,41599,165,1790,1303,11,109.79
161,Battlefield 4,7,2021,964309,116830,13936,377,17361,1297,157,8.25
162,Life is Strange,7,2021,961963,14856,86383,50,2668,1294,19,64.75
163,The Legend of Zelda: Ocarina of Time,7,2021,927501,34775,13109,169,3099,1248,46,26.67
164,For Honor,7,2021,924074,60361,10707,262,7743,1243,81,15.31
165,Dread Hunger,7,2021,919558,6233,68993,30,679,1237,8,147.53
166,Makers & Crafting,7,2021,915405,72735,8207,168,6688,1232,97,12.59
167,Swords of Legends Online,7,2021,906359,56691,15157,639,4054,1219,76,15.99
168,Lineage 2,7,2021,898559,52900,22842,210,1782,1209,71,16.99
169,Grounded,7,2021,886410,39885,19665,285,7159,1193,53,22.22
170,Garry's Mod,7,2021,881806,23573,67430,79,4843,1186,31,37.41
171,Guild Wars 2,7,2021,860931,42132,55773,155,3040,1158,56,20.43
172,Yu-Gi-Oh! Duel Links,7,2021,860297,22889,7817,59,2501,1157,30,37.59
173,Motorsport Manager,7,2021,859522,2339,23478,17,295,1156,3,367.47
174,Summoners War: Sky Arena,7,2021,852493,19463,6494,62,1152,1147,26,43.8
175,Bloodborne,7,2021,852486,65449,16132,159,7026,1147,88,13.03
176,Knight Online,7,2021,837806,12647,8989,51,692,1127,17,66.25
177,The Witcher 3: Wild Hunt,7,2021,836800,78722,39324,236,8341,1126,105,10.63
178,Mass Effect Legendary Edition,7,2021,819274,100089,5801,320,7165,1102,134,8.19
179,Gears 5,7,2021,818447,58241,9338,194,5891,1101,78,14.05
180,Overcooked! 2,7,2021,804291,35314,82590,210,13544,1082,47,22.78
181,Detroit: Become Human,7,2021,800812,37948,13376,114,5708,1077,51,21.1
182,Halo Infinite,7,2021,800114,29218,52571,1221,7662,1076,39,27.38
183,Raft,7,2021,797044,59761,15225,191,10172,1072,80,13.34
184,Super Mario Odyssey,7,2021,795648,16545,110002,58,1993,1070,22,48.09
185,Microsoft Flight Simulator,7,2021,794256,47846,25594,488,6348,1068,64,16.6
186,Forza Horizon 4,7,2021,782995,95859,11728,283,16056,1053,129,8.17
187,Tabletop RPGs,7,2021,780722,23595,24154,122,2510,1050,31,33.09
188,Max Payne 3,7,2021,779013,2758,18322,15,467,1048,3,282.46
189,Splitgate,7,2021,775354,115267,16575,1697,25184,1043,155,6.73
190,Star Citizen,7,2021,768864,30111,14898,124,1962,1034,40,25.53
191,Pok<U+00E9>mon Platinum,7,2021,765924,21976,55154,82,2684,1030,29,34.85
192,Outlast,7,2021,760868,35785,92514,133,10924,1024,48,21.26
193,Darkest Dungeon,7,2021,742547,22342,9045,61,2900,999,30,33.24
194,Kartrider,7,2021,739761,15069,16763,71,1630,995,20,49.09
195,Ranch Simulator,7,2021,737753,9174,44631,49,1339,992,12,80.42
196,Farming Simulator 19,7,2021,734652,92123,8851,294,8291,988,123,7.97
197,RuneScape,7,2021,727039,40883,7311,112,2689,978,55,17.78
198,Demon's Souls,7,2021,724001,36562,110109,116,4066,974,49,19.8
199,Football Manager 2021,7,2021,696341,27205,4301,99,2010,937,36,25.6
200,Dungeon Fighter Online,7,2021,689837,18164,23528,69,682,928,24,37.98
1,Just Chatting,8,2021,249610555,3255305,736910,6517,428053,335949,4381,76.68
2,Grand Theft Auto V,8,2021,144558823,2270925,500974,5598,179725,194561,3056,63.66
3,League of Legends,8,2021,138132735,2964379,931796,5614,215239,185912,3989,46.6
4,Apex Legends,8,2021,92864047,4709072,404843,13378,349077,124985,6337,19.72
5,Fortnite,8,2021,77871428,4764584,719861,52969,473438,104806,6412,16.34
6,VALORANT,8,2021,77525514,3085069,294465,6435,272547,104341,4152,25.13
7,Minecraft,8,2021,75945145,2659710,897758,6024,333391,102214,3579,28.55
8,Call of Duty: Warzone,8,2021,60714613,2597525,748730,13772,160938,81715,3495,23.37
9,Counter-Strike: Global Offensive,8,2021,49822431,1099409,378388,2538,114949,67055,1479,45.32
10,Dota 2,8,2021,42716591,731191,218368,1701,35607,57492,984,58.42
11,Slots,8,2021,30646773,115495,103354,244,5900,41247,155,265.35
12,Dead by Daylight,8,2021,30390294,1635924,171906,3583,130295,40902,2201,18.58
13,Hearthstone,8,2021,23392208,172623,137976,756,12654,31483,232,135.51
14,Music,8,2021,22282676,885871,149829,1825,49396,29990,1192,25.15
15,Final Fantasy XIV Online,8,2021,20000785,643241,117726,1835,40896,26918,865,31.09
16,World of Warcraft,8,2021,19746958,981434,57948,3925,48563,26577,1320,20.12
17,Escape from Tarkov,8,2021,19712458,792669,56126,1668,35478,26530,1066,24.87
18,LOST ARK,8,2021,19270349,225074,93305,796,8020,25935,302,85.62
19,Genshin Impact,8,2021,17229777,798172,619020,2372,76684,23189,1074,21.59
20,Sports,8,2021,16931476,86955,514973,397,9439,22787,117,194.72
21,Back 4 Blood,8,2021,14637233,390022,432868,5348,85806,19700,524,37.53
22,ASMR,8,2021,14234931,134825,39693,255,6294,19158,181,105.58
23,Art,8,2021,13245119,608437,100089,1214,60053,17826,818,21.77
24,Tom Clancy's Rainbow Six Siege,8,2021,12148236,675741,131162,1548,82532,16350,909,17.98
25,Path of Exile,8,2021,12077642,207242,71993,533,8446,16255,278,58.28
26,PUBG: BATTLEGROUNDS,8,2021,11881892,570068,68265,1125,35792,15991,767,20.84
27,Teamfight Tactics,8,2021,11036898,185104,37174,408,21199,14854,249,59.63
28,FIFA 21,8,2021,10862711,494339,61977,1579,56917,14620,665,21.97
29,Fall Guys: Ultimate Knockout,8,2021,10516692,225943,231028,586,52382,14154,304,46.55
30,Rocket League,8,2021,10321054,914357,90265,2668,149188,13891,1230,11.29
31,Garena Free Fire,8,2021,9418782,300205,160006,861,24365,12676,404,31.37
32,Special Events,8,2021,9268275,42663,1010436,2203,7200,12474,57,217.24
33,Overwatch,8,2021,8981103,573820,43807,1227,59940,12087,772,15.65
34,Twelve Minutes,8,2021,8432171,83481,359334,1250,18721,11348,112,101.01
35,Rust,8,2021,8198469,314468,48474,1264,25073,11034,423,26.07
36,Destiny 2,8,2021,7905861,604130,287418,4114,47529,10640,813,13.09
37,Chess,8,2021,7899228,61942,189970,160,6994,10631,83,127.53
38,Pok<U+00E9>mon Unite,8,2021,7704610,301394,52815,1117,30487,10369,405,25.56
39,Jump King,8,2021,7294790,21543,131067,75,4340,9818,28,338.62
40,Call Of Duty: Modern Warfare,8,2021,7092414,3047731,31015,19720,243444,9545,4101,2.33
41,Old School RuneScape,8,2021,6607188,114511,38151,247,6175,8892,154,57.7
42,Project Zomboid,8,2021,6405060,38270,67832,131,3675,8620,51,167.37
43,Poker,8,2021,6260508,73530,48817,254,3932,8425,98,85.14
44,Splitgate,8,2021,6007505,748783,104035,2493,142346,8085,1007,8.02
45,Talk Shows & Podcasts,8,2021,5972000,168965,45738,532,13715,8037,227,35.34
46,Diablo II: Resurrected,8,2021,5941835,105952,273581,2663,16684,7997,142,56.08
47,Among Us,8,2021,5647046,135827,214019,474,35178,7600,182,41.58
48,Phasmophobia,8,2021,5626125,372777,130230,2717,75441,7572,501,15.09
49,SMITE,8,2021,5297826,202713,29015,596,16025,7130,272,26.13
50,Clash Royale,8,2021,5133498,68386,62893,173,11601,6909,92,75.07
51,DayZ,8,2021,5102121,194801,165655,553,13839,6866,262,26.19
52,Naraka: Bladepoint,8,2021,5010626,149856,106542,920,13816,6743,201,33.44
53,World of Tanks,8,2021,4978095,150448,51325,517,8946,6699,202,33.09
54,Axie Infinity,8,2021,4868904,75811,23475,223,5193,6553,102,64.22
55,Call of Duty: Black Ops Cold War,8,2021,4765086,869483,31833,2323,88648,6413,1170,5.48
56,Super Smash Bros. Ultimate,8,2021,4760960,105643,104514,334,12455,6407,142,45.07
57,Retro,8,2021,4403444,244682,14260,515,11420,5926,329,18.0
58,Sea of Thieves,8,2021,4382507,299685,33262,818,31220,5898,403,14.62
59,StarCraft II,8,2021,4339923,57359,35929,120,3991,5841,77,75.66
60,"Pools, Hot Tubs, and Beaches",8,2021,4281440,65093,63098,127,4656,5762,87,65.77
61,Magic: The Gathering,8,2021,4186694,81175,48822,234,6767,5634,109,51.58
62,Black Desert Online,8,2021,4144082,150238,16387,326,7416,5577,202,27.58
63,Eternal Return,8,2021,3852658,70744,43827,213,5623,5185,95,54.46
64,Gartic Phone,8,2021,3820713,68052,104247,241,25977,5142,91,56.14
65,Ark: Survival Evolved,8,2021,3652557,219873,34501,498,18268,4915,295,16.61
66,NBA 2K21,8,2021,3577765,438379,34110,1308,44062,4815,590,8.16
67,RimWorld,8,2021,3560934,65991,24705,179,4454,4792,88,53.96
68,Red Dead Redemption 2,8,2021,3507479,301287,17146,743,27189,4720,405,11.64
69,Pok<U+00E9>mon Sword/Shield,8,2021,3394809,128019,63857,448,10648,4569,172,26.52
70,Hunt: Showdown,8,2021,3360771,190105,33652,732,13090,4523,255,17.68
71,New World,8,2021,3325841,54821,102904,1357,8004,4476,73,60.67
72,Brawlhalla,8,2021,3325208,96127,50227,237,19918,4475,129,34.59
73,PICO PARK,8,2021,3282350,32527,136886,198,12366,4417,43,100.91
74,TrackMania,8,2021,3155049,27330,65752,125,2993,4246,36,115.44
75,Roblox,8,2021,3116282,440914,160035,1136,68187,4194,593,7.07
76,Madden NFL 22,8,2021,3050125,149576,32817,1040,15873,4105,201,20.39
77,Aliens: Fireteam Elite,8,2021,3015624,71646,198891,1015,10094,4058,96,42.09
78,Street Fighter V,8,2021,2998899,50704,56550,204,4768,4036,68,59.15
79,World of Warships,8,2021,2898257,70494,31930,198,4451,3900,94,41.11
80,VRChat,8,2021,2881719,101904,33384,289,10707,3878,137,28.28
81,F1 2021,8,2021,2864567,107744,36976,706,13604,3855,145,26.59
82,Road 96,8,2021,2846402,25462,87979,201,4563,3830,34,111.79
83,Tribes of Midgard,8,2021,2815143,95772,55090,405,11355,3788,128,29.39
84,Games + Demos,8,2021,2741880,422889,50911,4243,65461,3690,569,6.48
85,I'm Only Sleeping,8,2021,2734488,49870,15589,188,2975,3680,67,54.83
86,HUMANKIND,8,2021,2712686,41137,106298,589,5348,3650,55,65.94
87,Travel & Outdoors,8,2021,2678100,88399,73336,166,4011,3604,118,30.3
88,Heroes of Might and Magic III: The Restoration of Erathia,8,2021,2667940,21314,21617,76,773,3590,28,125.17
89,Science & Technology,8,2021,2653805,185764,18340,352,7862,3571,250,14.29
90,Age of Empires II,8,2021,2653409,48384,16282,136,4023,3571,65,54.84
91,Dark Souls III,8,2021,2649535,173686,31489,399,18286,3565,233,15.25
92,The Sims 4,8,2021,2563973,121032,93589,325,18492,3450,162,21.18
93,The Elder Scrolls Online,8,2021,2522235,101213,26130,263,7787,3394,136,24.92
94,Guilty Gear: Strive,8,2021,2513816,76522,70270,356,9629,3383,102,32.85
95,7 Days to Die,8,2021,2494751,130400,26935,312,10174,3357,175,19.13
96,Virtual Casino,8,2021,2477358,13928,21668,45,1157,3334,18,177.87
97,The Legend of Zelda: Breath of the Wild,8,2021,2392911,64932,31468,149,6504,3220,87,36.85
98,Diablo III,8,2021,2370875,102371,14283,283,8734,3190,137,23.16
99,Bloons TD 6,8,2021,2357666,33747,92797,97,6979,3173,45,69.86
100,Warcraft III,8,2021,2339096,34009,38248,87,1806,3148,45,68.78
101,MapleStory,8,2021,2272946,58633,14448,161,3026,3059,78,38.77
102,Tibia,8,2021,2250666,127841,9706,349,4881,3029,172,17.61
103,League of Legends: Wild Rift,8,2021,2186158,91217,19701,218,6542,2942,122,23.97
104,Food & Drink,8,2021,2107918,37414,47799,90,7459,2837,50,56.34
105,The Binding of Isaac: Repentance,8,2021,2076355,59344,37590,153,7206,2794,79,34.99
106,Legends of Runeterra,8,2021,2071073,32491,18828,204,3181,2787,43,63.74
107,Super Mario 64,8,2021,1970181,34841,73394,105,3750,2651,46,56.55
108,Paladins,8,2021,1919897,100063,10009,250,12301,2583,134,19.19
109,osu!,8,2021,1917432,205425,20448,416,34801,2580,276,9.33
110,Dungeons & Dragons,8,2021,1897523,86177,42355,424,8304,2553,115,22.02
111,Detroit: Become Human,8,2021,1896026,34496,38941,100,5360,2551,46,54.96
112,The Legend of Zelda: Skyward Sword HD,8,2021,1858455,75996,32019,281,7073,2501,102,24.45
113,Warframe,8,2021,1830235,159520,106550,404,11690,2463,214,11.47
114,Tricky Towers,8,2021,1787908,3791,92733,24,1567,2406,5,471.62
115,Pok<U+00E9>mon Trading Card Game,8,2021,1720787,41949,55413,226,5114,2315,56,41.02
116,Guild Wars 2,8,2021,1678170,61701,22640,202,4248,2258,83,27.2
117,Hades,8,2021,1606051,122032,69311,551,18247,2161,164,13.16
118,Marbles On Stream,8,2021,1601267,50775,44226,164,11580,2155,68,31.54
119,Riders Republic,8,2021,1581599,12575,138178,301,4402,2128,16,125.77
120,Sekiro: Shadows Die Twice,8,2021,1569267,64233,77974,152,7181,2112,86,24.43
121,Euro Truck Simulator 2,8,2021,1558495,118738,59792,427,13441,2097,159,13.13
122,Super Mario Maker 2,8,2021,1554087,30411,12208,81,2601,2091,40,51.1
123,Tekken 7,8,2021,1543893,65076,30309,140,6869,2077,87,23.72
124,Dark Souls,8,2021,1465523,73773,10245,184,7952,1972,99,19.87
125,Crypto,8,2021,1448075,54188,5619,95,1147,1948,72,26.72
126,Friday the 13th: The Game,8,2021,1428457,34992,194748,707,7408,1922,47,40.82
127,War by Grow Games,8,2021,1427900,2208,33962,18,305,1921,2,646.69
128,Call of Duty: Black Ops 4,8,2021,1417306,135214,67628,410,13284,1907,181,10.48
129,Darkest Dungeon,8,2021,1379225,23975,20477,70,2951,1856,32,57.53
130,MLB The Show 21,8,2021,1377478,84318,18006,314,8955,1853,113,16.34
131,PUBG Mobile,8,2021,1367203,106813,72558,248,7100,1840,143,12.8
132,Bless Unleashed,8,2021,1348131,86828,46486,463,6737,1814,116,15.53
133,Heroes of the Storm,8,2021,1330020,59332,5790,145,4042,1790,79,22.42
134,Dragon Ball FighterZ,8,2021,1295348,44636,50976,212,7585,1743,60,29.02
135,Call of Duty: Mobile,8,2021,1277121,194883,56900,550,17250,1718,262,6.55
136,Epic Seven,8,2021,1274582,22064,19330,91,1299,1715,29,57.77
137,Stardew Valley,8,2021,1242964,146885,7435,365,20710,1672,197,8.46
138,Battlefield V,8,2021,1220289,147487,24914,401,22060,1642,198,8.27
139,Animal Crossing: New Horizons,8,2021,1206544,62015,5866,140,6718,1623,83,19.46
140,Watch Parties,8,2021,1203660,18471,59426,95,4943,1620,24,65.16
141,Starbase,8,2021,1175752,29723,27604,115,1417,1582,40,39.56
142,StarCraft,8,2021,1163369,24414,12779,79,1631,1565,32,47.65
143,Dark Souls II,8,2021,1155547,44836,14005,114,4114,1555,60,25.77
144,The Elder Scrolls V: Skyrim,8,2021,1129690,97133,13372,228,10454,1520,130,11.63
145,Gwent: The Witcher Card Game,8,2021,1110830,14591,14276,57,1008,1495,19,76.13
146,Mario Kart 8 Deluxe,8,2021,1095984,16622,91055,111,4511,1475,22,65.94
147,Psychonauts 2,8,2021,1091485,45502,44798,748,6546,1469,61,23.99
148,Mario Kart 8,8,2021,1084746,30139,34337,147,6542,1459,40,35.99
149,Halo: The Master Chief Collection,8,2021,1077872,131100,30099,475,16948,1450,176,8.22
150,iRacing,8,2021,1073318,64727,4266,295,4621,1444,87,16.58
151,Idol Manager,8,2021,1070246,5274,32469,33,784,1440,7,202.93
152,Dark Roll: Free Kick Challenge,8,2021,1067746,1113,95455,17,448,1437,1,959.34
153,Diablo II,8,2021,1061968,34229,8460,125,2250,1429,46,31.03
154,Pok<U+00E9>mon Emerald,8,2021,1058635,20305,15079,62,2697,1424,27,52.14
155,It Takes Two,8,2021,1053898,50647,29823,146,9331,1418,68,20.81
156,Jackbox Party Packs,8,2021,1053458,44656,199029,230,11438,1417,60,23.59
157,Don't Starve Together,8,2021,1033776,41284,12738,125,5504,1391,55,25.04
158,Hollow Knight,8,2021,1026305,92229,60266,237,11550,1381,124,11.13
159,GeoGuessr,8,2021,999811,26574,42573,93,5941,1345,35,37.62
160,Chernobylite,8,2021,975408,23038,23987,149,3352,1312,31,42.34
161,Raid: Shadow Legends,8,2021,957918,28194,16355,85,3620,1289,37,33.98
162,Call of Duty: Vanguard,8,2021,950749,20981,136234,2155,7382,1279,28,45.31
163,Makers & Crafting,8,2021,947487,76117,17967,177,6687,1275,102,12.45
164,Ghost of Tsushima: Director's Cut,8,2021,934239,19886,24939,214,2517,1257,26,46.98
165,Slay the Spire,8,2021,930816,20169,24987,59,2976,1252,27,46.15
166,Tormented Souls,8,2021,929398,9423,51296,148,1883,1250,12,98.63
167,Granny,8,2021,928435,2470,121398,25,881,1249,3,375.88
168,Movie World,8,2021,924267,8730,2718,24,448,1243,11,105.87
169,Brawl Stars,8,2021,917031,88363,7047,268,11767,1234,118,10.38
170,Star Citizen,8,2021,913307,42028,14472,151,2909,1229,56,21.73
171,Summoners War: Sky Arena,8,2021,901724,17914,7781,58,1146,1213,24,50.34
172,Knight Online,8,2021,888521,28621,5166,98,1855,1195,38,31.04
173,The Forest,8,2021,887484,85566,10069,223,14358,1194,115,10.37
174,Rogue Company,8,2021,883489,152604,12490,474,21330,1189,205,5.79
175,ELYON,8,2021,883192,14871,55525,405,1969,1188,20,59.39
176,Stream Raiders,8,2021,878166,37917,18575,117,1755,1181,51,23.16
177,Alien: Isolation,8,2021,873436,34157,129105,102,6468,1175,45,25.57
178,Gears 5,8,2021,872539,54640,15978,201,5446,1174,73,15.97
179,Pok<U+00E9>mon GO,8,2021,865697,29294,16248,130,2651,1165,39,29.55
180,Super Mario World,8,2021,860905,21013,8883,61,2073,1158,28,40.97
181,Hivemind Gameshow,8,2021,860872,361,175053,43,95,1158,0,2384.69
182,Monster Hunter: World,8,2021,848377,94148,6421,228,9527,1141,126,9.01
183,Icarus,8,2021,843385,8950,70310,276,1877,1135,12,94.23
184,Garry's Mod,8,2021,841428,25620,37143,85,4816,1132,34,32.84
185,Resident Evil Village,8,2021,841354,74917,11496,228,11226,1132,100,11.23
186,Days Gone,8,2021,830574,66200,36614,176,6538,1117,89,12.55
187,Yu-Gi-Oh! Duel Links,8,2021,818667,22190,9408,60,2397,1101,29,36.89
188,Lineage 2,8,2021,786355,47749,2950,179,1805,1058,64,16.47
189,Metin2,8,2021,773327,19887,4262,68,1472,1040,26,38.89
190,Car Mechanic Simulator 2021,8,2021,772477,37536,28784,173,4374,1039,50,20.58
191,Farming Simulator 19,8,2021,771211,101111,4480,303,8693,1037,136,7.63
192,The Ascent,8,2021,769332,49378,18351,341,8880,1035,66,15.58
193,Bloodborne,8,2021,762617,65517,7175,169,7004,1026,88,11.64
194,Mortal Kombat 11,8,2021,757777,45601,19546,147,6295,1019,61,16.62
195,GRIME,8,2021,754791,12096,34331,86,1657,1015,16,62.4
196,Dofus,8,2021,749566,25706,4490,87,1660,1008,34,29.16
197,Football Manager 2021,8,2021,744650,29340,7649,102,2016,1002,39,25.38
198,Voidtrain,8,2021,739144,6689,37414,44,872,994,9,110.5
199,Microsoft Flight Simulator,8,2021,737207,51750,8383,181,5937,992,69,14.25
200,Ghost of Tsushima,8,2021,736598,118427,24061,604,11818,991,159,6.22
1,Just Chatting,9,2021,222594651,2982598,773047,8506,394043,309589,4148,74.63
2,Grand Theft Auto V,9,2021,144525900,1891853,591485,5085,139075,201009,2631,76.39
3,League of Legends,9,2021,107406590,2723708,618086,5548,201351,149383,3788,39.43
4,VALORANT,9,2021,92393642,2972494,732010,7148,257779,128502,4134,31.08
5,Minecraft,9,2021,76513540,2120032,795663,5693,275316,106416,2948,36.09
6,Apex Legends,9,2021,68691621,3511300,330106,9081,273660,95537,4883,19.56
7,Counter-Strike: Global Offensive,9,2021,61533744,1007538,725327,2823,105073,85582,1401,61.07
8,Fortnite,9,2021,60226831,4160495,1186225,82928,415949,83764,5786,14.48
9,Call of Duty: Warzone,9,2021,53919349,2329905,341961,6172,143456,74992,3240,23.14
10,New World,9,2021,40472173,800240,981589,16321,71631,56289,1112,50.58
11,FIFA 22,9,2021,35953907,309267,515344,5036,46786,50005,430,116.26
12,Dota 2,9,2021,34807412,682811,161687,1785,33889,48410,949,50.98
13,Dead by Daylight,9,2021,28737986,1617065,118509,3998,126846,39969,2249,17.77
14,Slots,9,2021,26088818,98868,206048,217,5378,36284,137,263.88
15,Hearthstone,9,2021,24268029,180100,82797,456,13193,33752,250,134.75
16,Music,9,2021,22968726,860743,86480,1853,47338,31945,1197,26.68
17,Genshin Impact,9,2021,19774498,1230300,134085,5435,98814,27502,1711,16.07
18,Diablo II: Resurrected,9,2021,19092641,306165,414244,5880,26042,26554,425,62.36
19,World of Warcraft,9,2021,17060029,907968,97202,4534,46353,23727,1262,18.79
20,Rust,9,2021,16145621,272467,154424,1060,20625,22455,378,59.26
21,ASMR,9,2021,14880538,145575,42179,269,5951,20696,202,102.22
22,Tom Clancy's Rainbow Six Siege,9,2021,14175292,654994,68568,1763,80001,19715,910,21.64
23,NBA 2K22,9,2021,13176255,767654,159548,7171,58275,18325,1067,17.16
24,Escape from Tarkov,9,2021,12802906,570979,35374,1332,27708,17806,794,22.42
25,LOST ARK,9,2021,12555243,195244,63012,771,6601,17462,271,64.31
26,Sports,9,2021,12073211,91293,238261,376,9958,16791,126,132.25
27,Special Events,9,2021,11645585,40800,1336553,3829,9875,16196,56,285.43
28,Final Fantasy XIV Online,9,2021,10220943,518106,133123,1669,32858,14215,720,19.73
29,Rocket League,9,2021,9691864,759162,108616,2223,125139,13479,1055,12.77
30,Destiny 2,9,2021,9679016,825205,46150,2616,59911,13461,1147,11.73
31,PUBG: BATTLEGROUNDS,9,2021,9638682,499144,66587,1093,30872,13405,694,19.31
32,Art,9,2021,9614043,572628,29398,1206,56359,13371,796,16.79
33,Teamfight Tactics,9,2021,9063864,155789,33818,348,18429,12606,216,58.18
34,Overwatch,9,2021,8401428,521831,78397,1146,53834,11684,725,16.1
35,Chess,9,2021,7318024,56201,87485,181,6174,10178,78,130.21
36,Garena Free Fire,9,2021,6642485,255462,89623,826,20881,9238,355,26.0
37,Phasmophobia,9,2021,6608987,472967,118322,1912,92019,9191,657,13.97
38,Poker,9,2021,6437639,74303,53586,275,3917,8953,103,86.64
39,Talk Shows & Podcasts,9,2021,6327940,169773,192745,542,13500,8801,236,37.27
40,Project Zomboid,9,2021,6031562,49085,51679,138,3961,8388,68,122.88
41,Call Of Duty: Modern Warfare,9,2021,5896504,2524537,46407,7012,199783,8200,3511,2.34
42,Call of Duty: Vanguard,9,2021,5782372,224813,217317,4023,43193,8042,312,25.72
43,Fall Guys: Ultimate Knockout,9,2021,5697224,181512,121838,505,44356,7923,252,31.39
44,Old School RuneScape,9,2021,5306324,110883,96187,273,6192,7380,154,47.86
45,DEATHLOOP,9,2021,5285183,87875,145605,1000,11199,7350,122,60.14
46,SMITE,9,2021,5061198,185960,35828,548,14859,7039,258,27.22
47,FIFA 21,9,2021,5043764,326522,65976,1530,43210,7014,454,15.45
48,Magic: The Gathering,9,2021,4935854,82984,24871,361,6904,6864,115,59.48
49,Vampire: The Masquerade - Bloodhunt,9,2021,4742914,175793,77990,899,33568,6596,244,26.98
50,Among Us,9,2021,4703977,107946,107621,446,28497,6542,150,43.58
51,Path of Exile,9,2021,4702386,103462,29420,467,4652,6540,143,45.45
52,Hunt: Showdown,9,2021,4483242,218205,36555,676,16042,6235,303,20.55
53,DayZ,9,2021,4335216,181083,30464,501,12745,6029,251,23.94
54,Sea of Thieves,9,2021,4323755,286395,36290,1036,27652,6013,398,15.1
55,World of Tanks,9,2021,4295650,145182,53473,470,8722,5974,201,29.59
56,Red Dead Redemption 2,9,2021,4145477,270922,41207,673,23856,5765,376,15.3
57,Clash Royale,9,2021,4049638,56933,69459,155,9401,5632,79,71.13
58,Axie Infinity,9,2021,4000649,70434,19659,192,5312,5564,97,56.8
59,Naraka: Bladepoint,9,2021,3894441,101554,100635,273,8992,5416,141,38.35
60,Tales of Arise,9,2021,3887606,276115,46190,1418,15551,5406,384,14.08
61,Kena: Bridge of Spirits,9,2021,3743009,127773,142054,2040,16933,5205,177,29.29
62,Bloons TD 6,9,2021,3684920,46245,88640,151,9343,5125,64,79.68
63,Super Smash Bros. Ultimate,9,2021,3636507,100594,84812,469,11924,5057,139,36.15
64,Gas Station Simulator,9,2021,3606054,44019,72958,282,7089,5015,61,81.92
65,StarCraft II,9,2021,3582477,52013,30246,116,3759,4982,72,68.88
66,Pok<U+00E9>mon Unite,9,2021,3509124,212519,136018,1340,26328,4880,295,16.51
67,"Pools, Hot Tubs, and Beaches",9,2021,3463163,52966,27340,103,3787,4816,73,65.38
68,Life is Strange: True Colors,9,2021,3298523,98393,97414,1039,12131,4587,136,33.52
69,Heroes of Might and Magic III: The Restoration of Erathia,9,2021,3246548,20595,19921,68,777,4515,28,157.64
70,Madden NFL 22,9,2021,3215549,182984,75515,678,18442,4472,254,17.57
71,Age of Empires II,9,2021,3090202,44062,57427,123,3838,4297,61,70.13
72,Retro,9,2021,2976840,131077,20554,424,8577,4140,182,22.71
73,Pathfinder: Wrath of the Righteous,9,2021,2968802,56394,48925,309,2577,4129,78,52.64
74,Darkest Dungeon,9,2021,2952752,31363,46085,110,3983,4106,43,94.15
75,Lost Judgment,9,2021,2936202,30605,59371,234,1873,4083,42,95.94
76,No Man's Sky,9,2021,2870501,110066,40493,400,10355,3992,153,26.08
77,Dark Souls III,9,2021,2790017,139498,18742,329,15194,3880,194,20.0
78,World of Warships,9,2021,2733290,65587,28441,197,3950,3801,91,41.67
79,Black Desert Online,9,2021,2679860,128952,8649,289,6439,3727,179,20.78
80,Call of Duty: Black Ops Cold War,9,2021,2622019,639210,24574,1869,68644,3646,889,4.1
81,VRChat,9,2021,2611440,90853,35315,296,9357,3632,126,28.74
82,Tabletop RPGs,9,2021,2525158,20287,131225,113,2362,3512,28,124.47
83,Pok<U+00E9>mon Sword/Shield,9,2021,2520501,121923,18315,292,10065,3505,169,20.67
84,Games + Demos,9,2021,2451705,399798,33270,1476,57567,3409,556,6.13
85,Tibia,9,2021,2279072,117251,12878,323,4635,3169,163,19.44
86,Brawlhalla,9,2021,2277195,80944,67826,258,17243,3167,112,28.13
87,Roblox,9,2021,2276809,348429,68032,923,54889,3166,484,6.53
88,Valheim,9,2021,2274303,170748,31133,884,16743,3163,237,13.32
89,Virtual Casino,9,2021,2233247,13406,32536,50,1107,3106,18,166.59
90,League of Legends: Wild Rift,9,2021,2226079,76621,20900,199,5640,3096,106,29.05
91,I'm Only Sleeping,9,2021,2166775,54342,24131,175,3258,3013,75,39.87
92,Age of Empires IV,9,2021,2131377,16431,72327,365,3280,2964,22,129.72
93,I Am Fish,9,2021,2118731,14470,116680,114,4116,2946,20,146.42
94,Jump King,9,2021,2061599,15661,60983,43,3436,2867,21,131.64
95,osu!,9,2021,2034531,192961,18592,466,32066,2829,268,10.54
96,Warcraft III,9,2021,2026186,33680,41850,90,1816,2818,46,60.16
97,The Binding of Isaac: Repentance,9,2021,1954266,50792,32204,143,6241,2718,70,38.48
98,MapleStory,9,2021,1922613,57130,11891,154,2927,2674,79,33.65
99,TrackMania,9,2021,1915685,20772,41680,118,2371,2664,28,92.22
100,Eternal Return,9,2021,1852894,59702,20617,203,4605,2577,83,31.04
101,Food & Drink,9,2021,1847120,34976,42361,102,6923,2569,48,52.81
102,F1 2021,9,2021,1835745,99161,59441,808,13264,2553,137,18.51
103,Ark: Survival Evolved,9,2021,1798312,182609,6528,451,14977,2501,253,9.85
104,Legends of Runeterra,9,2021,1796977,28827,35994,84,2935,2499,40,62.34
105,Science & Technology,9,2021,1795030,115470,17352,312,5819,2496,160,15.55
106,Dark Souls,9,2021,1783604,67965,17144,196,7621,2480,94,26.24
107,Crypto,9,2021,1721224,53266,14315,99,1330,2393,74,32.31
108,Gartic Phone,9,2021,1720138,57555,51835,206,22389,2392,80,29.89
109,Dofus,9,2021,1677918,34580,31809,442,2230,2333,48,48.52
110,Super Mario 64,9,2021,1631393,32185,21494,110,3660,2268,44,50.69
111,Travel & Outdoors,9,2021,1628559,78154,27570,152,3051,2265,108,20.84
112,The Sims 4,9,2021,1613632,94972,14499,279,14459,2244,132,16.99
113,Paladins,9,2021,1603600,85173,14610,225,10365,2230,118,18.83
114,The Elder Scrolls Online,9,2021,1592475,81218,23511,225,5726,2214,112,19.61
115,Guild Wars 2,9,2021,1558513,55781,23419,182,3748,2167,77,27.94
116,Marbles On Stream,9,2021,1553945,48643,19266,171,11009,2161,67,31.95
117,Guilty Gear: Strive,9,2021,1537395,52650,25270,224,6926,2138,73,29.2
118,Street Fighter V,9,2021,1516963,42010,38843,117,3745,2109,58,36.11
119,Midnight Cinema,9,2021,1511684,8700,3976,26,157,2102,12,173.76
120,Retro,9,2021,1511016,56192,23532,329,6430,2101,78,26.89
121,Warframe,9,2021,1488429,142190,60540,528,10358,2070,197,10.47
122,Jackbox Party Packs,9,2021,1486361,38226,128977,232,10056,2067,53,38.88
123,Epic Seven,9,2021,1446557,21628,14252,60,1134,2011,30,66.88
124,PUBG Mobile,9,2021,1378516,101800,34468,240,6507,1917,141,13.54
125,Diablo II,9,2021,1369572,34089,19305,136,2458,1904,47,40.18
126,Hades,9,2021,1323367,85469,30944,288,12949,1840,118,15.48
127,Stardew Valley,9,2021,1309929,129694,18372,357,18322,1821,180,10.1
128,Mario Kart 8 Deluxe,9,2021,1296104,15949,97020,112,4368,1802,22,81.27
129,Tekken 7,9,2021,1286422,60314,13367,132,6098,1789,83,21.33
130,Conqueror's Blade,9,2021,1269640,26139,14681,85,1529,1765,36,48.57
131,Heroes of the Storm,9,2021,1247975,56309,8527,139,3869,1735,78,22.16
132,RimWorld,9,2021,1245890,42754,12638,128,3218,1732,59,29.14
133,Super Mario Maker 2,9,2021,1240345,26591,19769,74,2401,1725,36,46.65
134,Grand Theft Auto: San Andreas,9,2021,1234833,33983,31966,96,5274,1717,47,36.34
135,Splitgate,9,2021,1220606,234243,27673,1168,50306,1697,325,5.21
136,Hollow Knight,9,2021,1219729,80915,17303,219,10106,1696,112,15.07
137,Animal Crossing: New Horizons,9,2021,1193858,58823,15280,143,6183,1660,81,20.3
138,iRacing,9,2021,1185959,65172,10531,358,4864,1649,90,18.2
139,Pok<U+00E9>mon Trading Card Game,9,2021,1185324,38917,8509,164,5115,1648,54,30.46
140,PICO PARK,9,2021,1116633,20399,47026,170,8276,1553,28,54.74
141,The Legend of Zelda: Breath of the Wild,9,2021,1094339,56803,7996,150,5702,1522,79,19.27
142,Halo Infinite,9,2021,1079580,50801,71455,2652,11601,1501,70,21.25
143,Dungeons & Dragons,9,2021,1077237,78388,21606,430,7821,1498,109,13.74
144,7 Days to Die,9,2021,1071395,114887,9869,287,9019,1490,159,9.33
145,Mario Kart 8,9,2021,1068448,27590,37002,123,6052,1486,38,38.73
146,Call of Duty: Mobile,9,2021,1044797,173171,10177,610,15342,1453,240,6.03
147,Sekiro: Shadows Die Twice,9,2021,1004783,54380,18223,149,6097,1397,75,18.48
148,NBA 2K21,9,2021,998741,123311,37370,856,16710,1389,171,8.1
149,Twelve Minutes,9,2021,986002,27891,17275,159,7348,1371,38,35.35
150,Detroit: Become Human,9,2021,978554,32680,37152,110,5182,1360,45,29.94
151,Gang Beasts,9,2021,963505,17534,101775,87,6728,1340,24,54.95
152,Knight Online,9,2021,962901,25234,7348,84,1568,1339,35,38.16
153,Euro Truck Simulator 2,9,2021,962200,106786,8249,401,12867,1338,148,9.01
154,Tormented Souls,9,2021,960217,27487,29808,136,3749,1335,38,34.93
155,Yu-Gi-Oh! Duel Links,9,2021,942312,24351,16281,109,2399,1310,33,38.7
156,Don't Starve Together,9,2021,935691,39507,7384,116,5053,1301,54,23.68
157,WarioWare: Get It Together!,9,2021,927505,10497,56167,208,3277,1289,14,88.36
158,Pok<U+00E9>mon GO,9,2021,923865,28759,7671,140,2542,1284,39,32.12
159,God of War,9,2021,920005,93759,12653,275,10031,1279,130,9.81
160,RuneScape,9,2021,910659,39867,9628,101,2686,1266,55,22.84
161,Plant vs Undead,9,2021,907282,6834,19237,54,699,1261,9,132.76
162,Summoners War: Sky Arena,9,2021,904985,17528,29140,59,1072,1258,24,51.63
163,Battlefield V,9,2021,897678,129779,24801,407,17695,1248,180,6.92
164,StarCraft,9,2021,894195,19281,19820,70,1342,1243,26,46.38
165,Brawl Stars,9,2021,892542,69501,8798,272,9366,1241,96,12.84
166,MIR4,9,2021,883013,61962,13253,233,4023,1228,86,14.25
167,Icarus,9,2021,879981,25632,57105,343,2878,1223,35,34.33
168,Foxhole,9,2021,878250,8115,29538,54,674,1221,11,108.23
169,Software and Game Development,9,2021,872116,54317,21286,153,4235,1212,75,16.06
170,Stream Raiders,9,2021,870744,41301,4094,162,1764,1211,57,21.08
171,The Elder Scrolls V: Skyrim,9,2021,870699,85618,18102,210,9121,1210,119,10.17
172,Lineage 2,9,2021,869145,47752,4403,177,1958,1208,66,18.2
173,Makers & Crafting,9,2021,868647,73434,10912,180,6398,1208,102,11.83
174,Super Mario World,9,2021,856534,19638,7226,63,2012,1191,27,43.62
175,Slay the Spire,9,2021,850634,18420,26250,56,2754,1183,25,46.18
176,XCOM 2,9,2021,848096,13369,16161,45,1074,1179,18,63.44
177,World War Z: Aftermath,9,2021,818846,12257,59249,103,1880,1138,17,66.81
178,Monster Hunter: World,9,2021,816891,88592,5445,204,8535,1136,123,9.22
179,Road 96,9,2021,815533,15297,20800,93,3066,1134,21,53.31
180,Outer Wilds,9,2021,811907,12328,32318,243,1807,1129,17,65.86
181,Raid: Shadow Legends,9,2021,809476,25246,16452,72,3030,1125,35,32.06
182,ANIME STANDING,9,2021,807420,8907,2654,24,381,1122,12,90.65
183,Super Smash Bros. Melee,9,2021,806946,19880,43296,85,2192,1122,27,40.59
184,Timberborn,9,2021,803891,15023,23006,79,2152,1118,20,53.51
185,Halo: The Master Chief Collection,9,2021,802745,108974,8919,382,13421,1116,151,7.37
186,Super Mario Party,9,2021,797236,2819,75262,20,1088,1108,3,282.81
187,Demon's Souls,9,2021,780464,27807,13210,96,3358,1085,38,28.07
188,MLB The Show 21,9,2021,780387,48470,17428,199,4992,1085,67,16.1
189,The Legend of Zelda: Ocarina of Time,9,2021,773629,34980,7218,122,2876,1075,48,22.12
190,Storybook Brawl,9,2021,771537,11840,9073,32,740,1073,16,65.16
191,GeoGuessr,9,2021,768736,22574,12838,83,5215,1069,31,34.05
192,PGA TOUR 2K21,9,2021,766623,13255,23671,61,1899,1066,18,57.84
193,The Forest,9,2021,746891,64193,22736,188,11002,1038,89,11.64
194,Albion Online,9,2021,745192,35062,22243,87,2408,1036,48,21.25
195,Movie World,9,2021,737223,4706,6181,33,200,1025,6,156.66
196,DEVOUR,9,2021,723182,29526,56083,345,11026,1005,41,24.49
197,War Thunder,9,2021,723003,75333,8659,225,6892,1005,104,9.6
198,Lost in Random,9,2021,720893,12763,53975,107,1649,1002,17,56.48
199,Garry's Mod,9,2021,712712,17637,88018,80,3711,991,24,40.41
200,Potion Craft,9,2021,704446,9982,30075,93,2733,979,13,70.57
1,Just Chatting,10,2021,217994303,2945069,715797,6420,376011,293397,3963,74.02
2,League of Legends,10,2021,208574800,2489811,2364918,5375,185819,280719,3351,83.77
3,Grand Theft Auto V,10,2021,136934555,1813736,466495,4935,126104,184299,2441,75.5
4,Dota 2,10,2021,98815597,701658,1636441,1895,34983,132995,944,140.83
5,New World,10,2021,87344597,2688555,460974,9893,132349,117556,3618,32.49
6,Counter-Strike: Global Offensive,10,2021,70180423,956368,655467,2555,97136,94455,1287,73.38
7,Minecraft,10,2021,67619774,1968173,757774,4799,247477,91009,2648,34.36
8,VALORANT,10,2021,64164553,2715437,261799,5597,230732,86358,3654,23.63
9,Apex Legends,10,2021,59167820,3259366,276142,6699,231430,79633,4386,18.15
10,Fortnite,10,2021,58780907,3799080,287301,9757,359321,79112,5113,15.47
11,FIFA 22,10,2021,56575841,1099509,362051,4767,104675,76145,1479,51.46
12,Call of Duty: Warzone,10,2021,50980911,2397748,211555,7146,135394,68614,3227,21.26
13,Special Events,10,2021,30233839,41960,1074869,1224,7450,40691,56,720.54
14,Dead by Daylight,10,2021,25103532,1615849,106217,4100,125179,33786,2174,15.54
15,Music,10,2021,20440544,856313,144613,1787,46261,27510,1152,23.87
16,Hearthstone,10,2021,19705900,151526,101280,764,11772,26522,203,130.05
17,Diablo II: Resurrected,10,2021,19542285,452581,80134,1281,21636,26301,609,43.18
18,Slots,10,2021,18268612,80425,75847,198,4466,24587,108,227.15
19,Back 4 Blood,10,2021,15471617,622033,218357,5158,80553,20823,837,24.87
20,Sports,10,2021,14453179,94678,208405,451,9600,19452,127,152.66
21,Rocket League,10,2021,14322020,720940,131916,1747,113324,19275,970,19.87
22,Path of Exile,10,2021,13766314,185833,231491,3098,9193,18528,250,74.08
23,ASMR,10,2021,13271076,149691,37272,274,5411,17861,201,88.66
24,Genshin Impact,10,2021,13070065,788821,571044,2438,70205,17590,1061,16.57
25,World of Warcraft,10,2021,12460845,734448,44862,3233,37297,16770,988,16.97
26,Escape from Tarkov,10,2021,12255478,466871,134087,1687,22173,16494,628,26.25
27,Roblox,10,2021,11922623,397234,999409,1037,71662,16046,534,30.01
28,LOST ARK,10,2021,11110498,172111,62694,678,5465,14953,231,64.55
29,Far Cry 6,10,2021,10644203,404645,215061,2710,34485,14325,544,26.31
30,Tom Clancy's Rainbow Six Siege,10,2021,9926370,553131,62293,1312,66372,13359,744,17.95
31,Teamfight Tactics,10,2021,9397014,147407,55640,453,16767,12647,198,63.75
32,Art,10,2021,9217095,569722,35758,1202,54004,12405,766,16.18
33,PUBG: BATTLEGROUNDS,10,2021,8826257,468261,138684,1005,27517,11879,630,18.85
34,Battlefield 2042,10,2021,8140748,232032,336966,5035,51930,10956,312,35.08
35,Final Fantasy XIV Online,10,2021,8136478,462891,33885,1460,27871,10950,623,17.58
36,Overwatch,10,2021,8014815,527637,24865,1495,53751,10787,710,15.19
37,Old School RuneScape,10,2021,7997347,124954,94410,427,6518,10763,168,64.0
38,Phasmophobia,10,2021,7525698,508808,168685,3699,96685,10128,684,14.79
39,Destiny 2,10,2021,7418269,631194,47109,1881,46976,9984,849,11.75
40,NBA 2K22,10,2021,7088474,587377,40443,1846,40905,9540,790,12.07
41,Call Of Duty: Modern Warfare,10,2021,6380936,2563031,48003,7187,188713,8588,3449,2.49
42,The Dark Pictures Anthology: House of Ashes,10,2021,6330410,78836,240871,1337,14346,8520,106,80.3
43,Talk Shows & Podcasts,10,2021,6317689,174768,77349,553,13149,8502,235,36.15
44,Rust,10,2021,5644041,227141,29377,769,16815,7596,305,24.85
45,Garena Free Fire,10,2021,5629543,225346,94227,637,17471,7576,303,24.98
46,Chess,10,2021,5422599,51694,70446,146,4993,7298,69,104.9
47,Darkest Dungeon II,10,2021,5371501,30328,164376,731,4246,7229,40,177.11
48,Super Smash Bros. Ultimate,10,2021,4820425,133241,127533,2905,18215,6487,179,36.18
49,Magic: The Gathering,10,2021,4776911,72411,64986,191,5541,6429,97,65.97
50,SMITE,10,2021,4644039,167122,19292,444,12854,6250,224,27.79
51,World of Tanks,10,2021,4486237,134139,26327,452,8089,6038,180,33.44
52,Metroid Dread,10,2021,4455023,170269,52917,1855,15986,5995,229,26.16
53,StarCraft II,10,2021,4271515,47411,30494,101,3312,5749,63,90.1
54,Poker,10,2021,4197311,74072,28257,249,3504,5649,99,56.67
55,Fall Guys: Ultimate Knockout,10,2021,4182551,117232,284099,370,29287,5629,157,35.68
56,Age of Empires IV,10,2021,4090805,39630,106880,1151,6617,5505,53,103.22
57,Brawlhalla,10,2021,4028758,82301,57919,225,16749,5422,110,48.95
58,Clash Royale,10,2021,4013335,58870,56737,238,9330,5401,79,68.17
59,Among Us,10,2021,3924174,93048,95616,338,23806,5281,125,42.17
60,Sea of Thieves,10,2021,3918984,230438,35156,641,21802,5274,310,17.01
61,Nickelodeon All-Star Brawl,10,2021,3802621,41273,189161,783,9121,5117,55,92.13
62,Animal Crossing: New Horizons,10,2021,3699199,108721,38316,584,13489,4978,146,34.02
63,Marvel's Guardians of the Galaxy,10,2021,3575052,50363,106269,890,6210,4811,67,70.99
64,Call of Duty: Black Ops Cold War,10,2021,3265935,736546,64907,2067,69214,4395,991,4.43
65,Inscryption,10,2021,3240073,46734,100025,334,6870,4360,62,69.33
66,DayZ,10,2021,3200092,173044,12042,442,11688,4306,232,18.49
67,Heroes of Might and Magic III: The Restoration of Erathia,10,2021,3161746,21590,34286,68,742,4255,29,146.44
68,Games + Demos,10,2021,3143304,403390,82554,1417,56832,4230,542,7.79
69,Axie Infinity,10,2021,3106705,66119,31046,176,5052,4181,88,46.99
70,Pok<U+00E9>mon Unite,10,2021,3100544,210112,21152,823,22732,4173,282,14.76
71,World of Warships,10,2021,3048721,61756,17806,175,3541,4103,83,49.37
72,"Pools, Hot Tubs, and Beaches",10,2021,2962822,45285,31659,90,2609,3987,60,65.43
73,VRChat,10,2021,2896931,95304,57270,324,10025,3898,128,30.4
74,Tabletop RPGs,10,2021,2883921,23054,96722,119,2507,3881,31,125.09
75,Travel & Outdoors,10,2021,2796026,77551,42145,152,3573,3763,104,36.05
76,Black Desert Online,10,2021,2775828,114381,17187,252,5785,3735,153,24.27
77,The Cycle: Frontier,10,2021,2771140,50792,99069,361,6359,3729,68,54.56
78,Virtual Casino,10,2021,2756349,13709,29197,43,1064,3709,18,201.06
79,Dungeons & Dragons,10,2021,2610488,81225,214433,398,7781,3513,109,32.14
80,ELYON,10,2021,2570803,54230,67337,450,4761,3460,72,47.41
81,I'm Only Sleeping,10,2021,2564151,54201,22902,205,2999,3451,72,47.31
82,Pok<U+00E9>mon Sword/Shield,10,2021,2549342,118809,16031,279,9430,3431,159,21.46
83,Retro,10,2021,2484523,97914,10543,321,8118,3343,131,25.37
84,Red Dead Redemption 2,10,2021,2442580,228596,30356,568,19504,3287,307,10.69
85,Food & Drink,10,2021,2247398,35872,46835,107,6722,3024,48,62.65
86,Foxhole,10,2021,2221916,14458,19281,45,862,2990,19,153.68
87,Bloons TD 6,10,2021,2156927,36865,101002,104,7364,2902,49,58.51
88,Hunt: Showdown,10,2021,2127690,163632,20826,688,11319,2863,220,13.0
89,Age of Empires II,10,2021,2094576,41177,29444,112,3367,2819,55,50.87
90,Super Mario 64,10,2021,2081921,34705,48491,101,3524,2802,46,59.99
91,Mario Party Superstars,10,2021,2055585,18830,93401,859,4314,2766,25,109.17
92,Street Fighter V,10,2021,2047909,38608,36931,102,3381,2756,51,53.04
93,Dark Souls III,10,2021,2040724,123151,18879,282,13070,2746,165,16.57
94,Midnight Cinema,10,2021,2025038,16375,5785,37,293,2725,22,123.67
95,TrackMania,10,2021,2004600,22519,43463,161,2442,2697,30,89.02
96,Riders Republic,10,2021,2000601,21291,83635,321,4821,2692,28,93.96
97,Madden NFL 22,10,2021,1857113,197555,18795,730,19053,2499,265,9.4
98,Legion TD 2,10,2021,1838070,19246,23295,56,1596,2473,25,95.5
99,Science & Technology,10,2021,1772154,105048,36390,202,4359,2385,141,16.87
100,osu!,10,2021,1766303,185162,12562,456,29739,2377,249,9.54
101,DEVOUR,10,2021,1741013,55123,90207,350,18784,2343,74,31.58
102,Tibia,10,2021,1719924,96544,15983,279,3910,2314,129,17.81
103,Retro,10,2021,1719684,65164,12134,325,6159,2314,87,26.39
104,The Sims 4,10,2021,1676529,85176,56717,216,12887,2256,114,19.68
105,Star Citizen,10,2021,1658767,33654,45964,205,2044,2232,45,49.29
106,Demon Slayer -Kimetsu no Yaiba- The Hinokami Chronicles,10,2021,1641397,93397,57275,950,15889,2209,125,17.57
107,Crypto,10,2021,1625324,56447,13342,120,1628,2187,75,28.79
108,MapleStory,10,2021,1605498,55260,10163,149,2549,2160,74,29.05
109,Vampire: The Masquerade - Bloodhunt,10,2021,1536024,48389,200432,165,8688,2067,65,31.74
110,Dark Souls,10,2021,1527880,59712,21504,158,6467,2056,80,25.59
111,Warframe,10,2021,1516360,114141,22379,280,8483,2040,153,13.28
112,Epic Seven,10,2021,1507773,18738,23775,74,1126,2029,25,80.47
113,The Binding of Isaac: Repentance,10,2021,1495496,43612,19707,127,5567,2012,58,34.29
114,PUBG Mobile,10,2021,1494956,102565,49370,255,6314,2012,138,14.58
115,Jackbox Party Packs,10,2021,1475329,50050,37745,384,11603,1985,67,29.48
116,League of Legends: Wild Rift,10,2021,1475302,85426,28496,229,6121,1985,114,17.27
117,Marbles On Stream,10,2021,1420965,44361,15509,145,9405,1912,59,32.03
118,Paladins,10,2021,1406043,83511,8848,220,10290,1892,112,16.84
119,The Elder Scrolls Online,10,2021,1391644,80704,46536,218,5540,1873,108,17.24
120,Pok<U+00E9>mon Trading Card Game,10,2021,1380906,42600,10127,211,5590,1858,57,32.42
121,Eternal Return,10,2021,1333494,50239,11030,166,3544,1794,67,26.54
122,F1 2021,10,2021,1318991,87376,43538,616,11147,1775,117,15.1
123,Heroes of the Storm,10,2021,1293465,49026,5975,134,3220,1740,65,26.38
124,Warcraft III,10,2021,1284239,30449,18554,80,1448,1728,40,42.18
125,Gartic Phone,10,2021,1280243,49645,41414,187,18210,1723,66,25.79
126,Tekken 7,10,2021,1270109,58820,16529,135,5916,1709,79,21.59
127,Stardew Valley,10,2021,1247692,112081,26219,283,15883,1679,150,11.13
128,Super Mario Maker 2,10,2021,1222816,23373,14032,61,2044,1645,31,52.32
129,Alan Wake Remastered,10,2021,1204512,31841,27997,240,4350,1621,42,37.83
130,MIR4,10,2021,1173283,71949,6725,300,4452,1579,96,16.31
131,Lost Judgment,10,2021,1154983,39294,29400,176,1851,1554,52,29.39
132,Yu-Gi-Oh! Duel Links,10,2021,1114949,24956,8511,68,2519,1500,33,44.68
133,Visage,10,2021,1103915,57877,28646,468,15407,1485,77,19.07
134,iRacing,10,2021,1100710,68965,15658,620,4884,1481,92,15.96
135,Alien: Isolation,10,2021,1067814,60117,19771,308,10354,1437,80,17.76
136,Gas Station Simulator,10,2021,1042229,24395,26988,118,4455,1402,32,42.72
137,Jump King,10,2021,1036929,10053,98218,45,2117,1395,13,103.15
138,Call of Duty: Mobile,10,2021,1025421,168164,35172,405,14006,1380,226,6.1
139,Ark: Survival Evolved,10,2021,1020021,170700,8621,427,13549,1372,229,5.98
140,Guilty Gear: Strive,10,2021,1018462,35398,24955,152,4523,1370,47,28.77
141,Euro Truck Simulator 2,10,2021,1001108,109627,10989,441,12057,1347,147,9.13
142,Poppy Playtime,10,2021,996362,16320,53561,231,12354,1340,21,61.05
143,RimWorld,10,2021,981726,33853,11545,102,2447,1321,45,29.0
144,7 Days to Die,10,2021,971803,96589,9631,237,7697,1307,129,10.06
145,Watch Parties,10,2021,942707,17061,63747,87,4400,1268,22,55.26
146,The Riftbreaker,10,2021,938008,24365,24012,153,2771,1262,32,38.5
147,Sekiro: Shadows Die Twice,10,2021,910252,43045,16234,136,4663,1225,57,21.15
148,Melty Blood: Type Lumina,10,2021,909798,39893,16180,445,5129,1224,53,22.81
149,Super Smash Bros. Melee,10,2021,906841,16088,37047,69,1890,1220,21,56.37
150,They Are Billions,10,2021,897759,8513,14773,33,584,1208,11,105.46
151,Makers & Crafting,10,2021,897605,75168,14126,175,6635,1208,101,11.94
152,Hot Wheels Unleashed,10,2021,895894,16562,60203,176,3560,1205,22,54.09
153,Lineage 2,10,2021,882897,45632,4071,167,1515,1188,61,19.35
154,Resident Evil Village,10,2021,874496,66653,18189,357,9731,1176,89,13.12
155,Gwent: The Witcher Card Game,10,2021,861515,12996,11297,57,863,1159,17,66.29
156,Software and Game Development,10,2021,854624,67062,6348,221,4768,1150,90,12.74
157,Pok<U+00E9>mon GO,10,2021,851570,24791,22243,121,2092,1146,33,34.35
158,Hollow Knight,10,2021,832957,67344,11344,171,8559,1121,90,12.37
159,Super Mario World,10,2021,829634,18525,8108,60,1813,1116,24,44.78
160,Mario Kart 8,10,2021,828607,23938,37776,109,5405,1115,32,34.61
161,In Sound Mind,10,2021,826394,11680,57773,53,1434,1112,15,70.75
162,Don't Starve Together,10,2021,822210,34080,8429,108,4616,1106,45,24.13
163,Resident Evil 2,10,2021,821080,58004,9026,243,8381,1105,78,14.16
164,Halo Infinite,10,2021,814880,44741,85819,2626,9566,1096,60,18.21
165,StarCraft,10,2021,814392,16817,23768,57,1049,1096,22,48.43
166,Tribes of Midgard,10,2021,808086,7017,39241,37,1232,1087,9,115.16
167,For Honor,10,2021,801613,49455,9279,159,5936,1078,66,16.21
168,Guild Wars 2,10,2021,800311,43144,14261,139,2993,1077,58,18.55
169,War Thunder,10,2021,791912,71648,10507,248,6621,1065,96,11.05
170,Judgment,10,2021,790906,8650,30501,34,725,1064,11,91.43
171,Kena: Bridge of Spirits,10,2021,777903,59574,21224,358,8802,1046,80,13.06
172,Knight Online,10,2021,774203,20680,6032,84,1195,1041,27,37.44
173,Project Zomboid,10,2021,771401,29632,9162,77,2432,1038,39,26.03
174,Timberborn,10,2021,770673,14035,21789,50,1742,1037,18,54.91
175,Legends of Runeterra,10,2021,769414,19609,11606,87,1994,1035,26,39.24
176,The Legend of Zelda: Breath of the Wild,10,2021,762783,45024,18231,111,4670,1026,60,16.94
177,Crab Game,10,2021,760396,7008,96378,259,3534,1023,9,108.5
178,Terraria,10,2021,756582,101006,13737,369,11990,1018,135,7.49
179,Resident Evil 7 biohazard,10,2021,751316,52152,16769,267,9222,1011,70,14.41
180,Outer Wilds,10,2021,750777,25710,13404,159,3015,1010,34,29.2
181,Conqueror's Blade,10,2021,747788,22917,8787,88,1177,1006,30,32.63
182,Dofus,10,2021,741679,25205,6248,106,1496,998,33,29.43
183,Summoners War: Sky Arena,10,2021,734768,15806,8680,47,1054,988,21,46.49
184,Outlast,10,2021,723241,42925,19831,389,12360,973,57,16.85
185,Raid: Shadow Legends,10,2021,719663,24993,16725,89,3179,968,33,28.79
186,GeoGuessr,10,2021,719227,19505,31662,75,4215,968,26,36.87
187,Brawl Stars,10,2021,713463,65626,7093,234,8452,960,88,10.87
188,Sudden Attack,10,2021,700887,3880,48874,38,369,943,5,180.64
189,Valheim,10,2021,696040,104172,7718,323,9331,936,140,6.68
190,Halo: The Master Chief Collection,10,2021,695530,99941,7375,344,11705,936,134,6.96
191,The Forest,10,2021,688811,61243,37572,239,10906,927,82,11.25
192,Age of Darkness: Final Stand,10,2021,685365,4891,38958,44,701,922,6,140.13
193,Goose Goose Duck,10,2021,677157,16508,22737,87,3377,911,22,41.02
194,NHL 22,10,2021,664122,39493,17108,202,3517,893,53,16.82
195,Metin2,10,2021,659278,20410,2949,74,1425,887,27,32.3
196,Battlefield V,10,2021,657132,95847,20899,283,13189,884,129,6.86
197,Naraka: Bladepoint,10,2021,655856,34220,10748,125,2959,882,46,19.17
198,Hearts of Iron IV,10,2021,655665,14621,9832,60,1503,882,19,44.84
199,RISK: The Game of Global Domination,10,2021,648689,68,92496,2,18,873,0,9539.54
200,Bloodborne,10,2021,643461,61119,10737,177,6698,866,82,10.53
1,Just Chatting,11,2021,231514981,2828547,878286,6493,368108,321995,3934,81.85
2,Grand Theft Auto V,11,2021,129608680,1752977,442304,5022,123262,180262,2438,73.94
3,League of Legends,11,2021,102612188,2420283,3082772,5280,192692,142715,3366,42.4
4,Counter-Strike: Global Offensive,11,2021,79981393,951598,1916027,2590,97574,111239,1323,84.05
5,Apex Legends,11,2021,58698013,3486336,283675,11894,247467,81638,4848,16.84
6,VALORANT,11,2021,58685942,2645463,195672,5733,226858,81621,3679,22.18
7,Minecraft,11,2021,55949329,1768233,604094,4921,227396,77815,2459,31.64
8,Fortnite,11,2021,50178082,3235937,363096,7961,329946,69788,4500,15.51
9,Teamfight Tactics,11,2021,37320063,437788,112329,1107,44746,51905,608,85.25
10,Dota 2,11,2021,37073193,747851,223679,1934,36951,51562,1040,49.57
11,Call of Duty: Warzone,11,2021,35895578,1854733,262685,6008,121583,49924,2579,19.35
12,FIFA 22,11,2021,35562828,767737,240764,2767,80957,49461,1067,46.32
13,Call of Duty: Vanguard,11,2021,33437685,2033857,326436,15077,152204,46505,2828,16.44
14,Pok<U+00E9>mon Brilliant Diamond/Shining Pearl,11,2021,25181294,539615,247407,6001,45976,35022,750,46.67
15,Dead by Daylight,11,2021,22907506,1439147,116915,3971,106571,31860,2001,15.92
16,World of Warcraft,11,2021,20714195,791707,122036,3542,38257,28809,1101,26.16
17,Slots,11,2021,19461827,78769,73350,181,4140,27067,109,247.07
18,Battlefield 2042,11,2021,19339860,660944,344819,4579,66621,26898,919,29.26
19,Music,11,2021,18857856,827468,88158,1866,44507,26227,1150,22.79
20,Halo Infinite,11,2021,17361164,885858,246594,9955,124265,24146,1232,19.6
21,Hearthstone,11,2021,17118229,129869,55211,362,9527,23808,180,131.81
22,Sports,11,2021,16584199,89961,794311,339,9005,23065,125,184.35
23,Age of Empires IV,11,2021,14531594,143576,125471,589,13835,20210,199,101.21
24,Rocket League,11,2021,14404278,707964,140185,1883,111657,20033,984,20.35
25,LOST ARK,11,2021,14403455,269461,269904,3156,20345,20032,374,53.45
26,Crab Game,11,2021,14040416,210386,283331,1003,71834,19527,292,66.74
27,New World,11,2021,13659455,577759,69589,2006,35996,18997,803,23.64
28,Genshin Impact,11,2021,11857473,653793,407889,3439,64965,16491,909,18.14
29,Special Events,11,2021,11640374,40095,785211,489,5405,16189,55,290.32
30,ASMR,11,2021,11621267,144329,29322,270,5066,16163,200,80.52
31,PUBG: BATTLEGROUNDS,11,2021,11206589,424044,126328,920,25888,15586,589,26.43
32,Forza Horizon 5,11,2021,10862769,558153,95582,3840,78257,15108,776,19.46
33,Animal Crossing: New Horizons,11,2021,10596206,286383,74837,1587,28338,14737,398,37.0
34,Escape from Tarkov,11,2021,10559241,473537,72074,1051,22008,14686,658,22.3
35,Path of Exile,11,2021,10322137,213084,37588,600,7940,14356,296,48.44
36,Rust,11,2021,9376880,235094,97021,829,17565,13041,326,39.89
37,Art,11,2021,8918236,516632,41666,1072,50321,12403,718,17.26
38,Tom Clancy's Rainbow Six Siege,11,2021,8893528,487259,100813,1539,59928,12369,677,18.25
39,Final Fantasy XIV Online,11,2021,8683780,425994,85704,1389,26773,12077,592,20.38
40,Among Us,11,2021,8457061,121569,418698,661,32847,11762,169,69.57
41,Overwatch,11,2021,8238742,463110,40289,1076,47800,11458,644,17.79
42,Mario Party Superstars,11,2021,7398186,60229,181405,387,10912,10289,83,122.83
43,Chess,11,2021,7138907,49517,156260,151,4814,9928,68,144.17
44,Talk Shows & Podcasts,11,2021,6644495,169082,188079,555,12075,9241,235,39.3
45,Arcane,11,2021,6481076,24718,1832845,4057,7093,9014,34,262.2
46,Clash Royale,11,2021,6454911,80556,94939,229,14456,8977,112,80.13
47,Hunt: Showdown,11,2021,6051208,197815,86010,707,12747,8416,275,30.59
48,Destiny 2,11,2021,5456719,438805,37732,1349,34533,7589,610,12.44
49,Old School RuneScape,11,2021,5148481,103317,29474,247,5245,7160,143,49.83
50,Phasmophobia,11,2021,4826183,342883,97372,3704,68071,6712,476,14.08
51,Poker,11,2021,4738835,73768,26500,255,3296,6590,102,64.24
52,SMITE,11,2021,4642400,163361,63028,434,12874,6456,227,28.42
53,Diablo II: Resurrected,11,2021,4637704,197173,34589,488,8952,6450,274,23.52
54,DayZ,11,2021,4350637,182166,27004,503,11879,6050,253,23.88
55,Garena Free Fire,11,2021,4324023,195708,26671,558,14933,6013,272,22.09
56,World of Tanks,11,2021,4244286,138054,33708,494,8232,5903,192,30.74
57,Call Of Duty: Modern Warfare,11,2021,4140782,2089789,29529,6219,164882,5759,2906,1.98
58,Super Smash Bros. Ultimate,11,2021,4103352,102412,80165,373,12934,5707,142,40.07
59,Retro,11,2021,4089249,152814,17966,344,9787,5687,212,26.76
60,NBA 2K22,11,2021,4058518,368095,30012,1161,29197,5644,511,11.03
61,Farming Simulator 22,11,2021,3971111,110369,51853,1458,10257,5523,153,35.98
62,Magic: The Gathering,11,2021,3968298,69069,21958,295,5552,5519,96,57.45
63,iRacing,11,2021,3878822,65961,25080,502,4787,5394,91,58.8
64,Crypto,11,2021,3752281,74281,38375,167,2545,5218,103,50.51
65,Brawlhalla,11,2021,3719979,76635,73518,213,15650,5173,106,48.54
66,The Elder Scrolls V: Skyrim,11,2021,3615858,126943,34621,491,11935,5029,176,28.48
67,Black Desert,11,2021,3233367,112693,20663,242,5381,4497,156,28.69
68,Super Mario 64,11,2021,3156787,35310,88635,101,3612,4390,49,89.4
69,Virtual Casino,11,2021,3133600,16124,33438,56,1141,4358,22,194.34
70,Heroes of Might and Magic III: The Restoration of Erathia,11,2021,3081153,23463,17089,71,800,4285,32,131.32
71,Elden Ring,11,2021,3040515,7861,267951,470,1532,4228,10,386.78
72,Sea of Thieves,11,2021,3029065,201918,23962,678,20613,4212,280,15.0
73,I'm Only Sleeping,11,2021,2983027,56557,21906,212,3036,4148,78,52.74
74,"Pools, Hot Tubs, and Beaches",11,2021,2964364,41979,88873,87,2103,4122,58,70.62
75,Dark Souls III,11,2021,2959513,163170,24133,413,17550,4116,226,18.14
76,Fall Guys: Ultimate Knockout,11,2021,2896269,102469,81840,513,25428,4028,142,28.26
77,StarCraft II,11,2021,2817782,42758,29898,100,3012,3919,59,65.9
78,"Animals, Aquariums, and Zoos",11,2021,2809216,85493,26825,167,973,3907,118,32.86
79,Ruined King: A League of Legends Story,11,2021,2751417,55468,107930,763,7769,3826,77,49.6
80,Games + Demos,11,2021,2715021,334007,35483,770,43420,3776,464,8.13
81,Super Auto Pets,11,2021,2675950,18311,72375,88,3734,3721,25,146.14
82,VRChat,11,2021,2672454,92522,24857,324,9751,3716,128,28.88
83,Grand Theft Auto: San Andreas – The Definitive Edition,11,2021,2610608,77281,108620,916,12738,3630,107,33.78
84,League of Legends: Wild Rift,11,2021,2561182,92968,60430,211,6887,3562,129,27.55
85,World of Warships,11,2021,2531772,60233,24669,189,3507,3521,83,42.03
86,Jurassic World Evolution 2,11,2021,2531647,50663,85807,687,5238,3521,70,49.97
87,Back 4 Blood,11,2021,2446110,200227,27004,927,30880,3402,278,12.22
88,Tabletop RPGs,11,2021,2405407,20680,111276,105,2377,3345,28,116.32
89,Food & Drink,11,2021,2386958,35217,138677,126,6175,3319,48,67.78
90,Dark Souls,11,2021,2348328,76694,15028,247,8425,3266,106,30.62
91,Dungeons & Dragons,11,2021,2333045,75756,107179,416,7479,3244,105,30.8
92,Axie Infinity,11,2021,2252703,59684,22675,166,4248,3133,83,37.74
93,The Binding of Isaac: Repentance,11,2021,2178499,52806,48108,159,6339,3029,73,41.25
94,Red Dead Redemption 2,11,2021,2155668,215793,27704,555,19226,2998,300,9.99
95,The Legend of Zelda: Breath of the Wild,11,2021,2118509,45688,24185,125,4736,2946,63,46.37
96,Mount & Blade II: Bannerlord,11,2021,2068240,16834,25515,53,1341,2876,23,122.86
97,Roblox,11,2021,2000922,366700,36537,993,55517,2782,510,5.46
98,MIR4,11,2021,1943009,94315,15176,326,5297,2702,131,20.6
99,Madden NFL 22,11,2021,1940851,203169,41864,782,20198,2699,282,9.55
100,Myth of Empires,11,2021,1935875,30442,31643,192,2028,2692,42,63.59
101,Lineage W,11,2021,1924133,18915,54114,179,669,2676,26,101.73
102,Brawl Stars,11,2021,1888677,65592,118656,234,8345,2626,91,28.79
103,Pok<U+00E9>mon Sword/Shield,11,2021,1832542,95268,13346,306,9077,2548,132,19.24
104,Star Citizen,11,2021,1828850,62762,36629,278,3587,2543,87,29.14
105,osu!,11,2021,1821776,170589,34946,404,27796,2533,237,10.68
106,TrackMania,11,2021,1819830,17633,47139,92,1801,2531,24,103.21
107,Street Fighter V,11,2021,1783581,39954,29734,129,3580,2480,55,44.64
108,Grand Theft Auto: San Andreas,11,2021,1777616,61369,89290,529,11402,2472,85,28.97
109,Pok<U+00E9>mon Unite,11,2021,1720309,124449,10120,410,12387,2392,173,13.82
110,ALTF4,11,2021,1703934,7400,82972,52,2299,2369,10,230.26
111,Travel & Outdoors,11,2021,1686734,60492,59634,123,3025,2345,84,27.88
112,PUBG Mobile,11,2021,1678865,96306,90956,252,6190,2335,133,17.43
113,Marbles On Stream,11,2021,1610454,41355,78704,143,8865,2239,57,38.94
114,Call of Duty: Black Ops Cold War,11,2021,1598971,340423,52481,1356,40852,2223,473,4.7
115,MapleStory,11,2021,1579298,52787,20302,156,2370,2196,73,29.92
116,Marvel's Guardians of the Galaxy,11,2021,1559922,69692,36037,363,7677,2169,96,22.38
117,Warframe,11,2021,1556803,114407,78305,372,8644,2165,159,13.61
118,Ark: Survival Evolved,11,2021,1502855,180151,15870,541,14539,2090,250,8.34
119,Warcraft III,11,2021,1502457,26797,35331,78,1399,2089,37,56.07
120,Grand Theft Auto: Vice City – The Definitive Edition,11,2021,1464032,22782,58596,265,4121,2036,31,64.26
121,Darkest Dungeon II,11,2021,1452323,25256,27296,195,3159,2019,35,57.5
122,Football Manager 2022,11,2021,1446729,40622,14079,216,2779,2012,56,35.61
123,Epic Seven,11,2021,1436806,18086,16020,81,1139,1998,25,79.44
124,F1 2021,11,2021,1419494,88026,83044,746,11049,1974,122,16.13
125,The Sims 4,11,2021,1411908,79359,50257,228,12276,1963,110,17.79
126,Eternal Return,11,2021,1399603,49602,14713,177,3813,1946,68,28.22
127,Tibia,11,2021,1394482,75314,9220,227,3356,1939,104,18.52
128,Midnight Cinema,11,2021,1366995,17864,4639,41,243,1901,24,76.52
129,Age of Empires II,11,2021,1363978,30440,17552,91,2600,1897,42,44.81
130,Tekken 7,11,2021,1330349,55453,31461,118,5597,1850,77,23.99
131,The Elder Scrolls Online,11,2021,1327010,71938,19022,180,5043,1845,100,18.45
132,Unpacking,11,2021,1322649,26443,42307,142,7502,1839,36,50.02
133,Paladins,11,2021,1319958,76761,15917,203,9269,1835,106,17.2
134,Gartic Phone,11,2021,1265138,46334,77588,183,16320,1759,64,27.3
135,Pok<U+00E9>mon Trading Card Game,11,2021,1251729,38551,27396,185,5001,1740,53,32.47
136,StarCraft,11,2021,1241602,16530,46828,53,958,1726,22,75.11
137,The Dark Pictures Anthology: House of Ashes,11,2021,1235765,39977,29275,613,8254,1718,55,30.91
138,Bloodborne,11,2021,1233253,68622,13973,180,7423,1715,95,17.97
139,Metroid Dread,11,2021,1229653,40008,21931,199,4864,1710,55,30.74
140,Blue Archive,11,2021,1210798,18150,33899,197,2290,1684,25,66.71
141,ELYON,11,2021,1183967,42339,17172,168,2764,1646,58,27.96
142,Inscryption,11,2021,1160005,43105,23285,204,6419,1613,59,26.91
143,RimWorld,11,2021,1124899,31299,18133,83,2372,1564,43,35.94
144,Science & Technology,11,2021,1110819,78185,45799,165,3811,1544,108,14.21
145,Super Mario Maker 2,11,2021,1109229,21921,13769,63,1944,1542,30,50.6
146,Don't Starve Together,11,2021,1087869,43738,12747,143,6317,1513,60,24.87
147,Super Mario World,11,2021,1048829,19361,9076,61,1786,1458,26,54.17
148,Heroes of the Storm,11,2021,1022667,45626,5862,120,2998,1422,63,22.41
149,Poppy Playtime,11,2021,1021527,20670,109391,261,15100,1420,28,49.42
150,Stardew Valley,11,2021,979678,106535,9166,304,15679,1362,148,9.2
151,Shin Megami Tensei V,11,2021,970025,58061,19356,415,3320,1349,80,16.71
152,Legends of Runeterra,11,2021,964793,22941,16078,100,2835,1341,31,42.06
153,Halo: The Master Chief Collection,11,2021,957469,95947,51627,392,11734,1331,133,9.98
154,Satisfactory,11,2021,944693,66161,6886,219,5333,1313,92,14.28
155,Feign,11,2021,940254,2356,51436,23,418,1307,3,399.09
156,GeoGuessr,11,2021,939878,17951,21244,78,3962,1307,24,52.36
157,They Are Billions,11,2021,935968,7794,15991,25,522,1301,10,120.09
158,Dark Souls II,11,2021,927225,39453,14391,117,3621,1289,54,23.5
159,Guilty Gear: Strive,11,2021,919891,32453,41651,169,4250,1279,45,28.35
160,The Forest,11,2021,918521,63973,83148,238,11542,1277,88,14.36
161,Mahjong Soul,11,2021,918145,13480,42778,55,1714,1276,18,68.11
162,Yu-Gi-Oh! Duel Links,11,2021,917353,23292,9046,71,2232,1275,32,39.38
163,Gunfire Reborn,11,2021,911874,26210,36016,178,4529,1268,36,34.79
164,Visage,11,2021,907461,31605,39314,382,8419,1262,43,28.71
165,Super Smash Bros. Melee,11,2021,886557,16992,33869,69,1869,1233,23,52.17
166,7 Days to Die,11,2021,884544,103636,12544,271,8079,1230,144,8.54
167,Prison Simulator,11,2021,873597,6659,24046,68,1659,1215,9,131.19
168,Makers & Crafting,11,2021,856871,66432,12663,170,5586,1191,92,12.9
169,Naraka: Bladepoint,11,2021,844105,24801,34146,91,2001,1173,34,34.04
170,Far Cry 6,11,2021,825007,101126,24778,393,11037,1147,140,8.16
171,Software and Game Development,11,2021,823767,67461,14611,180,4893,1145,93,12.21
172,Lineage 2,11,2021,821495,45888,3382,185,1611,1142,63,17.9
173,Euro Truck Simulator 2,11,2021,797994,102628,14186,402,12354,1109,142,7.78
174,Jackbox Party Packs,11,2021,797993,40540,19355,280,10129,1109,56,19.68
175,Sekiro: Shadows Die Twice,11,2021,784899,52348,8850,149,5994,1091,72,14.99
176,Assetto Corsa,11,2021,784266,19639,79819,87,3163,1090,27,39.93
177,Summoners War: Sky Arena,11,2021,765308,13865,29388,49,951,1064,19,55.2
178,Raid: Shadow Legends,11,2021,758512,23508,7122,71,2799,1054,32,32.27
179,Hearts of Iron IV,11,2021,752153,17619,11991,148,1774,1046,24,42.69
180,Jump King,11,2021,748162,9403,28940,30,1942,1040,13,79.57
181,Slay the Spire,11,2021,746569,14849,21912,45,2277,1038,20,50.28
182,Sherlock Holmes: Chapter One,11,2021,744196,11431,30084,155,1477,1035,15,65.1
183,Terraria,11,2021,739329,95239,6796,274,12436,1028,132,7.76
184,Mario Kart 8,11,2021,728592,20498,31053,124,4724,1013,28,35.54
185,Penn & Teller's Smoke and Mirrors,11,2021,727693,194,6714,2,4,1012,0,3750.99
186,The Witcher 3: Wild Hunt,11,2021,726956,57846,7936,171,6108,1011,80,12.57
187,Stream Raiders,11,2021,701152,33196,4192,112,1338,975,46,21.12
188,Call of Duty: Mobile,11,2021,699768,153666,8226,367,12473,973,213,4.55
189,Hollow Knight,11,2021,693203,67497,12196,191,8689,964,93,10.27
190,Guild Wars 2,11,2021,684862,37540,8961,121,2497,952,52,18.24
191,Watch Parties,11,2021,681603,12896,46802,88,3481,947,17,52.85
192,Grand Theft Auto III: The Definitive Edition,11,2021,679049,16847,51916,276,3341,944,23,40.31
193,Bloons TD 6,11,2021,676028,27982,84576,88,5843,940,38,24.16
194,The Long Dark,11,2021,645834,20623,5676,69,2221,898,28,31.32
195,Pok<U+00E9>mon GO,11,2021,645451,21115,3397,122,1865,897,29,30.57
196,War Thunder,11,2021,645300,71128,6286,215,6374,897,98,9.07
197,Dofus,11,2021,645248,20979,6319,71,1273,897,29,30.76
198,Monster Hunter: World,11,2021,635375,69110,5487,169,6686,883,96,9.19
199,Gas Station Simulator,11,2021,617396,8015,26865,38,1716,858,11,77.03
200,Knight Online,11,2021,607581,23773,3361,89,1152,845,33,25.56
1,Just Chatting,12,2021,271538951,3116407,1006556,8092,396024,365462,4194,87.13
2,Grand Theft Auto V,12,2021,117017755,1944400,415255,5737,148924,157493,2616,60.18
3,VALORANT,12,2021,98306478,2812461,1047665,6019,249067,132310,3785,34.95
4,League of Legends,12,2021,95180552,2465988,591381,5291,194521,128103,3318,38.6
5,Escape from Tarkov,12,2021,77060574,1118138,475913,5568,48796,103715,1504,68.92
6,Fortnite,12,2021,67039763,4833376,1270408,88824,499414,90228,6505,13.87
7,Minecraft,12,2021,54665157,2159925,649098,6059,273288,73573,2907,25.31
8,Call of Duty: Warzone,12,2021,52562076,2234477,456502,9068,133039,70743,3007,23.52
9,Apex Legends,12,2021,46483936,3100762,238755,7141,218911,62562,4173,14.99
10,Counter-Strike: Global Offensive,12,2021,45401155,914766,524450,2485,94162,61105,1231,49.63
11,Dota 2,12,2021,43235580,714724,210062,1759,35356,58190,961,60.49
12,Teamfight Tactics,12,2021,36178076,442008,139836,891,46618,48691,594,81.85
13,FIFA 22,12,2021,32133258,746730,239066,2609,82876,43247,1005,43.03
14,Music,12,2021,23072468,906163,263843,2706,48464,31053,1219,25.46
15,World of Warcraft,12,2021,22373247,777745,76285,3177,38289,30112,1046,28.77
16,Slots,12,2021,22209510,90913,94228,208,5000,29891,122,244.29
17,Dead by Daylight,12,2021,22054352,1460164,110737,3607,120934,29682,1965,15.1
18,Hearthstone,12,2021,20191997,140621,74749,530,9780,27176,189,143.59
19,Halo Infinite,12,2021,19484280,1050448,265291,7962,115398,26223,1413,18.55
20,Special Events,12,2021,16282141,73901,1563519,7016,13235,21914,99,220.32
21,Genshin Impact,12,2021,13837930,651735,537431,2179,62344,18624,877,21.23
22,Sports,12,2021,13437235,86779,307748,323,8626,18085,116,154.84
23,Pok<U+00E9>mon Brilliant Diamond/Shining Pearl,12,2021,12788808,399243,77502,1637,35098,17212,537,32.03
24,ASMR,12,2021,12614655,157716,43046,270,5931,16978,212,79.98
25,Final Fantasy XIV Online,12,2021,12423493,745478,81651,5406,32353,16720,1003,16.67
26,Rocket League,12,2021,11762122,693610,262428,2215,114708,15830,933,16.96
27,Chess,12,2021,10746987,54582,231630,204,5316,14464,73,196.9
28,PUBG: BATTLEGROUNDS,12,2021,9992721,420507,112552,901,25772,13449,565,23.76
29,New World,12,2021,9425992,292216,75379,765,16563,12686,393,32.26
30,Super People,12,2021,9173600,315610,98888,981,35864,12346,424,29.07
31,Path of Exile,12,2021,8737170,122866,96982,714,5029,11759,165,71.11
32,Art,12,2021,8684761,519336,36935,1065,51234,11688,698,16.72
33,Clash Royale,12,2021,8454142,86022,220507,287,14763,11378,115,98.28
34,Overwatch,12,2021,8003500,477729,55187,1087,50636,10771,642,16.75
35,LOST ARK,12,2021,7808935,169104,181255,759,5526,10510,227,46.18
36,Tom Clancy's Rainbow Six Siege,12,2021,7688187,567817,54163,1586,69242,10347,764,13.54
37,Destiny 2,12,2021,7599810,564719,70948,4175,41106,10228,760,13.46
38,World of Tanks,12,2021,7476632,177029,48576,605,10153,10062,238,42.23
39,Rust,12,2021,7019783,255313,41718,927,20424,9447,343,27.49
40,Call of Duty: Vanguard,12,2021,6910245,969314,81073,2851,89714,9300,1304,7.13
41,Propnight,12,2021,6906279,62311,124168,231,9671,9295,83,110.84
42,Five Nights at Freddy's: Security Breach,12,2021,6051686,146071,182578,991,25264,8144,196,41.43
43,Icarus,12,2021,5949760,172296,81817,935,12648,8007,231,34.53
44,Crypto,12,2021,5926225,86109,51842,182,3064,7976,115,68.82
45,Talk Shows & Podcasts,12,2021,5795357,162314,78282,608,11915,7799,218,35.7
46,Among Us,12,2021,5751558,158212,294779,648,38709,7740,212,36.35
47,Project Zomboid,12,2021,5607728,95138,94550,425,9127,7547,128,58.94
48,Super Smash Bros. Ultimate,12,2021,5575336,101946,125323,368,12113,7503,137,54.69
49,Poker,12,2021,5258705,72060,57049,350,3543,7077,96,72.98
50,Phasmophobia,12,2021,5010011,355079,77456,1900,64256,6742,477,14.11
51,Age of Empires IV,12,2021,4886529,60014,47531,196,5191,6576,80,81.42
52,Black Desert,12,2021,4844826,136273,71812,364,6351,6520,183,35.55
53,I'm Only Sleeping,12,2021,4731340,91225,72413,291,4212,6367,122,51.86
54,Old School RuneScape,12,2021,4662991,103381,18844,232,5157,6275,139,45.1
55,Fall Guys: Ultimate Knockout,12,2021,4562043,134484,320033,505,30546,6140,181,33.92
56,Sea of Thieves,12,2021,4542475,261729,47241,855,26356,6113,352,17.36
57,Virtual Casino,12,2021,4540861,18140,102735,59,1359,6111,24,250.32
58,Retro,12,2021,4288699,162017,32617,353,9604,5772,218,26.47
59,SMITE,12,2021,4191326,164820,25123,454,12852,5641,221,25.43
60,DayZ,12,2021,4091440,194341,32021,527,13419,5506,261,21.05
61,NBA 2K22,12,2021,3995633,369813,40015,1247,29005,5377,497,10.8
62,Diablo III,12,2021,3910409,89586,39145,766,6581,5263,120,43.65
63,Animal Crossing: New Horizons,12,2021,3894092,127978,58371,365,14416,5241,172,30.43
64,Magic: The Gathering,12,2021,3760470,59065,19979,160,4717,5061,79,63.67
65,Garena Free Fire,12,2021,3749038,181622,41033,475,13665,5045,244,20.64
66,Super Mario 64,12,2021,3741878,42567,103029,128,4293,5036,57,87.91
67,VRChat,12,2021,3605238,98100,48264,315,10550,4852,132,36.75
68,Farming Simulator 22,12,2021,3521857,199192,52545,791,13319,4740,268,17.68
69,Battlefield 2042,12,2021,3340741,298077,35544,1094,30733,4496,401,11.21
70,Dark Souls III,12,2021,3216663,180685,56764,479,18598,4329,243,17.8
71,Call Of Duty: Modern Warfare,12,2021,3139259,1612383,33616,5541,138571,4225,2170,1.95
72,"Pools, Hot Tubs, and Beaches",12,2021,3118737,38434,27311,83,2611,4197,51,81.15
73,Games + Demos,12,2021,2926747,375126,78624,923,50166,3939,504,7.8
74,Travel & Outdoors,12,2021,2877702,60185,98773,119,3399,3873,81,47.81
75,Hunt: Showdown,12,2021,2869974,212839,32052,648,13283,3862,286,13.48
76,World of Warships,12,2021,2778324,65818,23674,175,3667,3739,88,42.21
77,Food & Drink,12,2021,2733510,39743,115805,126,7262,3679,53,68.78
78,Heroes of Might and Magic III: The Restoration of Erathia,12,2021,2704494,24793,20717,74,778,3639,33,109.08
79,7 Days to Die,12,2021,2679730,199776,16537,683,14732,3606,268,13.41
80,Mario Kart 8 Deluxe,12,2021,2571309,29473,299217,143,7443,3460,39,87.24
81,Ready or Not,12,2021,2530168,47519,116526,276,9233,3405,63,53.25
82,Dread Hunger,12,2021,2464940,6122,42946,33,490,3317,8,402.64
83,Crab Game,12,2021,2403943,71549,124347,531,26835,3235,96,33.6
84,Dark Souls,12,2021,2377959,92651,24242,228,9500,3200,124,25.67
85,Super Smash Bros. Melee,12,2021,2365256,19528,87908,70,2104,3183,26,121.12
86,The Elder Scrolls V: Skyrim,12,2021,2361057,89761,29759,262,8067,3177,120,26.3
87,Roblox,12,2021,2348817,368576,70399,1042,54223,3161,496,6.37
88,Ark: Survival Evolved,12,2021,2214631,250305,12826,734,20401,2980,336,8.85
89,It Takes Two,12,2021,2177053,75642,139082,264,13500,2930,101,28.78
90,Mario Party Superstars,12,2021,2119764,26339,92039,125,5894,2852,35,80.48
91,The Binding of Isaac: Repentance,12,2021,2109701,49837,35858,141,5913,2839,67,42.33
92,Red Dead Redemption 2,12,2021,2101833,226322,21245,585,20266,2828,304,9.29
93,Madden NFL 22,12,2021,2094794,240047,26329,907,23726,2819,323,8.73
94,"Animals, Aquariums, and Zoos",12,2021,2089529,107859,13675,178,948,2812,145,19.37
95,F1 2021,12,2021,2075375,105664,20615,719,14764,2793,142,19.64
96,The Witcher 3: Wild Hunt,12,2021,2036305,100453,24446,440,11791,2740,135,20.27
97,Warframe,12,2021,2035272,175320,34248,1605,13809,2739,235,11.61
98,RimWorld,12,2021,1995827,31020,18889,79,2340,2686,41,64.34
99,StarCraft II,12,2021,1969769,41531,51153,99,2926,2651,55,47.43
100,Midnight Cinema,12,2021,1938459,22071,4412,42,295,2608,29,87.83
101,Forza Horizon 5,12,2021,1868129,172689,27791,686,27939,2514,232,10.82
102,Street Fighter V,12,2021,1814634,38970,53444,103,3505,2442,52,46.56
103,Diablo II: Resurrected,12,2021,1804400,100185,22235,236,4878,2428,134,18.01
104,Pok<U+00E9>mon Unite,12,2021,1794907,105672,29649,320,10079,2415,142,16.99
105,Tibia,12,2021,1791966,80584,15533,254,3483,2411,108,22.24
106,Marbles On Stream,12,2021,1741267,47020,61279,169,9688,2343,63,37.03
107,Dungeons & Dragons,12,2021,1726609,62247,82920,370,6546,2323,83,27.74
108,MapleStory,12,2021,1708207,60111,34604,193,2887,2299,80,28.42
109,The Legend of Zelda: Breath of the Wild,12,2021,1707514,51189,16656,143,5225,2298,68,33.36
110,Jump King,12,2021,1655266,9981,197554,46,2386,2227,13,165.84
111,League of Legends: Wild Rift,12,2021,1648986,92231,26813,207,6454,2219,124,17.88
112,TrackMania,12,2021,1621748,17039,44764,85,1838,2182,22,95.18
113,osu!,12,2021,1594126,180642,137602,397,28625,2145,243,8.82
114,MIR4,12,2021,1565522,69326,12005,223,3260,2107,93,22.58
115,iRacing,12,2021,1519257,70895,8640,350,5526,2044,95,21.43
116,Goose Goose Duck,12,2021,1498535,19421,42006,87,3667,2016,26,77.16
117,The Elder Scrolls Online,12,2021,1496850,71854,22314,189,5297,2014,96,20.83
118,StarCraft,12,2021,1496395,18448,53768,58,1001,2013,24,81.11
119,Happy's Humble Burger Farm,12,2021,1450451,7674,85421,51,1717,1952,10,189.01
120,The Sims 4,12,2021,1418044,80122,21958,240,13005,1908,107,17.7
121,Legends of Runeterra,12,2021,1409223,24070,15818,125,2718,1896,32,58.55
122,Sekiro: Shadows Die Twice,12,2021,1374411,61298,71702,183,6699,1849,82,22.42
123,Tekken 7,12,2021,1362187,56062,43146,115,5753,1833,75,24.3
124,Dark Souls II,12,2021,1330906,44897,9780,124,3973,1791,60,29.64
125,Star Citizen,12,2021,1328839,57034,7756,158,3038,1788,76,23.3
126,Axie Infinity,12,2021,1327265,43491,5694,111,3396,1786,58,30.52
127,Age of Empires II,12,2021,1325375,29864,32811,84,2261,1783,40,44.38
128,Escape Simulator,12,2021,1231007,22459,69646,104,5739,1656,30,54.81
129,Super Mario World,12,2021,1230363,19784,84216,62,1813,1655,26,62.19
130,Don't Starve Together,12,2021,1225529,45969,43086,115,6068,1649,61,26.66
131,Gartic Phone,12,2021,1204255,46813,34521,237,16493,1620,63,25.72
132,Lineage W,12,2021,1203113,10052,15023,37,245,1619,13,119.69
133,Super Mario Maker 2,12,2021,1202617,22564,10654,64,1991,1618,30,53.3
134,Football Manager 2022,12,2021,1179637,32481,7468,143,2169,1587,43,36.32
135,Warcraft III,12,2021,1153931,28530,30881,75,1370,1553,38,40.45
136,Detroit: Become Human,12,2021,1123955,25291,99519,85,3941,1512,34,44.44
137,Slay the Spire,12,2021,1121740,16081,26616,45,2317,1509,21,69.76
138,Naraka: Bladepoint,12,2021,1113032,29552,48063,111,2724,1498,39,37.66
139,Heroes of the Storm,12,2021,1107261,47359,6127,120,3135,1490,63,23.38
140,War Thunder,12,2021,1066575,72279,10270,191,6311,1435,97,14.76
141,Eternal Return,12,2021,1062852,47545,14694,142,3534,1430,63,22.35
142,VHS,12,2021,1045210,10527,16915,40,614,1406,14,99.29
143,Pok<U+00E9>mon Trading Card Game,12,2021,1044524,33386,13662,117,4195,1405,44,31.29
144,Dying Light,12,2021,1034319,47624,19982,157,6895,1392,64,21.72
145,Euro Truck Simulator 2,12,2021,1032590,101922,10640,391,12265,1389,137,10.13
146,Gwent: The Witcher Card Game,12,2021,1027929,12287,16942,45,870,1383,16,83.66
147,Paladins,12,2021,1019903,66205,2805,172,8019,1372,89,15.41
148,Stardew Valley,12,2021,1012639,117208,20482,334,17775,1362,157,8.64
149,Epic Seven,12,2021,982813,16991,12924,52,998,1322,22,57.84
150,Inscryption,12,2021,974582,47451,22704,162,7022,1311,63,20.54
151,Terraria,12,2021,967498,91277,17752,235,11729,1302,122,10.6
152,PUBG Mobile,12,2021,952764,93160,29762,234,5866,1282,125,10.23
153,Sid Meier's Civilization VI,12,2021,941432,20757,31832,65,2245,1267,27,45.35
154,Dragon Ball FighterZ,12,2021,940443,34235,19786,104,5540,1265,46,27.47
155,Hearts of Iron IV,12,2021,930691,17058,17299,74,1673,1252,22,54.56
156,Guilty Gear: Strive,12,2021,923808,34440,39267,208,4922,1243,46,26.82
157,Hollow Knight,12,2021,922682,72486,15173,209,9509,1241,97,12.73
158,Jackbox Party Packs,12,2021,887453,40527,39980,235,10493,1194,54,21.9
159,Science & Technology,12,2021,887109,71221,57155,160,3611,1193,95,12.46
160,Mount & Blade II: Bannerlord,12,2021,884359,19195,29150,58,1550,1190,25,46.07
161,Bloodborne,12,2021,880173,68551,8716,184,7264,1184,92,12.84
162,Makers & Crafting,12,2021,879765,69337,18600,170,6286,1184,93,12.69
163,Grand Theft Auto: San Andreas – The Definitive Edition,12,2021,873381,25857,17259,108,3969,1175,34,33.78
164,Conqueror's Blade,12,2021,871498,21485,10038,91,1088,1172,28,40.56
165,Dofus,12,2021,864044,22637,34561,82,1365,1162,30,38.17
166,GeoGuessr,12,2021,836977,18301,72346,61,4118,1126,24,45.73
167,Rubber Bandits,12,2021,833258,3536,89039,36,1906,1121,4,235.65
168,Software and Game Development,12,2021,814763,69821,4033,207,5410,1096,93,11.67
169,Call of Duty: Black Ops III,12,2021,810040,73978,63438,264,11205,1090,99,10.95
170,Yu-Gi-Oh! Duel Links,12,2021,804649,20441,6349,57,1967,1082,27,39.36
171,Bloons TD Battles 2,12,2021,799997,16695,18120,70,2954,1076,22,47.92
172,Stream Raiders,12,2021,790781,34842,4597,134,1531,1064,46,22.7
173,Satisfactory,12,2021,785593,61051,11755,198,4945,1057,82,12.87
174,Archvale,12,2021,781919,7525,36237,35,1338,1052,10,103.91
175,Krunker,12,2021,770614,23027,28974,71,3256,1037,30,33.47
176,Summoners War: Sky Arena,12,2021,766060,15135,8133,56,1135,1031,20,50.62
177,Just Dance 2022,12,2021,764805,5199,42403,24,894,1029,6,147.11
178,GTFO,12,2021,764653,25093,26283,137,4416,1029,33,30.47
179,Back 4 Blood,12,2021,762754,96514,19710,285,14288,1026,129,7.9
180,Pok<U+00E9>mon FireRed/LeafGreen,12,2021,761887,16397,4848,61,2228,1025,22,46.47
181,Raid: Shadow Legends,12,2021,758175,23930,6109,66,2715,1020,32,31.68
182,Knight Online,12,2021,754942,28697,8130,92,1174,1016,38,26.31
183,Brawl Stars,12,2021,753187,65930,21552,266,8500,1013,88,11.42
184,Monster Hunter: World,12,2021,751942,70949,5675,163,6916,1012,95,10.6
185,Thetan Arena,12,2021,742865,37133,7386,157,5470,999,49,20.01
186,The Elder Scrolls V: Skyrim Special Edition,12,2021,733964,82190,11520,214,8440,987,110,8.93
187,Pok<U+00E9>mon GO,12,2021,720100,22374,4116,83,1837,969,30,32.18
188,Watch Parties,12,2021,719526,14185,24905,48,3554,968,19,50.72
189,HITMAN,12,2021,715637,3194,9436,14,664,963,4,224.06
190,The Legend of Zelda: Ocarina of Time,12,2021,704383,42476,87517,207,3282,948,57,16.58
191,Lineage 2,12,2021,703241,50697,2722,192,1523,946,68,13.87
192,The Long Dark,12,2021,688245,23176,9719,62,2486,926,31,29.7
193,DNF Duel,12,2021,661281,8052,48533,465,1712,890,10,82.13
194,Hades,12,2021,656360,47075,27108,141,7287,883,63,13.94
195,Guild Wars 2,12,2021,655625,37889,5335,118,2610,882,50,17.3
196,Garry's Mod,12,2021,630902,21753,24951,99,3537,849,29,29.0
197,Call of Duty: Black Ops Cold War,12,2021,622497,223641,26559,654,25366,837,300,2.78
198,Noita,12,2021,620983,13935,27826,41,1961,835,18,44.56
199,Pro Soccer Online,12,2021,619859,606,36182,20,84,834,0,1022.87
200,Pok<U+00E9>mon Sword/Shield,12,2021,615725,42291,8878,106,4411,828,56,14.56
